[2026-03-05 12:22:58,211] <model-lifecycle-cache-refresh> DEBUG tasks  - Started task[model-lifecycle-cache-refresh]
[2026-03-05 12:22:58,598] <tracer> DEBUG tasks  - Started task[tracer]
[2026-03-05 12:22:58,651] <tracer> DEBUG tasks  - Finished task[tracer] in 52 ms
[2026-03-05 12:22:59,355] <model-lifecycle-cache-refresh> DEBUG tasks  - Finished task[model-lifecycle-cache-refresh] in 1145 ms
[2026-03-05 12:23:03,091] <ble_state_check> DEBUG tasks  - Started task[ble_state_check]
[2026-03-05 12:23:03,101] <ble_state_check> DEBUG tasks  - Finished task[ble_state_check] in 10 ms
[2026-03-05 12:23:03,651] <tracer> DEBUG tasks  - Started task[tracer]
[2026-03-05 12:23:03,652] <tracer> DEBUG tasks  - Finished task[tracer] in 1 ms
[2026-03-05 12:23:05,888] <device-state-check> DEBUG tasks  - Started task[device-state-check]
[2026-03-05 12:23:05,918] <device-state-check> DEBUG tasks  - Finished task[device-state-check] in 31 ms
[2026-03-05 12:23:08,102] <ble_state_check> DEBUG tasks  - Started task[ble_state_check]
[2026-03-05 12:23:08,102] <ble_state_check> DEBUG tasks  - Finished task[ble_state_check] in 0 ms
[2026-03-05 12:23:08,189] <stamgr> DEBUG tasks  - Started task[stamgr]
[2026-03-05 12:23:08,195] <stamgr> DEBUG tasks  - Finished task[stamgr] in 6 ms
[2026-03-05 12:23:08,197] <wss-connection> DEBUG tasks  - Started task[wss-connection]
[2026-03-05 12:23:08,197] <wss-connection> DEBUG tasks  - Finished task[wss-connection] in 0 ms
[2026-03-05 12:23:08,654] <tracer> DEBUG tasks  - Started task[tracer]
[2026-03-05 12:23:08,655] <tracer> DEBUG tasks  - Finished task[tracer] in 2 ms
[2026-03-05 12:23:08,792] <webrtc-connection> DEBUG tasks  - Started task[webrtc-connection]
[2026-03-05 12:23:08,793] <webrtc-connection> DEBUG tasks  - Finished task[webrtc-connection] in 1 ms
[2026-03-05 12:23:13,103] <ble_state_check> DEBUG tasks  - Started task[ble_state_check]
[2026-03-05 12:23:13,103] <ble_state_check> DEBUG tasks  - Finished task[ble_state_check] in 0 ms
[2026-03-05 12:23:13,208] <facebook-wifi-token-validation> DEBUG tasks  - Started task[facebook-wifi-token-validation]
[2026-03-05 12:23:13,210] <ips-alert-caching> DEBUG tasks  - Started task[ips-alert-caching]
[2026-03-05 12:23:13,213] <facebook-wifi-token-validation> DEBUG tasks  - Finished task[facebook-wifi-token-validation] in 5 ms
[2026-03-05 12:23:13,237] <ips-alert-caching> DEBUG tasks  - Finished task[ips-alert-caching] in 27 ms
[2026-03-05 12:23:13,655] <tracer> DEBUG tasks  - Started task[tracer]
[2026-03-05 12:23:13,655] <tracer> DEBUG tasks  - Finished task[tracer] in 0 ms
[2026-03-05 12:23:18,104] <ble_state_check> DEBUG tasks  - Started task[ble_state_check]
[2026-03-05 12:23:18,104] <ble_state_check> DEBUG tasks  - Finished task[ble_state_check] in 0 ms
[2026-03-05 12:23:18,656] <tracer> DEBUG tasks  - Started task[tracer]
[2026-03-05 12:23:18,656] <tracer> DEBUG tasks  - Finished task[tracer] in 0 ms
[2026-03-05 12:23:23,105] <ble_state_check> DEBUG tasks  - Started task[ble_state_check]
[2026-03-05 12:23:23,106] <ble_state_check> DEBUG tasks  - Finished task[ble_state_check] in 1 ms
[2026-03-05 12:23:23,657] <tracer> DEBUG tasks  - Started task[tracer]
[2026-03-05 12:23:23,657] <tracer> DEBUG tasks  - Finished task[tracer] in 0 ms
[2026-03-05 12:23:28,092] <ble_bridge_discovery> DEBUG tasks  - Started task[ble_bridge_discovery]
[2026-03-05 12:23:28,100] <ble_bridge_discovery> DEBUG tasks  - Finished task[ble_bridge_discovery] in 8 ms
[2026-03-05 12:23:28,107] <ble_state_check> DEBUG tasks  - Started task[ble_state_check]
[2026-03-05 12:23:28,108] <ble_state_check> DEBUG tasks  - Finished task[ble_state_check] in 1 ms
[2026-03-05 12:23:28,208] <lte-device-license-check> DEBUG tasks  - Started task[lte-device-license-check]
[2026-03-05 12:23:28,220] <lte-device-license-check> DEBUG tasks  - Finished task[lte-device-license-check] in 12 ms
[2026-03-05 12:23:28,658] <tracer> DEBUG tasks  - Started task[tracer]
[2026-03-05 12:23:28,659] <tracer> DEBUG tasks  - Finished task[tracer] in 1 ms
[2026-03-05 12:23:33,109] <ble_state_check> DEBUG tasks  - Started task[ble_state_check]
[2026-03-05 12:23:33,109] <ble_state_check> DEBUG tasks  - Finished task[ble_state_check] in 1 ms
[2026-03-05 12:23:33,659] <tracer> DEBUG tasks  - Started task[tracer]
[2026-03-05 12:23:33,659] <tracer> DEBUG tasks  - Finished task[tracer] in 0 ms
[2026-03-05 12:23:38,110] <ble_state_check> DEBUG tasks  - Started task[ble_state_check]
[2026-03-05 12:23:38,113] <ble_state_check> DEBUG tasks  - Finished task[ble_state_check] in 3 ms
[2026-03-05 12:23:38,660] <tracer> DEBUG tasks  - Started task[tracer]
[2026-03-05 12:23:38,663] <tracer> DEBUG tasks  - Finished task[tracer] in 1 ms
[2026-03-05 12:23:43,118] <ble_state_check> DEBUG tasks  - Started task[ble_state_check]
[2026-03-05 12:23:43,122] <ble_state_check> DEBUG tasks  - Finished task[ble_state_check] in 4 ms
[2026-03-05 12:23:43,674] <tracer> DEBUG tasks  - Started task[tracer]
[2026-03-05 12:23:43,675] <tracer> DEBUG tasks  - Finished task[tracer] in 1 ms
[2026-03-05 12:23:48,131] <ble_state_check> DEBUG tasks  - Started task[ble_state_check]
[2026-03-05 12:23:48,131] <ble_state_check> DEBUG tasks  - Finished task[ble_state_check] in 0 ms
[2026-03-05 12:23:48,675] <tracer> DEBUG tasks  - Started task[tracer]
[2026-03-05 12:23:48,676] <tracer> DEBUG tasks  - Finished task[tracer] in 1 ms
[2026-03-05 12:23:53,132] <ble_state_check> DEBUG tasks  - Started task[ble_state_check]
[2026-03-05 12:23:53,133] <ble_state_check> DEBUG tasks  - Finished task[ble_state_check] in 1 ms
[2026-03-05 12:23:53,676] <tracer> DEBUG tasks  - Started task[tracer]
[2026-03-05 12:23:53,677] <tracer> DEBUG tasks  - Finished task[tracer] in 1 ms
[2026-03-05 12:23:58,070] <autolink-registry-flush> DEBUG tasks  - Started task[autolink-registry-flush]
[2026-03-05 12:23:58,070] <autolink-registry-flush> DEBUG tasks  - Finished task[autolink-registry-flush] in 0 ms
[2026-03-05 12:23:58,090] <live-performance-analytics> DEBUG tasks  - Started task[live-performance-analytics]
[2026-03-05 12:23:58,091] <trigger-throttling-cache-flush> DEBUG tasks  - Started task[trigger-throttling-cache-flush]
[2026-03-05 12:23:58,094] <live-performance-analytics> DEBUG tasks  - Finished task[live-performance-analytics] in 4 ms
[2026-03-05 12:23:58,094] <trigger-throttling-cache-flush> DEBUG tasks  - Finished task[trigger-throttling-cache-flush] in 4 ms
[2026-03-05 12:23:58,101] <ble_bridge_discovery> DEBUG tasks  - Started task[ble_bridge_discovery]
[2026-03-05 12:23:58,101] <ble_bridge_discovery> DEBUG tasks  - Finished task[ble_bridge_discovery] in 0 ms
[2026-03-05 12:23:58,134] <ble_state_check> DEBUG tasks  - Started task[ble_state_check]
[2026-03-05 12:23:58,142] <ble_state_check> DEBUG tasks  - Finished task[ble_state_check] in 8 ms
[2026-03-05 12:23:58,189] <crash-report> DEBUG tasks  - Started task[crash-report]
[2026-03-05 12:23:58,190] <check-network-interfaces> DEBUG tasks  - Started task[check-network-interfaces]
[2026-03-05 12:23:58,193] <check-network-interfaces> DEBUG tasks  - Finished task[check-network-interfaces] in 3 ms
[2026-03-05 12:23:58,196] <autoupdate-check> DEBUG tasks  - Started task[autoupdate-check]
[2026-03-05 12:23:58,196] <disk-usage-check> DEBUG tasks  - Started task[disk-usage-check]
[2026-03-05 12:23:58,199] <crash-report> DEBUG tasks  - Finished task[crash-report] in 10 ms
[2026-03-05 12:23:58,200] <sdn-connection> DEBUG tasks  - Started task[sdn-connection]
[2026-03-05 12:23:58,200] <sdn-connection> DEBUG tasks  - Finished task[sdn-connection] in 0 ms
[2026-03-05 12:23:58,210] <cache> DEBUG tasks  - Started task[cache]
[2026-03-05 12:23:58,211] <cache> DEBUG tasks  - Finished task[cache] in 1 ms
[2026-03-05 12:23:58,215] <disk-usage-check> DEBUG tasks  - Finished task[disk-usage-check] in 19 ms
[2026-03-05 12:23:58,218] <print-time-series-cache-stats> DEBUG tasks  - Started task[print-time-series-cache-stats]
[2026-03-05 12:23:58,218] <print-time-series-cache-stats> DEBUG tasks  - Finished task[print-time-series-cache-stats] in 0 ms
[2026-03-05 12:23:58,684] <tracer> DEBUG tasks  - Started task[tracer]
[2026-03-05 12:23:58,685] <tracer> DEBUG tasks  - Finished task[tracer] in 1 ms
[2026-03-05 12:23:59,460] <autoupdate-check> DEBUG tasks  - Finished task[autoupdate-check] in 1264 ms
[2026-03-05 12:24:03,144] <ble_state_check> DEBUG tasks  - Started task[ble_state_check]
[2026-03-05 12:24:03,145] <ble_state_check> DEBUG tasks  - Finished task[ble_state_check] in 1 ms
[2026-03-05 12:24:03,686] <tracer> DEBUG tasks  - Started task[tracer]
[2026-03-05 12:24:03,689] <tracer> DEBUG tasks  - Finished task[tracer] in 4 ms
[2026-03-05 12:24:05,923] <device-state-check> DEBUG tasks  - Started task[device-state-check]
[2026-03-05 12:24:05,928] <device-state-check> DEBUG tasks  - Finished task[device-state-check] in 5 ms
[2026-03-05 12:24:08,146] <ble_state_check> DEBUG tasks  - Started task[ble_state_check]
[2026-03-05 12:24:08,147] <ble_state_check> DEBUG tasks  - Finished task[ble_state_check] in 1 ms
[2026-03-05 12:24:08,195] <stamgr> DEBUG tasks  - Started task[stamgr]
[2026-03-05 12:24:08,196] <stamgr> DEBUG tasks  - Finished task[stamgr] in 1 ms
[2026-03-05 12:24:08,689] <tracer> DEBUG tasks  - Started task[tracer]
[2026-03-05 12:24:08,690] <tracer> DEBUG tasks  - Finished task[tracer] in 1 ms
[2026-03-05 12:24:08,793] <webrtc-connection> DEBUG tasks  - Started task[webrtc-connection]
[2026-03-05 12:24:08,794] <webrtc-connection> DEBUG tasks  - Finished task[webrtc-connection] in 1 ms
[2026-03-05 12:24:13,147] <ble_state_check> DEBUG tasks  - Started task[ble_state_check]
[2026-03-05 12:24:13,148] <ble_state_check> DEBUG tasks  - Finished task[ble_state_check] in 1 ms
[2026-03-05 12:24:13,690] <tracer> DEBUG tasks  - Started task[tracer]
[2026-03-05 12:24:13,695] <tracer> DEBUG tasks  - Finished task[tracer] in 5 ms
[2026-03-05 12:24:18,149] <ble_state_check> DEBUG tasks  - Started task[ble_state_check]
[2026-03-05 12:24:18,149] <ble_state_check> DEBUG tasks  - Finished task[ble_state_check] in 0 ms
[2026-03-05 12:24:18,695] <tracer> DEBUG tasks  - Started task[tracer]
[2026-03-05 12:24:18,696] <tracer> DEBUG tasks  - Finished task[tracer] in 1 ms
[2026-03-05 12:24:23,150] <ble_state_check> DEBUG tasks  - Started task[ble_state_check]
[2026-03-05 12:24:23,151] <ble_state_check> DEBUG tasks  - Finished task[ble_state_check] in 1 ms
[2026-03-05 12:24:23,697] <tracer> DEBUG tasks  - Started task[tracer]
[2026-03-05 12:24:23,698] <tracer> DEBUG tasks  - Finished task[tracer] in 0 ms
[2026-03-05 12:24:28,102] <ble_bridge_discovery> DEBUG tasks  - Started task[ble_bridge_discovery]
[2026-03-05 12:24:28,103] <ble_bridge_discovery> DEBUG tasks  - Finished task[ble_bridge_discovery] in 1 ms
[2026-03-05 12:24:28,151] <ble_state_check> DEBUG tasks  - Started task[ble_state_check]
[2026-03-05 12:24:28,152] <ble_state_check> DEBUG tasks  - Finished task[ble_state_check] in 1 ms
[2026-03-05 12:24:28,698] <tracer> DEBUG tasks  - Started task[tracer]
[2026-03-05 12:24:28,699] <tracer> DEBUG tasks  - Finished task[tracer] in 1 ms
[2026-03-05 12:24:33,153] <ble_state_check> DEBUG tasks  - Started task[ble_state_check]
[2026-03-05 12:24:33,153] <ble_state_check> DEBUG tasks  - Finished task[ble_state_check] in 1 ms
[2026-03-05 12:24:33,699] <tracer> DEBUG tasks  - Started task[tracer]
[2026-03-05 12:24:33,700] <tracer> DEBUG tasks  - Finished task[tracer] in 1 ms
[2026-03-05 12:24:38,154] <ble_state_check> DEBUG tasks  - Started task[ble_state_check]
[2026-03-05 12:24:38,155] <ble_state_check> DEBUG tasks  - Finished task[ble_state_check] in 1 ms
[2026-03-05 12:24:38,701] <tracer> DEBUG tasks  - Started task[tracer]
[2026-03-05 12:24:38,701] <tracer> DEBUG tasks  - Finished task[tracer] in 1 ms
[2026-03-05 12:24:43,155] <ble_state_check> DEBUG tasks  - Started task[ble_state_check]
[2026-03-05 12:24:43,156] <ble_state_check> DEBUG tasks  - Finished task[ble_state_check] in 1 ms
[2026-03-05 12:24:43,702] <tracer> DEBUG tasks  - Started task[tracer]
[2026-03-05 12:24:43,702] <tracer> DEBUG tasks  - Finished task[tracer] in 0 ms
[2026-03-05 12:24:48,157] <ble_state_check> DEBUG tasks  - Started task[ble_state_check]
[2026-03-05 12:24:48,157] <ble_state_check> DEBUG tasks  - Finished task[ble_state_check] in 0 ms
[2026-03-05 12:24:48,703] <tracer> DEBUG tasks  - Started task[tracer]
[2026-03-05 12:24:48,706] <tracer> DEBUG tasks  - Finished task[tracer] in 3 ms
[2026-03-05 12:24:53,158] <ble_state_check> DEBUG tasks  - Started task[ble_state_check]
[2026-03-05 12:24:53,159] <ble_state_check> DEBUG tasks  - Finished task[ble_state_check] in 1 ms
[2026-03-05 12:24:53,707] <tracer> DEBUG tasks  - Started task[tracer]
[2026-03-05 12:24:53,708] <tracer> DEBUG tasks  - Finished task[tracer] in 1 ms
[2026-03-05 12:24:58,071] <autolink-registry-flush> DEBUG tasks  - Started task[autolink-registry-flush]
[2026-03-05 12:24:58,072] <autolink-registry-flush> DEBUG tasks  - Finished task[autolink-registry-flush] in 1 ms
[2026-03-05 12:24:58,094] <live-performance-analytics> DEBUG tasks  - Started task[live-performance-analytics]
[2026-03-05 12:24:58,096] <live-performance-analytics> DEBUG tasks  - Finished task[live-performance-analytics] in 2 ms
[2026-03-05 12:24:58,094] <trigger-throttling-cache-flush> DEBUG tasks  - Started task[trigger-throttling-cache-flush]
[2026-03-05 12:24:58,099] <trigger-throttling-cache-flush> DEBUG tasks  - Finished task[trigger-throttling-cache-flush] in 5 ms
[2026-03-05 12:24:58,103] <ble_bridge_discovery> DEBUG tasks  - Started task[ble_bridge_discovery]
[2026-03-05 12:24:58,104] <ble_bridge_discovery> DEBUG tasks  - Finished task[ble_bridge_discovery] in 1 ms
[2026-03-05 12:24:58,160] <ble_state_check> DEBUG tasks  - Started task[ble_state_check]
[2026-03-05 12:24:58,160] <ble_state_check> DEBUG tasks  - Finished task[ble_state_check] in 0 ms
[2026-03-05 12:24:58,193] <check-network-interfaces> DEBUG tasks  - Started task[check-network-interfaces]
[2026-03-05 12:24:58,195] <check-network-interfaces> DEBUG tasks  - Finished task[check-network-interfaces] in 2 ms
[2026-03-05 12:24:58,709] <tracer> DEBUG tasks  - Started task[tracer]
[2026-03-05 12:24:58,709] <tracer> DEBUG tasks  - Finished task[tracer] in 1 ms
[2026-03-05 12:25:03,161] <ble_state_check> DEBUG tasks  - Started task[ble_state_check]
[2026-03-05 12:25:03,161] <ble_state_check> DEBUG tasks  - Finished task[ble_state_check] in 0 ms
[2026-03-05 12:25:03,710] <tracer> DEBUG tasks  - Started task[tracer]
[2026-03-05 12:25:03,710] <tracer> DEBUG tasks  - Finished task[tracer] in 0 ms
[2026-03-05 12:25:05,931] <device-state-check> DEBUG tasks  - Started task[device-state-check]
[2026-03-05 12:25:05,940] <device-state-check> DEBUG tasks  - Finished task[device-state-check] in 9 ms
[2026-03-05 12:25:08,162] <ble_state_check> DEBUG tasks  - Started task[ble_state_check]
[2026-03-05 12:25:08,163] <ble_state_check> DEBUG tasks  - Finished task[ble_state_check] in 1 ms
[2026-03-05 12:25:08,197] <stamgr> DEBUG tasks  - Started task[stamgr]
[2026-03-05 12:25:08,197] <stamgr> DEBUG tasks  - Finished task[stamgr] in 0 ms
[2026-03-05 12:25:08,711] <tracer> DEBUG tasks  - Started task[tracer]
[2026-03-05 12:25:08,711] <tracer> DEBUG tasks  - Finished task[tracer] in 0 ms
[2026-03-05 12:25:08,795] <webrtc-connection> DEBUG tasks  - Started task[webrtc-connection]
[2026-03-05 12:25:08,795] <webrtc-connection> DEBUG tasks  - Finished task[webrtc-connection] in 0 ms
[2026-03-05 12:25:13,163] <ble_state_check> DEBUG tasks  - Started task[ble_state_check]
[2026-03-05 12:25:13,164] <ble_state_check> DEBUG tasks  - Finished task[ble_state_check] in 1 ms
[2026-03-05 12:25:13,712] <tracer> DEBUG tasks  - Started task[tracer]
[2026-03-05 12:25:13,712] <tracer> DEBUG tasks  - Finished task[tracer] in 0 ms
[2026-03-05 12:25:18,165] <ble_state_check> DEBUG tasks  - Started task[ble_state_check]
[2026-03-05 12:25:18,165] <ble_state_check> DEBUG tasks  - Finished task[ble_state_check] in 0 ms
[2026-03-05 12:25:18,713] <tracer> DEBUG tasks  - Started task[tracer]
[2026-03-05 12:25:18,713] <tracer> DEBUG tasks  - Finished task[tracer] in 0 ms
[2026-03-05 12:25:23,166] <ble_state_check> DEBUG tasks  - Started task[ble_state_check]
[2026-03-05 12:25:23,167] <ble_state_check> DEBUG tasks  - Finished task[ble_state_check] in 1 ms
[2026-03-05 12:25:23,714] <tracer> DEBUG tasks  - Started task[tracer]
[2026-03-05 12:25:23,715] <tracer> DEBUG tasks  - Finished task[tracer] in 1 ms
[2026-03-05 12:25:28,105] <ble_bridge_discovery> DEBUG tasks  - Started task[ble_bridge_discovery]
[2026-03-05 12:25:28,105] <ble_bridge_discovery> DEBUG tasks  - Finished task[ble_bridge_discovery] in 1 ms
[2026-03-05 12:25:28,167] <ble_state_check> DEBUG tasks  - Started task[ble_state_check]
[2026-03-05 12:25:28,168] <ble_state_check> DEBUG tasks  - Finished task[ble_state_check] in 1 ms
[2026-03-05 12:25:28,715] <tracer> DEBUG tasks  - Started task[tracer]
[2026-03-05 12:25:28,716] <tracer> DEBUG tasks  - Finished task[tracer] in 1 ms
[2026-03-05 12:25:33,169] <ble_state_check> DEBUG tasks  - Started task[ble_state_check]
[2026-03-05 12:25:33,169] <ble_state_check> DEBUG tasks  - Finished task[ble_state_check] in 0 ms
[2026-03-05 12:25:33,724] <tracer> DEBUG tasks  - Started task[tracer]
[2026-03-05 12:25:33,726] <tracer> DEBUG tasks  - Finished task[tracer] in 2 ms
[2026-03-05 12:25:38,170] <ble_state_check> DEBUG tasks  - Started task[ble_state_check]
[2026-03-05 12:25:38,174] <ble_state_check> DEBUG tasks  - Finished task[ble_state_check] in 4 ms
[2026-03-05 12:25:38,727] <tracer> DEBUG tasks  - Started task[tracer]
[2026-03-05 12:25:38,727] <tracer> DEBUG tasks  - Finished task[tracer] in 1 ms
[2026-03-05 12:25:43,175] <ble_state_check> DEBUG tasks  - Started task[ble_state_check]
[2026-03-05 12:25:43,175] <ble_state_check> DEBUG tasks  - Finished task[ble_state_check] in 0 ms
[2026-03-05 12:25:43,727] <tracer> DEBUG tasks  - Started task[tracer]
[2026-03-05 12:25:43,728] <tracer> DEBUG tasks  - Finished task[tracer] in 1 ms
[2026-03-05 12:25:48,176] <ble_state_check> DEBUG tasks  - Started task[ble_state_check]
[2026-03-05 12:25:48,177] <ble_state_check> DEBUG tasks  - Finished task[ble_state_check] in 1 ms
[2026-03-05 12:25:48,728] <tracer> DEBUG tasks  - Started task[tracer]
[2026-03-05 12:25:48,729] <tracer> DEBUG tasks  - Finished task[tracer] in 1 ms
[2026-03-05 12:25:53,182] <ble_state_check> DEBUG tasks  - Started task[ble_state_check]
[2026-03-05 12:25:53,183] <ble_state_check> DEBUG tasks  - Finished task[ble_state_check] in 1 ms
[2026-03-05 12:25:53,730] <tracer> DEBUG tasks  - Started task[tracer]
[2026-03-05 12:25:53,730] <tracer> DEBUG tasks  - Finished task[tracer] in 1 ms
[2026-03-05 12:25:56,196] <duplicate-ip-service> DEBUG tasks  - Started task[duplicate-ip-service]
[2026-03-05 12:25:56,215] <duplicate-ip-service> DEBUG tasks  - Finished task[duplicate-ip-service] in 19 ms
[2026-03-05 12:25:56,227] <document-pruning-by-count> DEBUG tasks  - Started task[document-pruning-by-count]
[2026-03-05 12:25:56,248] <document-pruning-by-count> DEBUG tasks  - Finished task[document-pruning-by-count] in 21 ms
[2026-03-05 12:25:58,073] <autolink-registry-flush> DEBUG tasks  - Started task[autolink-registry-flush]
[2026-03-05 12:25:58,073] <autolink-registry-flush> DEBUG tasks  - Finished task[autolink-registry-flush] in 0 ms
[2026-03-05 12:25:58,097] <live-performance-analytics> DEBUG tasks  - Started task[live-performance-analytics]
[2026-03-05 12:25:58,097] <live-performance-analytics> DEBUG tasks  - Finished task[live-performance-analytics] in 0 ms
[2026-03-05 12:25:58,099] <trigger-throttling-cache-flush> DEBUG tasks  - Started task[trigger-throttling-cache-flush]
[2026-03-05 12:25:58,100] <trigger-throttling-cache-flush> DEBUG tasks  - Finished task[trigger-throttling-cache-flush] in 1 ms
[2026-03-05 12:25:58,106] <ble_bridge_discovery> DEBUG tasks  - Started task[ble_bridge_discovery]
[2026-03-05 12:25:58,107] <ble_bridge_discovery> DEBUG tasks  - Finished task[ble_bridge_discovery] in 1 ms
[2026-03-05 12:25:58,183] <ble_state_check> DEBUG tasks  - Started task[ble_state_check]
[2026-03-05 12:25:58,184] <ble_state_check> DEBUG tasks  - Finished task[ble_state_check] in 1 ms
[2026-03-05 12:25:58,190] <scan-cache-clean> DEBUG tasks  - Started task[scan-cache-clean]
[2026-03-05 12:25:58,195] <check-network-interfaces> DEBUG tasks  - Started task[check-network-interfaces]
[2026-03-05 12:25:58,197] <check-network-interfaces> DEBUG tasks  - Finished task[check-network-interfaces] in 2 ms
[2026-03-05 12:25:58,199] <scan-cache-clean> DEBUG tasks  - Finished task[scan-cache-clean] in 10 ms
[2026-03-05 12:25:58,731] <tracer> DEBUG tasks  - Started task[tracer]
[2026-03-05 12:25:58,731] <tracer> DEBUG tasks  - Finished task[tracer] in 0 ms
[2026-03-05 12:26:03,184] <ble_state_check> DEBUG tasks  - Started task[ble_state_check]
[2026-03-05 12:26:03,185] <ble_state_check> DEBUG tasks  - Finished task[ble_state_check] in 1 ms
[2026-03-05 12:26:03,732] <tracer> DEBUG tasks  - Started task[tracer]
[2026-03-05 12:26:03,733] <tracer> DEBUG tasks  - Finished task[tracer] in 1 ms
[2026-03-05 12:26:05,941] <device-state-check> DEBUG tasks  - Started task[device-state-check]
[2026-03-05 12:26:05,946] <device-state-check> DEBUG tasks  - Finished task[device-state-check] in 5 ms
[2026-03-05 12:26:08,186] <ble_state_check> DEBUG tasks  - Started task[ble_state_check]
[2026-03-05 12:26:08,186] <ble_state_check> DEBUG tasks  - Finished task[ble_state_check] in 0 ms
[2026-03-05 12:26:08,198] <stamgr> DEBUG tasks  - Started task[stamgr]
[2026-03-05 12:26:08,198] <stamgr> DEBUG tasks  - Finished task[stamgr] in 0 ms
[2026-03-05 12:26:08,733] <tracer> DEBUG tasks  - Started task[tracer]
[2026-03-05 12:26:08,733] <tracer> DEBUG tasks  - Finished task[tracer] in 0 ms
[2026-03-05 12:26:08,796] <webrtc-connection> DEBUG tasks  - Started task[webrtc-connection]
[2026-03-05 12:26:08,796] <webrtc-connection> DEBUG tasks  - Finished task[webrtc-connection] in 1 ms
[2026-03-05 12:26:11,074] <wifi-connection-events-prune> DEBUG tasks  - Started task[wifi-connection-events-prune]
[2026-03-05 12:26:11,094] <wifi-connection-events-prune> DEBUG tasks  - Finished task[wifi-connection-events-prune] in 21 ms
[2026-03-05 12:26:13,187] <ble_state_check> DEBUG tasks  - Started task[ble_state_check]
[2026-03-05 12:26:13,188] <ble_state_check> DEBUG tasks  - Finished task[ble_state_check] in 1 ms
[2026-03-05 12:26:13,734] <tracer> DEBUG tasks  - Started task[tracer]
[2026-03-05 12:26:13,735] <tracer> DEBUG tasks  - Finished task[tracer] in 1 ms
[2026-03-05 12:26:18,188] <ble_state_check> DEBUG tasks  - Started task[ble_state_check]
[2026-03-05 12:26:18,189] <ble_state_check> DEBUG tasks  - Finished task[ble_state_check] in 1 ms
[2026-03-05 12:26:18,735] <tracer> DEBUG tasks  - Started task[tracer]
[2026-03-05 12:26:18,736] <tracer> DEBUG tasks  - Finished task[tracer] in 1 ms
[2026-03-05 12:26:23,190] <ble_state_check> DEBUG tasks  - Started task[ble_state_check]
[2026-03-05 12:26:23,190] <ble_state_check> DEBUG tasks  - Finished task[ble_state_check] in 0 ms
[2026-03-05 12:26:23,737] <tracer> DEBUG tasks  - Started task[tracer]
[2026-03-05 12:26:23,737] <tracer> DEBUG tasks  - Finished task[tracer] in 0 ms
[2026-03-05 12:26:28,107] <ble_bridge_discovery> DEBUG tasks  - Started task[ble_bridge_discovery]
[2026-03-05 12:26:28,108] <ble_bridge_discovery> DEBUG tasks  - Finished task[ble_bridge_discovery] in 1 ms
[2026-03-05 12:26:28,191] <ble_state_check> DEBUG tasks  - Started task[ble_state_check]
[2026-03-05 12:26:28,191] <ble_state_check> DEBUG tasks  - Finished task[ble_state_check] in 0 ms
[2026-03-05 12:26:28,738] <tracer> DEBUG tasks  - Started task[tracer]
[2026-03-05 12:26:28,738] <tracer> DEBUG tasks  - Finished task[tracer] in 0 ms
[2026-03-05 12:26:33,192] <ble_state_check> DEBUG tasks  - Started task[ble_state_check]
[2026-03-05 12:26:33,192] <ble_state_check> DEBUG tasks  - Finished task[ble_state_check] in 0 ms
[2026-03-05 12:26:33,738] <tracer> DEBUG tasks  - Started task[tracer]
[2026-03-05 12:26:33,739] <tracer> DEBUG tasks  - Finished task[tracer] in 1 ms
[2026-03-05 12:26:38,193] <ble_state_check> DEBUG tasks  - Started task[ble_state_check]
[2026-03-05 12:26:38,194] <ble_state_check> DEBUG tasks  - Finished task[ble_state_check] in 1 ms
[2026-03-05 12:26:38,740] <tracer> DEBUG tasks  - Started task[tracer]
[2026-03-05 12:26:38,740] <tracer> DEBUG tasks  - Finished task[tracer] in 0 ms
[2026-03-05 12:26:43,194] <ble_state_check> DEBUG tasks  - Started task[ble_state_check]
[2026-03-05 12:26:43,195] <ble_state_check> DEBUG tasks  - Finished task[ble_state_check] in 1 ms
[2026-03-05 12:26:43,740] <tracer> DEBUG tasks  - Started task[tracer]
[2026-03-05 12:26:43,741] <tracer> DEBUG tasks  - Finished task[tracer] in 1 ms
[2026-03-05 12:26:48,196] <ble_state_check> DEBUG tasks  - Started task[ble_state_check]
[2026-03-05 12:26:48,197] <ble_state_check> DEBUG tasks  - Finished task[ble_state_check] in 1 ms
[2026-03-05 12:26:48,741] <tracer> DEBUG tasks  - Started task[tracer]
[2026-03-05 12:26:48,742] <tracer> DEBUG tasks  - Finished task[tracer] in 1 ms
[2026-03-05 12:26:53,197] <ble_state_check> DEBUG tasks  - Started task[ble_state_check]
[2026-03-05 12:26:53,198] <ble_state_check> DEBUG tasks  - Finished task[ble_state_check] in 1 ms
[2026-03-05 12:26:53,742] <tracer> DEBUG tasks  - Started task[tracer]
[2026-03-05 12:26:53,743] <tracer> DEBUG tasks  - Finished task[tracer] in 1 ms
[2026-03-05 12:26:55,955] <device-connect-incidents> DEBUG tasks  - Started task[device-connect-incidents]
[2026-03-05 12:26:55,957] <device-connect-incidents> DEBUG tasks  - Finished task[device-connect-incidents] in 3 ms
[2026-03-05 12:26:56,216] <duplicate-ip-service> DEBUG tasks  - Started task[duplicate-ip-service]
[2026-03-05 12:26:56,220] <duplicate-ip-service> DEBUG tasks  - Finished task[duplicate-ip-service] in 4 ms
[2026-03-05 12:26:58,079] <autolink-registry-flush> DEBUG tasks  - Started task[autolink-registry-flush]
[2026-03-05 12:26:58,080] <autolink-registry-flush> DEBUG tasks  - Finished task[autolink-registry-flush] in 1 ms
[2026-03-05 12:26:58,098] <live-performance-analytics> DEBUG tasks  - Started task[live-performance-analytics]
[2026-03-05 12:26:58,098] <live-performance-analytics> DEBUG tasks  - Finished task[live-performance-analytics] in 0 ms
[2026-03-05 12:26:58,100] <trigger-throttling-cache-flush> DEBUG tasks  - Started task[trigger-throttling-cache-flush]
[2026-03-05 12:26:58,100] <trigger-throttling-cache-flush> DEBUG tasks  - Finished task[trigger-throttling-cache-flush] in 0 ms
[2026-03-05 12:26:58,108] <ble_bridge_discovery> DEBUG tasks  - Started task[ble_bridge_discovery]
[2026-03-05 12:26:58,109] <ble_bridge_discovery> DEBUG tasks  - Finished task[ble_bridge_discovery] in 1 ms
[2026-03-05 12:26:58,197] <check-network-interfaces> DEBUG tasks  - Started task[check-network-interfaces]
[2026-03-05 12:26:58,198] <check-network-interfaces> DEBUG tasks  - Finished task[check-network-interfaces] in 1 ms
[2026-03-05 12:26:58,201] <ble_state_check> DEBUG tasks  - Started task[ble_state_check]
[2026-03-05 12:26:58,201] <ble_state_check> DEBUG tasks  - Finished task[ble_state_check] in 0 ms
[2026-03-05 12:26:58,743] <tracer> DEBUG tasks  - Started task[tracer]
[2026-03-05 12:26:58,744] <tracer> DEBUG tasks  - Finished task[tracer] in 1 ms
[2026-03-05 12:27:03,202] <ble_state_check> DEBUG tasks  - Started task[ble_state_check]
[2026-03-05 12:27:03,203] <ble_state_check> DEBUG tasks  - Finished task[ble_state_check] in 1 ms
[2026-03-05 12:27:03,744] <tracer> DEBUG tasks  - Started task[tracer]
[2026-03-05 12:27:03,745] <tracer> DEBUG tasks  - Finished task[tracer] in 1 ms
[2026-03-05 12:27:05,949] <device-state-check> DEBUG tasks  - Started task[device-state-check]
[2026-03-05 12:27:05,954] <device-state-check> DEBUG tasks  - Finished task[device-state-check] in 5 ms
[2026-03-05 12:27:08,199] <stamgr> DEBUG tasks  - Started task[stamgr]
[2026-03-05 12:27:08,200] <stamgr> DEBUG tasks  - Finished task[stamgr] in 0 ms
[2026-03-05 12:27:08,203] <ble_state_check> DEBUG tasks  - Started task[ble_state_check]
[2026-03-05 12:27:08,204] <ble_state_check> DEBUG tasks  - Finished task[ble_state_check] in 1 ms
[2026-03-05 12:27:08,745] <tracer> DEBUG tasks  - Started task[tracer]
[2026-03-05 12:27:08,746] <tracer> DEBUG tasks  - Finished task[tracer] in 1 ms
[2026-03-05 12:27:08,796] <webrtc-connection> DEBUG tasks  - Started task[webrtc-connection]
[2026-03-05 12:27:08,797] <webrtc-connection> DEBUG tasks  - Finished task[webrtc-connection] in 1 ms
[2026-03-05 12:27:13,204] <ble_state_check> DEBUG tasks  - Started task[ble_state_check]
[2026-03-05 12:27:13,205] <ble_state_check> DEBUG tasks  - Finished task[ble_state_check] in 1 ms
[2026-03-05 12:27:13,746] <tracer> DEBUG tasks  - Started task[tracer]
[2026-03-05 12:27:13,747] <tracer> DEBUG tasks  - Finished task[tracer] in 1 ms
[2026-03-05 12:27:18,206] <ble_state_check> DEBUG tasks  - Started task[ble_state_check]
[2026-03-05 12:27:18,206] <ble_state_check> DEBUG tasks  - Finished task[ble_state_check] in 0 ms
[2026-03-05 12:27:18,747] <tracer> DEBUG tasks  - Started task[tracer]
[2026-03-05 12:27:18,748] <tracer> DEBUG tasks  - Finished task[tracer] in 1 ms
[2026-03-05 12:27:23,208] <ble_state_check> DEBUG tasks  - Started task[ble_state_check]
[2026-03-05 12:27:23,208] <ble_state_check> DEBUG tasks  - Finished task[ble_state_check] in 0 ms
[2026-03-05 12:27:23,748] <tracer> DEBUG tasks  - Started task[tracer]
[2026-03-05 12:27:23,749] <tracer> DEBUG tasks  - Finished task[tracer] in 1 ms
[2026-03-05 12:27:25,958] <device-connect-incidents> DEBUG tasks  - Started task[device-connect-incidents]
[2026-03-05 12:27:25,958] <device-connect-incidents> DEBUG tasks  - Finished task[device-connect-incidents] in 0 ms
[2026-03-05 12:27:28,109] <ble_bridge_discovery> DEBUG tasks  - Started task[ble_bridge_discovery]
[2026-03-05 12:27:28,110] <ble_bridge_discovery> DEBUG tasks  - Finished task[ble_bridge_discovery] in 1 ms
[2026-03-05 12:27:28,208] <ble_state_check> DEBUG tasks  - Started task[ble_state_check]
[2026-03-05 12:27:28,209] <ble_state_check> DEBUG tasks  - Finished task[ble_state_check] in 1 ms
[2026-03-05 12:27:28,749] <tracer> DEBUG tasks  - Started task[tracer]
[2026-03-05 12:27:28,750] <tracer> DEBUG tasks  - Finished task[tracer] in 1 ms
[2026-03-05 12:27:33,211] <ble_state_check> DEBUG tasks  - Started task[ble_state_check]
[2026-03-05 12:27:33,211] <ble_state_check> DEBUG tasks  - Finished task[ble_state_check] in 0 ms
[2026-03-05 12:27:33,750] <tracer> DEBUG tasks  - Started task[tracer]
[2026-03-05 12:27:33,750] <tracer> DEBUG tasks  - Finished task[tracer] in 0 ms
[2026-03-05 12:27:38,211] <ble_state_check> DEBUG tasks  - Started task[ble_state_check]
[2026-03-05 12:27:38,212] <ble_state_check> DEBUG tasks  - Finished task[ble_state_check] in 1 ms
[2026-03-05 12:27:38,751] <tracer> DEBUG tasks  - Started task[tracer]
[2026-03-05 12:27:38,751] <tracer> DEBUG tasks  - Finished task[tracer] in 0 ms
[2026-03-05 12:27:43,218] <ble_state_check> DEBUG tasks  - Started task[ble_state_check]
[2026-03-05 12:27:43,219] <ble_state_check> DEBUG tasks  - Finished task[ble_state_check] in 1 ms
[2026-03-05 12:27:43,752] <tracer> DEBUG tasks  - Started task[tracer]
[2026-03-05 12:27:43,752] <tracer> DEBUG tasks  - Finished task[tracer] in 0 ms
[2026-03-05 12:27:48,219] <ble_state_check> DEBUG tasks  - Started task[ble_state_check]
[2026-03-05 12:27:48,219] <ble_state_check> DEBUG tasks  - Finished task[ble_state_check] in 0 ms
[2026-03-05 12:27:48,752] <tracer> DEBUG tasks  - Started task[tracer]
[2026-03-05 12:27:48,753] <tracer> DEBUG tasks  - Finished task[tracer] in 1 ms
[2026-03-05 12:27:53,220] <ble_state_check> DEBUG tasks  - Started task[ble_state_check]
[2026-03-05 12:27:53,220] <ble_state_check> DEBUG tasks  - Finished task[ble_state_check] in 0 ms
[2026-03-05 12:27:53,753] <tracer> DEBUG tasks  - Started task[tracer]
[2026-03-05 12:27:53,759] <tracer> DEBUG tasks  - Finished task[tracer] in 6 ms
[2026-03-05 12:27:55,959] <device-connect-incidents> DEBUG tasks  - Started task[device-connect-incidents]
[2026-03-05 12:27:55,959] <device-connect-incidents> DEBUG tasks  - Finished task[device-connect-incidents] in 0 ms
[2026-03-05 12:27:56,221] <duplicate-ip-service> DEBUG tasks  - Started task[duplicate-ip-service]
[2026-03-05 12:27:56,231] <duplicate-ip-service> DEBUG tasks  - Finished task[duplicate-ip-service] in 10 ms
[2026-03-05 12:27:58,080] <autolink-registry-flush> DEBUG tasks  - Started task[autolink-registry-flush]
[2026-03-05 12:27:58,081] <autolink-registry-flush> DEBUG tasks  - Finished task[autolink-registry-flush] in 1 ms
[2026-03-05 12:27:58,099] <live-performance-analytics> DEBUG tasks  - Started task[live-performance-analytics]
[2026-03-05 12:27:58,099] <live-performance-analytics> DEBUG tasks  - Finished task[live-performance-analytics] in 0 ms
[2026-03-05 12:27:58,101] <trigger-throttling-cache-flush> DEBUG tasks  - Started task[trigger-throttling-cache-flush]
[2026-03-05 12:27:58,101] <trigger-throttling-cache-flush> DEBUG tasks  - Finished task[trigger-throttling-cache-flush] in 0 ms
[2026-03-05 12:27:58,110] <cache-cleanup> DEBUG tasks  - Started task[cache-cleanup]
[2026-03-05 12:27:58,110] <ble_bridge_discovery> DEBUG tasks  - Started task[ble_bridge_discovery]
[2026-03-05 12:27:58,110] <ble_bridge_discovery> DEBUG tasks  - Finished task[ble_bridge_discovery] in 0 ms
[2026-03-05 12:27:58,115] <cache-cleanup> DEBUG tasks  - Finished task[cache-cleanup] in 5 ms
[2026-03-05 12:27:58,184] <db-stat-prune> DEBUG tasks  - Started task[db-stat-prune]
[2026-03-05 12:27:58,185] <db-config-prune> DEBUG tasks  - Started task[db-config-prune]
[2026-03-05 12:27:58,191] <cache-prune> DEBUG tasks  - Started task[cache-prune]
[2026-03-05 12:27:58,199] <cache-prune> DEBUG tasks  - Finished task[cache-prune] in 8 ms
[2026-03-05 12:27:58,199] <check-network-interfaces> DEBUG tasks  - Started task[check-network-interfaces]
[2026-03-05 12:27:58,200] <check-network-interfaces> DEBUG tasks  - Finished task[check-network-interfaces] in 1 ms
[2026-03-05 12:27:58,213] <check-iot-certificate> DEBUG tasks  - Started task[check-iot-certificate]
[2026-03-05 12:27:58,221] <check-iot-certificate> DEBUG tasks  - Finished task[check-iot-certificate] in 8 ms
[2026-03-05 12:27:58,222] <remotelogger-clean> DEBUG tasks  - Started task[remotelogger-clean]
[2026-03-05 12:27:58,226] <remotelogger-clean> DEBUG tasks  - Finished task[remotelogger-clean] in 4 ms
[2026-03-05 12:27:58,250] <ble_state_check> DEBUG tasks  - Started task[ble_state_check]
[2026-03-05 12:27:58,250] <ble_state_check> DEBUG tasks  - Finished task[ble_state_check] in 0 ms
[2026-03-05 12:27:58,253] <db-config-prune> DEBUG tasks  - Finished task[db-config-prune] in 68 ms
[2026-03-05 12:27:58,402] <db-stat-prune> DEBUG tasks  - Finished task[db-stat-prune] in 218 ms
[2026-03-05 12:27:58,759] <tracer> DEBUG tasks  - Started task[tracer]
[2026-03-05 12:27:58,760] <tracer> DEBUG tasks  - Finished task[tracer] in 1 ms
[2026-03-05 12:28:03,251] <ble_state_check> DEBUG tasks  - Started task[ble_state_check]
[2026-03-05 12:28:03,251] <ble_state_check> DEBUG tasks  - Finished task[ble_state_check] in 0 ms
[2026-03-05 12:28:03,760] <tracer> DEBUG tasks  - Started task[tracer]
[2026-03-05 12:28:03,760] <tracer> DEBUG tasks  - Finished task[tracer] in 0 ms
[2026-03-05 12:28:05,956] <device-state-check> DEBUG tasks  - Started task[device-state-check]
[2026-03-05 12:28:05,970] <device-state-check> DEBUG tasks  - Finished task[device-state-check] in 14 ms
[2026-03-05 12:28:08,198] <wss-connection> DEBUG tasks  - Started task[wss-connection]
[2026-03-05 12:28:08,198] <wss-connection> DEBUG tasks  - Finished task[wss-connection] in 0 ms
[2026-03-05 12:28:08,200] <stamgr> DEBUG tasks  - Started task[stamgr]
[2026-03-05 12:28:08,200] <stamgr> DEBUG tasks  - Finished task[stamgr] in 0 ms
[2026-03-05 12:28:08,252] <ble_state_check> DEBUG tasks  - Started task[ble_state_check]
[2026-03-05 12:28:08,252] <ble_state_check> DEBUG tasks  - Finished task[ble_state_check] in 0 ms
[2026-03-05 12:28:08,761] <tracer> DEBUG tasks  - Started task[tracer]
[2026-03-05 12:28:08,761] <tracer> DEBUG tasks  - Finished task[tracer] in 0 ms
[2026-03-05 12:28:08,797] <webrtc-connection> DEBUG tasks  - Started task[webrtc-connection]
[2026-03-05 12:28:08,798] <webrtc-connection> DEBUG tasks  - Finished task[webrtc-connection] in 1 ms
[2026-03-05 12:28:13,214] <facebook-wifi-token-validation> DEBUG tasks  - Started task[facebook-wifi-token-validation]
[2026-03-05 12:28:13,215] <facebook-wifi-token-validation> DEBUG tasks  - Finished task[facebook-wifi-token-validation] in 0 ms
[2026-03-05 12:28:13,238] <ips-alert-caching> DEBUG tasks  - Started task[ips-alert-caching]
[2026-03-05 12:28:13,243] <ips-alert-caching> DEBUG tasks  - Finished task[ips-alert-caching] in 4 ms
[2026-03-05 12:28:13,252] <ble_state_check> DEBUG tasks  - Started task[ble_state_check]
[2026-03-05 12:28:13,253] <ble_state_check> DEBUG tasks  - Finished task[ble_state_check] in 1 ms
[2026-03-05 12:28:13,762] <tracer> DEBUG tasks  - Started task[tracer]
[2026-03-05 12:28:13,762] <tracer> DEBUG tasks  - Finished task[tracer] in 1 ms
[2026-03-05 12:28:18,253] <ble_state_check> DEBUG tasks  - Started task[ble_state_check]
[2026-03-05 12:28:18,254] <ble_state_check> DEBUG tasks  - Finished task[ble_state_check] in 1 ms
[2026-03-05 12:28:18,762] <tracer> DEBUG tasks  - Started task[tracer]
[2026-03-05 12:28:18,763] <tracer> DEBUG tasks  - Finished task[tracer] in 1 ms
[2026-03-05 12:28:23,255] <ble_state_check> DEBUG tasks  - Started task[ble_state_check]
[2026-03-05 12:28:23,255] <ble_state_check> DEBUG tasks  - Finished task[ble_state_check] in 0 ms
[2026-03-05 12:28:23,763] <tracer> DEBUG tasks  - Started task[tracer]
[2026-03-05 12:28:23,763] <tracer> DEBUG tasks  - Finished task[tracer] in 0 ms
[2026-03-05 12:28:25,960] <device-connect-incidents> DEBUG tasks  - Started task[device-connect-incidents]
[2026-03-05 12:28:25,964] <device-connect-incidents> DEBUG tasks  - Finished task[device-connect-incidents] in 4 ms
[2026-03-05 12:28:28,111] <ble_bridge_discovery> DEBUG tasks  - Started task[ble_bridge_discovery]
[2026-03-05 12:28:28,111] <ble_bridge_discovery> DEBUG tasks  - Finished task[ble_bridge_discovery] in 0 ms
[2026-03-05 12:28:28,221] <lte-device-license-check> DEBUG tasks  - Started task[lte-device-license-check]
[2026-03-05 12:28:28,228] <lte-device-license-check> DEBUG tasks  - Finished task[lte-device-license-check] in 6 ms
[2026-03-05 12:28:28,255] <ble_state_check> DEBUG tasks  - Started task[ble_state_check]
[2026-03-05 12:28:28,256] <ble_state_check> DEBUG tasks  - Finished task[ble_state_check] in 1 ms
[2026-03-05 12:28:28,764] <tracer> DEBUG tasks  - Started task[tracer]
[2026-03-05 12:28:28,764] <tracer> DEBUG tasks  - Finished task[tracer] in 0 ms
[2026-03-05 12:28:33,257] <ble_state_check> DEBUG tasks  - Started task[ble_state_check]
[2026-03-05 12:28:33,257] <ble_state_check> DEBUG tasks  - Finished task[ble_state_check] in 0 ms
[2026-03-05 12:28:33,764] <tracer> DEBUG tasks  - Started task[tracer]
[2026-03-05 12:28:33,765] <tracer> DEBUG tasks  - Finished task[tracer] in 1 ms
[2026-03-05 12:28:38,258] <ble_state_check> DEBUG tasks  - Started task[ble_state_check]
[2026-03-05 12:28:38,258] <ble_state_check> DEBUG tasks  - Finished task[ble_state_check] in 0 ms
[2026-03-05 12:28:38,765] <tracer> DEBUG tasks  - Started task[tracer]
[2026-03-05 12:28:38,765] <tracer> DEBUG tasks  - Finished task[tracer] in 0 ms
[2026-03-05 12:28:43,259] <ble_state_check> DEBUG tasks  - Started task[ble_state_check]
[2026-03-05 12:28:43,259] <ble_state_check> DEBUG tasks  - Finished task[ble_state_check] in 0 ms
[2026-03-05 12:28:43,766] <tracer> DEBUG tasks  - Started task[tracer]
[2026-03-05 12:28:43,766] <tracer> DEBUG tasks  - Finished task[tracer] in 0 ms
[2026-03-05 12:28:48,260] <ble_state_check> DEBUG tasks  - Started task[ble_state_check]
[2026-03-05 12:28:48,260] <ble_state_check> DEBUG tasks  - Finished task[ble_state_check] in 0 ms
[2026-03-05 12:28:48,767] <tracer> DEBUG tasks  - Started task[tracer]
[2026-03-05 12:28:48,767] <tracer> DEBUG tasks  - Finished task[tracer] in 0 ms
[2026-03-05 12:28:53,261] <ble_state_check> DEBUG tasks  - Started task[ble_state_check]
[2026-03-05 12:28:53,261] <ble_state_check> DEBUG tasks  - Finished task[ble_state_check] in 0 ms
[2026-03-05 12:28:53,768] <tracer> DEBUG tasks  - Started task[tracer]
[2026-03-05 12:28:53,768] <tracer> DEBUG tasks  - Finished task[tracer] in 0 ms
[2026-03-05 12:28:55,964] <device-connect-incidents> DEBUG tasks  - Started task[device-connect-incidents]
[2026-03-05 12:28:55,965] <device-connect-incidents> DEBUG tasks  - Finished task[device-connect-incidents] in 1 ms
[2026-03-05 12:28:56,232] <duplicate-ip-service> DEBUG tasks  - Started task[duplicate-ip-service]
[2026-03-05 12:28:56,236] <duplicate-ip-service> DEBUG tasks  - Finished task[duplicate-ip-service] in 4 ms
[2026-03-05 12:28:58,081] <autolink-registry-flush> DEBUG tasks  - Started task[autolink-registry-flush]
[2026-03-05 12:28:58,081] <autolink-registry-flush> DEBUG tasks  - Finished task[autolink-registry-flush] in 0 ms
[2026-03-05 12:28:58,100] <live-performance-analytics> DEBUG tasks  - Started task[live-performance-analytics]
[2026-03-05 12:28:58,100] <live-performance-analytics> DEBUG tasks  - Finished task[live-performance-analytics] in 0 ms
[2026-03-05 12:28:58,101] <trigger-throttling-cache-flush> DEBUG tasks  - Started task[trigger-throttling-cache-flush]
[2026-03-05 12:28:58,101] <trigger-throttling-cache-flush> DEBUG tasks  - Finished task[trigger-throttling-cache-flush] in 0 ms
[2026-03-05 12:28:58,111] <ble_bridge_discovery> DEBUG tasks  - Started task[ble_bridge_discovery]
[2026-03-05 12:28:58,112] <ble_bridge_discovery> DEBUG tasks  - Finished task[ble_bridge_discovery] in 1 ms
[2026-03-05 12:28:58,200] <check-network-interfaces> DEBUG tasks  - Started task[check-network-interfaces]
[2026-03-05 12:28:58,202] <check-network-interfaces> DEBUG tasks  - Finished task[check-network-interfaces] in 2 ms
[2026-03-05 12:28:58,211] <cache> DEBUG tasks  - Started task[cache]
[2026-03-05 12:28:58,212] <cache> DEBUG tasks  - Finished task[cache] in 1 ms
[2026-03-05 12:28:58,262] <ble_state_check> DEBUG tasks  - Started task[ble_state_check]
[2026-03-05 12:28:58,262] <ble_state_check> DEBUG tasks  - Finished task[ble_state_check] in 0 ms
[2026-03-05 12:28:58,769] <tracer> DEBUG tasks  - Started task[tracer]
[2026-03-05 12:28:58,769] <tracer> DEBUG tasks  - Finished task[tracer] in 0 ms
[2026-03-05 12:29:03,263] <ble_state_check> DEBUG tasks  - Started task[ble_state_check]
[2026-03-05 12:29:03,263] <ble_state_check> DEBUG tasks  - Finished task[ble_state_check] in 0 ms
[2026-03-05 12:29:03,769] <tracer> DEBUG tasks  - Started task[tracer]
[2026-03-05 12:29:03,770] <tracer> DEBUG tasks  - Finished task[tracer] in 1 ms
[2026-03-05 12:29:05,971] <device-state-check> DEBUG tasks  - Started task[device-state-check]
[2026-03-05 12:29:05,979] <device-state-check> DEBUG tasks  - Finished task[device-state-check] in 8 ms
[2026-03-05 12:29:08,201] <stamgr> DEBUG tasks  - Started task[stamgr]
[2026-03-05 12:29:08,202] <stamgr> DEBUG tasks  - Finished task[stamgr] in 1 ms
[2026-03-05 12:29:08,264] <ble_state_check> DEBUG tasks  - Started task[ble_state_check]
[2026-03-05 12:29:08,264] <ble_state_check> DEBUG tasks  - Finished task[ble_state_check] in 0 ms
[2026-03-05 12:29:08,774] <tracer> DEBUG tasks  - Started task[tracer]
[2026-03-05 12:29:08,802] <webrtc-connection> DEBUG tasks  - Started task[webrtc-connection]
[2026-03-05 12:29:08,802] <webrtc-connection> DEBUG tasks  - Finished task[webrtc-connection] in 0 ms
[2026-03-05 12:29:09,509] <tracer> DEBUG tasks  - Finished task[tracer] in 735 ms
[2026-03-05 12:29:13,265] <ble_state_check> DEBUG tasks  - Started task[ble_state_check]
[2026-03-05 12:29:13,265] <ble_state_check> DEBUG tasks  - Finished task[ble_state_check] in 0 ms
[2026-03-05 12:29:14,510] <tracer> DEBUG tasks  - Started task[tracer]
[2026-03-05 12:29:14,510] <tracer> DEBUG tasks  - Finished task[tracer] in 0 ms
[2026-03-05 12:29:18,266] <ble_state_check> DEBUG tasks  - Started task[ble_state_check]
[2026-03-05 12:29:18,266] <ble_state_check> DEBUG tasks  - Finished task[ble_state_check] in 0 ms
[2026-03-05 12:29:19,511] <tracer> DEBUG tasks  - Started task[tracer]
[2026-03-05 12:29:19,511] <tracer> DEBUG tasks  - Finished task[tracer] in 0 ms
[2026-03-05 12:29:23,267] <ble_state_check> DEBUG tasks  - Started task[ble_state_check]
[2026-03-05 12:29:23,267] <ble_state_check> DEBUG tasks  - Finished task[ble_state_check] in 0 ms
[2026-03-05 12:29:24,511] <tracer> DEBUG tasks  - Started task[tracer]
[2026-03-05 12:29:24,512] <tracer> DEBUG tasks  - Finished task[tracer] in 1 ms
[2026-03-05 12:29:25,966] <device-connect-incidents> DEBUG tasks  - Started task[device-connect-incidents]
[2026-03-05 12:29:25,966] <device-connect-incidents> DEBUG tasks  - Finished task[device-connect-incidents] in 0 ms
[2026-03-05 12:29:28,112] <ble_bridge_discovery> DEBUG tasks  - Started task[ble_bridge_discovery]
[2026-03-05 12:29:28,113] <ble_bridge_discovery> DEBUG tasks  - Finished task[ble_bridge_discovery] in 1 ms
[2026-03-05 12:29:28,268] <ble_state_check> DEBUG tasks  - Started task[ble_state_check]
[2026-03-05 12:29:28,270] <ble_state_check> DEBUG tasks  - Finished task[ble_state_check] in 2 ms
[2026-03-05 12:29:29,512] <tracer> DEBUG tasks  - Started task[tracer]
[2026-03-05 12:29:29,513] <tracer> DEBUG tasks  - Finished task[tracer] in 0 ms
[2026-03-05 12:29:33,270] <ble_state_check> DEBUG tasks  - Started task[ble_state_check]
[2026-03-05 12:29:33,271] <ble_state_check> DEBUG tasks  - Finished task[ble_state_check] in 1 ms
[2026-03-05 12:29:34,513] <tracer> DEBUG tasks  - Started task[tracer]
[2026-03-05 12:29:34,513] <tracer> DEBUG tasks  - Finished task[tracer] in 0 ms
[2026-03-05 12:29:38,271] <ble_state_check> DEBUG tasks  - Started task[ble_state_check]
[2026-03-05 12:29:38,272] <ble_state_check> DEBUG tasks  - Finished task[ble_state_check] in 1 ms
[2026-03-05 12:29:39,514] <tracer> DEBUG tasks  - Started task[tracer]
[2026-03-05 12:29:39,515] <tracer> DEBUG tasks  - Finished task[tracer] in 1 ms
[2026-03-05 12:29:43,273] <ble_state_check> DEBUG tasks  - Started task[ble_state_check]
[2026-03-05 12:29:43,273] <ble_state_check> DEBUG tasks  - Finished task[ble_state_check] in 1 ms
[2026-03-05 12:29:44,515] <tracer> DEBUG tasks  - Started task[tracer]
[2026-03-05 12:29:44,516] <tracer> DEBUG tasks  - Finished task[tracer] in 1 ms
[2026-03-05 12:29:48,276] <ble_state_check> DEBUG tasks  - Started task[ble_state_check]
[2026-03-05 12:29:48,277] <ble_state_check> DEBUG tasks  - Finished task[ble_state_check] in 1 ms
[2026-03-05 12:29:49,516] <tracer> DEBUG tasks  - Started task[tracer]
[2026-03-05 12:29:49,517] <tracer> DEBUG tasks  - Finished task[tracer] in 1 ms
[2026-03-05 12:29:53,278] <ble_state_check> DEBUG tasks  - Started task[ble_state_check]
[2026-03-05 12:29:53,278] <ble_state_check> DEBUG tasks  - Finished task[ble_state_check] in 0 ms
[2026-03-05 12:29:54,518] <tracer> DEBUG tasks  - Started task[tracer]
[2026-03-05 12:29:54,518] <tracer> DEBUG tasks  - Finished task[tracer] in 1 ms
[2026-03-05 12:29:55,967] <device-connect-incidents> DEBUG tasks  - Started task[device-connect-incidents]
[2026-03-05 12:29:55,967] <device-connect-incidents> DEBUG tasks  - Finished task[device-connect-incidents] in 0 ms
[2026-03-05 12:29:56,236] <duplicate-ip-service> DEBUG tasks  - Started task[duplicate-ip-service]
[2026-03-05 12:29:56,246] <duplicate-ip-service> DEBUG tasks  - Finished task[duplicate-ip-service] in 10 ms
[2026-03-05 12:29:58,082] <autolink-registry-flush> DEBUG tasks  - Started task[autolink-registry-flush]
[2026-03-05 12:29:58,082] <autolink-registry-flush> DEBUG tasks  - Finished task[autolink-registry-flush] in 0 ms
[2026-03-05 12:29:58,101] <live-performance-analytics> DEBUG tasks  - Started task[live-performance-analytics]
[2026-03-05 12:29:58,101] <live-performance-analytics> DEBUG tasks  - Finished task[live-performance-analytics] in 1 ms
[2026-03-05 12:29:58,102] <trigger-throttling-cache-flush> DEBUG tasks  - Started task[trigger-throttling-cache-flush]
[2026-03-05 12:29:58,102] <trigger-throttling-cache-flush> DEBUG tasks  - Finished task[trigger-throttling-cache-flush] in 0 ms
[2026-03-05 12:29:58,113] <ble_bridge_discovery> DEBUG tasks  - Started task[ble_bridge_discovery]
[2026-03-05 12:29:58,113] <ble_bridge_discovery> DEBUG tasks  - Finished task[ble_bridge_discovery] in 0 ms
[2026-03-05 12:29:58,202] <check-network-interfaces> DEBUG tasks  - Started task[check-network-interfaces]
[2026-03-05 12:29:58,203] <check-network-interfaces> DEBUG tasks  - Finished task[check-network-interfaces] in 1 ms
[2026-03-05 12:29:58,280] <ble_state_check> DEBUG tasks  - Started task[ble_state_check]
[2026-03-05 12:29:58,281] <ble_state_check> DEBUG tasks  - Finished task[ble_state_check] in 1 ms
[2026-03-05 12:29:59,519] <tracer> DEBUG tasks  - Started task[tracer]
[2026-03-05 12:29:59,519] <tracer> DEBUG tasks  - Finished task[tracer] in 1 ms
[2026-03-05 12:30:03,281] <ble_state_check> DEBUG tasks  - Started task[ble_state_check]
[2026-03-05 12:30:03,282] <ble_state_check> DEBUG tasks  - Finished task[ble_state_check] in 1 ms
[2026-03-05 12:30:04,519] <tracer> DEBUG tasks  - Started task[tracer]
[2026-03-05 12:30:04,520] <tracer> DEBUG tasks  - Finished task[tracer] in 1 ms
[2026-03-05 12:30:05,980] <device-state-check> DEBUG tasks  - Started task[device-state-check]
[2026-03-05 12:30:05,982] <device-state-check> DEBUG tasks  - Finished task[device-state-check] in 2 ms
[2026-03-05 12:30:08,202] <stamgr> DEBUG tasks  - Started task[stamgr]
[2026-03-05 12:30:08,203] <stamgr> DEBUG tasks  - Finished task[stamgr] in 1 ms
[2026-03-05 12:30:08,282] <ble_state_check> DEBUG tasks  - Started task[ble_state_check]
[2026-03-05 12:30:08,283] <ble_state_check> DEBUG tasks  - Finished task[ble_state_check] in 1 ms
[2026-03-05 12:30:08,802] <webrtc-connection> DEBUG tasks  - Started task[webrtc-connection]
[2026-03-05 12:30:08,803] <webrtc-connection> DEBUG tasks  - Finished task[webrtc-connection] in 1 ms
[2026-03-05 12:30:09,520] <tracer> DEBUG tasks  - Started task[tracer]
[2026-03-05 12:30:09,520] <tracer> DEBUG tasks  - Finished task[tracer] in 0 ms
[2026-03-05 12:30:13,283] <ble_state_check> DEBUG tasks  - Started task[ble_state_check]
[2026-03-05 12:30:13,284] <ble_state_check> DEBUG tasks  - Finished task[ble_state_check] in 1 ms
[2026-03-05 12:30:14,521] <tracer> DEBUG tasks  - Started task[tracer]
[2026-03-05 12:30:14,521] <tracer> DEBUG tasks  - Finished task[tracer] in 0 ms
[2026-03-05 12:30:18,284] <ble_state_check> DEBUG tasks  - Started task[ble_state_check]
[2026-03-05 12:30:18,285] <ble_state_check> DEBUG tasks  - Finished task[ble_state_check] in 1 ms
[2026-03-05 12:30:19,522] <tracer> DEBUG tasks  - Started task[tracer]
[2026-03-05 12:30:19,522] <tracer> DEBUG tasks  - Finished task[tracer] in 0 ms
[2026-03-05 12:30:23,285] <ble_state_check> DEBUG tasks  - Started task[ble_state_check]
[2026-03-05 12:30:23,286] <ble_state_check> DEBUG tasks  - Finished task[ble_state_check] in 1 ms
[2026-03-05 12:30:24,523] <tracer> DEBUG tasks  - Started task[tracer]
[2026-03-05 12:30:24,523] <tracer> DEBUG tasks  - Finished task[tracer] in 0 ms
[2026-03-05 12:30:25,968] <device-connect-incidents> DEBUG tasks  - Started task[device-connect-incidents]
[2026-03-05 12:30:25,969] <device-connect-incidents> DEBUG tasks  - Finished task[device-connect-incidents] in 1 ms
[2026-03-05 12:30:28,114] <ble_bridge_discovery> DEBUG tasks  - Started task[ble_bridge_discovery]
[2026-03-05 12:30:28,114] <ble_bridge_discovery> DEBUG tasks  - Finished task[ble_bridge_discovery] in 0 ms
[2026-03-05 12:30:28,288] <ble_state_check> DEBUG tasks  - Started task[ble_state_check]
[2026-03-05 12:30:28,288] <ble_state_check> DEBUG tasks  - Finished task[ble_state_check] in 0 ms
[2026-03-05 12:30:29,525] <tracer> DEBUG tasks  - Started task[tracer]
[2026-03-05 12:30:29,525] <tracer> DEBUG tasks  - Finished task[tracer] in 0 ms
[2026-03-05 12:30:33,288] <ble_state_check> DEBUG tasks  - Started task[ble_state_check]
[2026-03-05 12:30:33,289] <ble_state_check> DEBUG tasks  - Finished task[ble_state_check] in 1 ms
[2026-03-05 12:30:34,526] <tracer> DEBUG tasks  - Started task[tracer]
[2026-03-05 12:30:34,526] <tracer> DEBUG tasks  - Finished task[tracer] in 0 ms
[2026-03-05 12:30:38,289] <ble_state_check> DEBUG tasks  - Started task[ble_state_check]
[2026-03-05 12:30:38,290] <ble_state_check> DEBUG tasks  - Finished task[ble_state_check] in 1 ms
[2026-03-05 12:30:39,527] <tracer> DEBUG tasks  - Started task[tracer]
[2026-03-05 12:30:39,527] <tracer> DEBUG tasks  - Finished task[tracer] in 0 ms
[2026-03-05 12:30:43,290] <ble_state_check> DEBUG tasks  - Started task[ble_state_check]
[2026-03-05 12:30:43,291] <ble_state_check> DEBUG tasks  - Finished task[ble_state_check] in 1 ms
[2026-03-05 12:30:44,528] <tracer> DEBUG tasks  - Started task[tracer]
[2026-03-05 12:30:44,528] <tracer> DEBUG tasks  - Finished task[tracer] in 0 ms
[2026-03-05 12:30:48,291] <ble_state_check> DEBUG tasks  - Started task[ble_state_check]
[2026-03-05 12:30:48,292] <ble_state_check> DEBUG tasks  - Finished task[ble_state_check] in 1 ms
[2026-03-05 12:30:49,529] <tracer> DEBUG tasks  - Started task[tracer]
[2026-03-05 12:30:49,529] <tracer> DEBUG tasks  - Finished task[tracer] in 0 ms
[2026-03-05 12:30:53,293] <ble_state_check> DEBUG tasks  - Started task[ble_state_check]
[2026-03-05 12:30:53,293] <ble_state_check> DEBUG tasks  - Finished task[ble_state_check] in 0 ms
[2026-03-05 12:30:54,530] <tracer> DEBUG tasks  - Started task[tracer]
[2026-03-05 12:30:54,530] <tracer> DEBUG tasks  - Finished task[tracer] in 0 ms
[2026-03-05 12:30:55,969] <device-connect-incidents> DEBUG tasks  - Started task[device-connect-incidents]
[2026-03-05 12:30:55,970] <device-connect-incidents> DEBUG tasks  - Finished task[device-connect-incidents] in 1 ms
[2026-03-05 12:30:56,248] <duplicate-ip-service> DEBUG tasks  - Started task[duplicate-ip-service]
[2026-03-05 12:30:56,249] <duplicate-ip-service> DEBUG tasks  - Finished task[duplicate-ip-service] in 2 ms
[2026-03-05 12:30:58,083] <autolink-registry-flush> DEBUG tasks  - Started task[autolink-registry-flush]
[2026-03-05 12:30:58,084] <autolink-registry-flush> DEBUG tasks  - Finished task[autolink-registry-flush] in 1 ms
[2026-03-05 12:30:58,101] <live-performance-analytics> DEBUG tasks  - Started task[live-performance-analytics]
[2026-03-05 12:30:58,102] <live-performance-analytics> DEBUG tasks  - Finished task[live-performance-analytics] in 1 ms
[2026-03-05 12:30:58,103] <trigger-throttling-cache-flush> DEBUG tasks  - Started task[trigger-throttling-cache-flush]
[2026-03-05 12:30:58,103] <trigger-throttling-cache-flush> DEBUG tasks  - Finished task[trigger-throttling-cache-flush] in 0 ms
[2026-03-05 12:30:58,115] <ble_bridge_discovery> DEBUG tasks  - Started task[ble_bridge_discovery]
[2026-03-05 12:30:58,116] <ble_bridge_discovery> DEBUG tasks  - Finished task[ble_bridge_discovery] in 1 ms
[2026-03-05 12:30:58,204] <check-network-interfaces> DEBUG tasks  - Started task[check-network-interfaces]
[2026-03-05 12:30:58,205] <check-network-interfaces> DEBUG tasks  - Finished task[check-network-interfaces] in 1 ms
[2026-03-05 12:30:58,294] <ble_state_check> DEBUG tasks  - Started task[ble_state_check]
[2026-03-05 12:30:58,294] <ble_state_check> DEBUG tasks  - Finished task[ble_state_check] in 0 ms
[2026-03-05 12:30:59,531] <tracer> DEBUG tasks  - Started task[tracer]
[2026-03-05 12:30:59,531] <tracer> DEBUG tasks  - Finished task[tracer] in 0 ms
[2026-03-05 12:31:03,295] <ble_state_check> DEBUG tasks  - Started task[ble_state_check]
[2026-03-05 12:31:03,295] <ble_state_check> DEBUG tasks  - Finished task[ble_state_check] in 0 ms
[2026-03-05 12:31:04,532] <tracer> DEBUG tasks  - Started task[tracer]
[2026-03-05 12:31:04,532] <tracer> DEBUG tasks  - Finished task[tracer] in 0 ms
[2026-03-05 12:31:05,984] <device-state-check> DEBUG tasks  - Started task[device-state-check]
[2026-03-05 12:31:05,985] <device-state-check> DEBUG tasks  - Finished task[device-state-check] in 1 ms
[2026-03-05 12:31:08,203] <stamgr> DEBUG tasks  - Started task[stamgr]
[2026-03-05 12:31:08,204] <stamgr> DEBUG tasks  - Finished task[stamgr] in 1 ms
[2026-03-05 12:31:08,296] <ble_state_check> DEBUG tasks  - Started task[ble_state_check]
[2026-03-05 12:31:08,296] <ble_state_check> DEBUG tasks  - Finished task[ble_state_check] in 0 ms
[2026-03-05 12:31:08,803] <webrtc-connection> DEBUG tasks  - Started task[webrtc-connection]
[2026-03-05 12:31:08,804] <webrtc-connection> DEBUG tasks  - Finished task[webrtc-connection] in 1 ms
[2026-03-05 12:31:09,533] <tracer> DEBUG tasks  - Started task[tracer]
[2026-03-05 12:31:09,533] <tracer> DEBUG tasks  - Finished task[tracer] in 0 ms
[2026-03-05 12:31:13,296] <ble_state_check> DEBUG tasks  - Started task[ble_state_check]
[2026-03-05 12:31:13,297] <ble_state_check> DEBUG tasks  - Finished task[ble_state_check] in 1 ms
[2026-03-05 12:31:14,534] <tracer> DEBUG tasks  - Started task[tracer]
[2026-03-05 12:31:14,535] <tracer> DEBUG tasks  - Finished task[tracer] in 1 ms
[2026-03-05 12:31:18,297] <ble_state_check> DEBUG tasks  - Started task[ble_state_check]
[2026-03-05 12:31:18,298] <ble_state_check> DEBUG tasks  - Finished task[ble_state_check] in 1 ms
[2026-03-05 12:31:19,535] <tracer> DEBUG tasks  - Started task[tracer]
[2026-03-05 12:31:19,536] <tracer> DEBUG tasks  - Finished task[tracer] in 1 ms
[2026-03-05 12:31:23,298] <ble_state_check> DEBUG tasks  - Started task[ble_state_check]
[2026-03-05 12:31:23,299] <ble_state_check> DEBUG tasks  - Finished task[ble_state_check] in 1 ms
[2026-03-05 12:31:24,536] <tracer> DEBUG tasks  - Started task[tracer]
[2026-03-05 12:31:24,537] <tracer> DEBUG tasks  - Finished task[tracer] in 1 ms
[2026-03-05 12:31:25,970] <device-connect-incidents> DEBUG tasks  - Started task[device-connect-incidents]
[2026-03-05 12:31:25,971] <device-connect-incidents> DEBUG tasks  - Finished task[device-connect-incidents] in 1 ms
[2026-03-05 12:31:28,116] <ble_bridge_discovery> DEBUG tasks  - Started task[ble_bridge_discovery]
[2026-03-05 12:31:28,116] <ble_bridge_discovery> DEBUG tasks  - Finished task[ble_bridge_discovery] in 0 ms
[2026-03-05 12:31:28,300] <ble_state_check> DEBUG tasks  - Started task[ble_state_check]
[2026-03-05 12:31:28,300] <ble_state_check> DEBUG tasks  - Finished task[ble_state_check] in 0 ms
[2026-03-05 12:31:29,537] <tracer> DEBUG tasks  - Started task[tracer]
[2026-03-05 12:31:29,537] <tracer> DEBUG tasks  - Finished task[tracer] in 0 ms
[2026-03-05 12:31:33,300] <ble_state_check> DEBUG tasks  - Started task[ble_state_check]
[2026-03-05 12:31:33,301] <ble_state_check> DEBUG tasks  - Finished task[ble_state_check] in 1 ms
[2026-03-05 12:31:34,538] <tracer> DEBUG tasks  - Started task[tracer]
[2026-03-05 12:31:34,543] <tracer> DEBUG tasks  - Finished task[tracer] in 5 ms
[2026-03-05 12:31:38,301] <ble_state_check> DEBUG tasks  - Started task[ble_state_check]
[2026-03-05 12:31:38,302] <ble_state_check> DEBUG tasks  - Finished task[ble_state_check] in 1 ms
[2026-03-05 12:31:39,543] <tracer> DEBUG tasks  - Started task[tracer]
[2026-03-05 12:31:39,544] <tracer> DEBUG tasks  - Finished task[tracer] in 1 ms
[2026-03-05 12:31:43,303] <ble_state_check> DEBUG tasks  - Started task[ble_state_check]
[2026-03-05 12:31:43,303] <ble_state_check> DEBUG tasks  - Finished task[ble_state_check] in 0 ms
[2026-03-05 12:31:44,544] <tracer> DEBUG tasks  - Started task[tracer]
[2026-03-05 12:31:44,544] <tracer> DEBUG tasks  - Finished task[tracer] in 0 ms
[2026-03-05 12:31:48,304] <ble_state_check> DEBUG tasks  - Started task[ble_state_check]
[2026-03-05 12:31:48,304] <ble_state_check> DEBUG tasks  - Finished task[ble_state_check] in 1 ms
[2026-03-05 12:31:49,545] <tracer> DEBUG tasks  - Started task[tracer]
[2026-03-05 12:31:49,545] <tracer> DEBUG tasks  - Finished task[tracer] in 0 ms
[2026-03-05 12:31:53,305] <ble_state_check> DEBUG tasks  - Started task[ble_state_check]
[2026-03-05 12:31:53,305] <ble_state_check> DEBUG tasks  - Finished task[ble_state_check] in 0 ms
[2026-03-05 12:31:54,545] <tracer> DEBUG tasks  - Started task[tracer]
[2026-03-05 12:31:54,546] <tracer> DEBUG tasks  - Finished task[tracer] in 1 ms
[2026-03-05 12:31:55,972] <device-connect-incidents> DEBUG tasks  - Started task[device-connect-incidents]
[2026-03-05 12:31:55,972] <device-connect-incidents> DEBUG tasks  - Finished task[device-connect-incidents] in 1 ms
[2026-03-05 12:31:56,250] <duplicate-ip-service> DEBUG tasks  - Started task[duplicate-ip-service]
[2026-03-05 12:31:56,251] <duplicate-ip-service> DEBUG tasks  - Finished task[duplicate-ip-service] in 1 ms
[2026-03-05 12:31:58,084] <autolink-registry-flush> DEBUG tasks  - Started task[autolink-registry-flush]
[2026-03-05 12:31:58,085] <autolink-registry-flush> DEBUG tasks  - Finished task[autolink-registry-flush] in 1 ms
[2026-03-05 12:31:58,102] <live-performance-analytics> DEBUG tasks  - Started task[live-performance-analytics]
[2026-03-05 12:31:58,103] <live-performance-analytics> DEBUG tasks  - Finished task[live-performance-analytics] in 1 ms
[2026-03-05 12:31:58,103] <trigger-throttling-cache-flush> DEBUG tasks  - Started task[trigger-throttling-cache-flush]
[2026-03-05 12:31:58,103] <trigger-throttling-cache-flush> DEBUG tasks  - Finished task[trigger-throttling-cache-flush] in 0 ms
[2026-03-05 12:31:58,117] <ble_bridge_discovery> DEBUG tasks  - Started task[ble_bridge_discovery]
[2026-03-05 12:31:58,117] <ble_bridge_discovery> DEBUG tasks  - Finished task[ble_bridge_discovery] in 0 ms
[2026-03-05 12:31:58,206] <check-network-interfaces> DEBUG tasks  - Started task[check-network-interfaces]
[2026-03-05 12:31:58,207] <check-network-interfaces> DEBUG tasks  - Finished task[check-network-interfaces] in 1 ms
[2026-03-05 12:31:58,306] <ble_state_check> DEBUG tasks  - Started task[ble_state_check]
[2026-03-05 12:31:58,306] <ble_state_check> DEBUG tasks  - Finished task[ble_state_check] in 0 ms
[2026-03-05 12:31:59,546] <tracer> DEBUG tasks  - Started task[tracer]
[2026-03-05 12:31:59,547] <tracer> DEBUG tasks  - Finished task[tracer] in 1 ms
[2026-03-05 12:32:03,306] <ble_state_check> DEBUG tasks  - Started task[ble_state_check]
[2026-03-05 12:32:03,307] <ble_state_check> DEBUG tasks  - Finished task[ble_state_check] in 1 ms
[2026-03-05 12:32:04,547] <tracer> DEBUG tasks  - Started task[tracer]
[2026-03-05 12:32:04,548] <tracer> DEBUG tasks  - Finished task[tracer] in 1 ms
[2026-03-05 12:32:05,986] <device-state-check> DEBUG tasks  - Started task[device-state-check]
[2026-03-05 12:32:05,987] <device-state-check> DEBUG tasks  - Finished task[device-state-check] in 2 ms
[2026-03-05 12:32:08,205] <stamgr> DEBUG tasks  - Started task[stamgr]
[2026-03-05 12:32:08,205] <stamgr> DEBUG tasks  - Finished task[stamgr] in 0 ms
[2026-03-05 12:32:08,307] <ble_state_check> DEBUG tasks  - Started task[ble_state_check]
[2026-03-05 12:32:08,308] <ble_state_check> DEBUG tasks  - Finished task[ble_state_check] in 1 ms
[2026-03-05 12:32:08,804] <webrtc-connection> DEBUG tasks  - Started task[webrtc-connection]
[2026-03-05 12:32:08,805] <webrtc-connection> DEBUG tasks  - Finished task[webrtc-connection] in 1 ms
[2026-03-05 12:32:09,548] <tracer> DEBUG tasks  - Started task[tracer]
[2026-03-05 12:32:09,549] <tracer> DEBUG tasks  - Finished task[tracer] in 1 ms
[2026-03-05 12:32:13,308] <ble_state_check> DEBUG tasks  - Started task[ble_state_check]
[2026-03-05 12:32:13,309] <ble_state_check> DEBUG tasks  - Finished task[ble_state_check] in 1 ms
[2026-03-05 12:32:14,549] <tracer> DEBUG tasks  - Started task[tracer]
[2026-03-05 12:32:14,550] <tracer> DEBUG tasks  - Finished task[tracer] in 1 ms
[2026-03-05 12:32:18,309] <ble_state_check> DEBUG tasks  - Started task[ble_state_check]
[2026-03-05 12:32:18,309] <ble_state_check> DEBUG tasks  - Finished task[ble_state_check] in 0 ms
[2026-03-05 12:32:19,550] <tracer> DEBUG tasks  - Started task[tracer]
[2026-03-05 12:32:19,550] <tracer> DEBUG tasks  - Finished task[tracer] in 0 ms
[2026-03-05 12:32:23,310] <ble_state_check> DEBUG tasks  - Started task[ble_state_check]
[2026-03-05 12:32:23,311] <ble_state_check> DEBUG tasks  - Finished task[ble_state_check] in 1 ms
[2026-03-05 12:32:24,551] <tracer> DEBUG tasks  - Started task[tracer]
[2026-03-05 12:32:24,551] <tracer> DEBUG tasks  - Finished task[tracer] in 0 ms
[2026-03-05 12:32:25,973] <device-connect-incidents> DEBUG tasks  - Started task[device-connect-incidents]
[2026-03-05 12:32:25,973] <device-connect-incidents> DEBUG tasks  - Finished task[device-connect-incidents] in 0 ms
[2026-03-05 12:32:28,117] <ble_bridge_discovery> DEBUG tasks  - Started task[ble_bridge_discovery]
[2026-03-05 12:32:28,118] <ble_bridge_discovery> DEBUG tasks  - Finished task[ble_bridge_discovery] in 1 ms
[2026-03-05 12:32:28,311] <ble_state_check> DEBUG tasks  - Started task[ble_state_check]
[2026-03-05 12:32:28,312] <ble_state_check> DEBUG tasks  - Finished task[ble_state_check] in 1 ms
[2026-03-05 12:32:29,551] <tracer> DEBUG tasks  - Started task[tracer]
[2026-03-05 12:32:29,552] <tracer> DEBUG tasks  - Finished task[tracer] in 1 ms
[2026-03-05 12:32:33,314] <ble_state_check> DEBUG tasks  - Started task[ble_state_check]
[2026-03-05 12:32:33,315] <ble_state_check> DEBUG tasks  - Finished task[ble_state_check] in 1 ms
[2026-03-05 12:32:34,552] <tracer> DEBUG tasks  - Started task[tracer]
[2026-03-05 12:32:34,553] <tracer> DEBUG tasks  - Finished task[tracer] in 1 ms
[2026-03-05 12:32:38,316] <ble_state_check> DEBUG tasks  - Started task[ble_state_check]
[2026-03-05 12:32:38,316] <ble_state_check> DEBUG tasks  - Finished task[ble_state_check] in 0 ms
[2026-03-05 12:32:39,553] <tracer> DEBUG tasks  - Started task[tracer]
[2026-03-05 12:32:39,554] <tracer> DEBUG tasks  - Finished task[tracer] in 1 ms
[2026-03-05 12:32:43,316] <ble_state_check> DEBUG tasks  - Started task[ble_state_check]
[2026-03-05 12:32:43,317] <ble_state_check> DEBUG tasks  - Finished task[ble_state_check] in 1 ms
[2026-03-05 12:32:44,554] <tracer> DEBUG tasks  - Started task[tracer]
[2026-03-05 12:32:44,555] <tracer> DEBUG tasks  - Finished task[tracer] in 1 ms
[2026-03-05 12:32:48,317] <ble_state_check> DEBUG tasks  - Started task[ble_state_check]
[2026-03-05 12:32:48,318] <ble_state_check> DEBUG tasks  - Finished task[ble_state_check] in 1 ms
[2026-03-05 12:32:49,555] <tracer> DEBUG tasks  - Started task[tracer]
[2026-03-05 12:32:49,556] <tracer> DEBUG tasks  - Finished task[tracer] in 1 ms
[2026-03-05 12:32:53,318] <ble_state_check> DEBUG tasks  - Started task[ble_state_check]
[2026-03-05 12:32:53,319] <ble_state_check> DEBUG tasks  - Finished task[ble_state_check] in 1 ms
[2026-03-05 12:32:54,556] <tracer> DEBUG tasks  - Started task[tracer]
[2026-03-05 12:32:54,557] <tracer> DEBUG tasks  - Finished task[tracer] in 1 ms
[2026-03-05 12:32:55,974] <device-connect-incidents> DEBUG tasks  - Started task[device-connect-incidents]
[2026-03-05 12:32:55,975] <device-connect-incidents> DEBUG tasks  - Finished task[device-connect-incidents] in 1 ms
[2026-03-05 12:32:56,251] <duplicate-ip-service> DEBUG tasks  - Started task[duplicate-ip-service]
[2026-03-05 12:32:56,254] <duplicate-ip-service> DEBUG tasks  - Finished task[duplicate-ip-service] in 3 ms
[2026-03-05 12:32:58,085] <autolink-registry-flush> DEBUG tasks  - Started task[autolink-registry-flush]
[2026-03-05 12:32:58,085] <autolink-registry-flush> DEBUG tasks  - Finished task[autolink-registry-flush] in 0 ms
[2026-03-05 12:32:58,103] <live-performance-analytics> DEBUG tasks  - Started task[live-performance-analytics]
[2026-03-05 12:32:58,103] <live-performance-analytics> DEBUG tasks  - Finished task[live-performance-analytics] in 0 ms
[2026-03-05 12:32:58,104] <trigger-throttling-cache-flush> DEBUG tasks  - Started task[trigger-throttling-cache-flush]
[2026-03-05 12:32:58,104] <trigger-throttling-cache-flush> DEBUG tasks  - Finished task[trigger-throttling-cache-flush] in 0 ms
[2026-03-05 12:32:58,116] <cache-cleanup> DEBUG tasks  - Started task[cache-cleanup]
[2026-03-05 12:32:58,117] <cache-cleanup> DEBUG tasks  - Finished task[cache-cleanup] in 1 ms
[2026-03-05 12:32:58,119] <ble_bridge_discovery> DEBUG tasks  - Started task[ble_bridge_discovery]
[2026-03-05 12:32:58,119] <ble_bridge_discovery> DEBUG tasks  - Finished task[ble_bridge_discovery] in 0 ms
[2026-03-05 12:32:58,208] <check-network-interfaces> DEBUG tasks  - Started task[check-network-interfaces]
[2026-03-05 12:32:58,209] <check-network-interfaces> DEBUG tasks  - Finished task[check-network-interfaces] in 1 ms
[2026-03-05 12:32:58,319] <ble_state_check> DEBUG tasks  - Started task[ble_state_check]
[2026-03-05 12:32:58,320] <ble_state_check> DEBUG tasks  - Finished task[ble_state_check] in 1 ms
[2026-03-05 12:32:59,557] <tracer> DEBUG tasks  - Started task[tracer]
[2026-03-05 12:32:59,557] <tracer> DEBUG tasks  - Finished task[tracer] in 0 ms
[2026-03-05 12:33:03,320] <ble_state_check> DEBUG tasks  - Started task[ble_state_check]
[2026-03-05 12:33:03,321] <ble_state_check> DEBUG tasks  - Finished task[ble_state_check] in 1 ms
[2026-03-05 12:33:04,558] <tracer> DEBUG tasks  - Started task[tracer]
[2026-03-05 12:33:04,559] <tracer> DEBUG tasks  - Finished task[tracer] in 1 ms
[2026-03-05 12:33:05,073] <wifi-connection-events-flush> DEBUG tasks  - Started task[wifi-connection-events-flush]
[2026-03-05 12:33:05,075] <wifi-connection-events-flush> DEBUG tasks  - Finished task[wifi-connection-events-flush] in 2 ms
[2026-03-05 12:33:05,988] <device-state-check> DEBUG tasks  - Started task[device-state-check]
[2026-03-05 12:33:05,988] <device-state-check> DEBUG tasks  - Finished task[device-state-check] in 0 ms
[2026-03-05 12:33:08,199] <wss-connection> DEBUG tasks  - Started task[wss-connection]
[2026-03-05 12:33:08,199] <wss-connection> DEBUG tasks  - Finished task[wss-connection] in 0 ms
[2026-03-05 12:33:08,206] <stamgr> DEBUG tasks  - Started task[stamgr]
[2026-03-05 12:33:08,207] <stamgr> DEBUG tasks  - Finished task[stamgr] in 0 ms
[2026-03-05 12:33:08,322] <ble_state_check> DEBUG tasks  - Started task[ble_state_check]
[2026-03-05 12:33:08,323] <ble_state_check> DEBUG tasks  - Finished task[ble_state_check] in 1 ms
[2026-03-05 12:33:08,805] <webrtc-connection> DEBUG tasks  - Started task[webrtc-connection]
[2026-03-05 12:33:08,806] <webrtc-connection> DEBUG tasks  - Finished task[webrtc-connection] in 1 ms
[2026-03-05 12:33:09,559] <tracer> DEBUG tasks  - Started task[tracer]
[2026-03-05 12:33:09,560] <tracer> DEBUG tasks  - Finished task[tracer] in 1 ms
[2026-03-05 12:33:13,215] <facebook-wifi-token-validation> DEBUG tasks  - Started task[facebook-wifi-token-validation]
[2026-03-05 12:33:13,216] <facebook-wifi-token-validation> DEBUG tasks  - Finished task[facebook-wifi-token-validation] in 1 ms
[2026-03-05 12:33:13,243] <ips-alert-caching> DEBUG tasks  - Started task[ips-alert-caching]
[2026-03-05 12:33:13,244] <ips-alert-caching> DEBUG tasks  - Finished task[ips-alert-caching] in 1 ms
[2026-03-05 12:33:13,323] <ble_state_check> DEBUG tasks  - Started task[ble_state_check]
[2026-03-05 12:33:13,324] <ble_state_check> DEBUG tasks  - Finished task[ble_state_check] in 0 ms
[2026-03-05 12:33:14,560] <tracer> DEBUG tasks  - Started task[tracer]
[2026-03-05 12:33:14,560] <tracer> DEBUG tasks  - Finished task[tracer] in 0 ms
[2026-03-05 12:33:18,324] <ble_state_check> DEBUG tasks  - Started task[ble_state_check]
[2026-03-05 12:33:18,325] <ble_state_check> DEBUG tasks  - Finished task[ble_state_check] in 1 ms
[2026-03-05 12:33:19,561] <tracer> DEBUG tasks  - Started task[tracer]
[2026-03-05 12:33:19,561] <tracer> DEBUG tasks  - Finished task[tracer] in 0 ms
[2026-03-05 12:33:23,325] <ble_state_check> DEBUG tasks  - Started task[ble_state_check]
[2026-03-05 12:33:23,326] <ble_state_check> DEBUG tasks  - Finished task[ble_state_check] in 1 ms
[2026-03-05 12:33:24,562] <tracer> DEBUG tasks  - Started task[tracer]
[2026-03-05 12:33:24,562] <tracer> DEBUG tasks  - Finished task[tracer] in 0 ms
[2026-03-05 12:33:25,976] <device-connect-incidents> DEBUG tasks  - Started task[device-connect-incidents]
[2026-03-05 12:33:25,977] <device-connect-incidents> DEBUG tasks  - Finished task[device-connect-incidents] in 1 ms
[2026-03-05 12:33:28,120] <ble_bridge_discovery> DEBUG tasks  - Started task[ble_bridge_discovery]
[2026-03-05 12:33:28,120] <ble_bridge_discovery> DEBUG tasks  - Finished task[ble_bridge_discovery] in 0 ms
[2026-03-05 12:33:28,228] <lte-device-license-check> DEBUG tasks  - Started task[lte-device-license-check]
[2026-03-05 12:33:28,229] <lte-device-license-check> DEBUG tasks  - Finished task[lte-device-license-check] in 1 ms
[2026-03-05 12:33:28,326] <ble_state_check> DEBUG tasks  - Started task[ble_state_check]
[2026-03-05 12:33:28,327] <ble_state_check> DEBUG tasks  - Finished task[ble_state_check] in 1 ms
[2026-03-05 12:33:29,563] <tracer> DEBUG tasks  - Started task[tracer]
[2026-03-05 12:33:29,563] <tracer> DEBUG tasks  - Finished task[tracer] in 0 ms
[2026-03-05 12:33:33,327] <ble_state_check> DEBUG tasks  - Started task[ble_state_check]
[2026-03-05 12:33:33,328] <ble_state_check> DEBUG tasks  - Finished task[ble_state_check] in 1 ms
[2026-03-05 12:33:34,563] <tracer> DEBUG tasks  - Started task[tracer]
[2026-03-05 12:33:34,564] <tracer> DEBUG tasks  - Finished task[tracer] in 1 ms
[2026-03-05 12:33:38,328] <ble_state_check> DEBUG tasks  - Started task[ble_state_check]
[2026-03-05 12:33:38,329] <ble_state_check> DEBUG tasks  - Finished task[ble_state_check] in 1 ms
[2026-03-05 12:33:39,564] <tracer> DEBUG tasks  - Started task[tracer]
[2026-03-05 12:33:39,565] <tracer> DEBUG tasks  - Finished task[tracer] in 1 ms
[2026-03-05 12:33:43,330] <ble_state_check> DEBUG tasks  - Started task[ble_state_check]
[2026-03-05 12:33:43,330] <ble_state_check> DEBUG tasks  - Finished task[ble_state_check] in 0 ms
[2026-03-05 12:33:44,565] <tracer> DEBUG tasks  - Started task[tracer]
[2026-03-05 12:33:44,566] <tracer> DEBUG tasks  - Finished task[tracer] in 1 ms
[2026-03-05 12:33:48,331] <ble_state_check> DEBUG tasks  - Started task[ble_state_check]
[2026-03-05 12:33:48,332] <ble_state_check> DEBUG tasks  - Finished task[ble_state_check] in 1 ms
[2026-03-05 12:33:49,566] <tracer> DEBUG tasks  - Started task[tracer]
[2026-03-05 12:33:49,566] <tracer> DEBUG tasks  - Finished task[tracer] in 0 ms
[2026-03-05 12:33:53,332] <ble_state_check> DEBUG tasks  - Started task[ble_state_check]
[2026-03-05 12:33:53,333] <ble_state_check> DEBUG tasks  - Finished task[ble_state_check] in 1 ms
[2026-03-05 12:33:54,567] <tracer> DEBUG tasks  - Started task[tracer]
[2026-03-05 12:33:54,568] <tracer> DEBUG tasks  - Finished task[tracer] in 1 ms
[2026-03-05 12:33:55,977] <device-connect-incidents> DEBUG tasks  - Started task[device-connect-incidents]
[2026-03-05 12:33:55,978] <device-connect-incidents> DEBUG tasks  - Finished task[device-connect-incidents] in 1 ms
[2026-03-05 12:33:56,254] <duplicate-ip-service> DEBUG tasks  - Started task[duplicate-ip-service]
[2026-03-05 12:33:56,255] <duplicate-ip-service> DEBUG tasks  - Finished task[duplicate-ip-service] in 1 ms
[2026-03-05 12:33:58,086] <autolink-registry-flush> DEBUG tasks  - Started task[autolink-registry-flush]
[2026-03-05 12:33:58,086] <autolink-registry-flush> DEBUG tasks  - Finished task[autolink-registry-flush] in 0 ms
[2026-03-05 12:33:58,104] <live-performance-analytics> DEBUG tasks  - Started task[live-performance-analytics]
[2026-03-05 12:33:58,104] <live-performance-analytics> DEBUG tasks  - Finished task[live-performance-analytics] in 0 ms
[2026-03-05 12:33:58,104] <trigger-throttling-cache-flush> DEBUG tasks  - Started task[trigger-throttling-cache-flush]
[2026-03-05 12:33:58,104] <trigger-throttling-cache-flush> DEBUG tasks  - Finished task[trigger-throttling-cache-flush] in 0 ms
[2026-03-05 12:33:58,120] <ble_bridge_discovery> DEBUG tasks  - Started task[ble_bridge_discovery]
[2026-03-05 12:33:58,121] <ble_bridge_discovery> DEBUG tasks  - Finished task[ble_bridge_discovery] in 1 ms
[2026-03-05 12:33:58,209] <check-network-interfaces> DEBUG tasks  - Started task[check-network-interfaces]
[2026-03-05 12:33:58,210] <check-network-interfaces> DEBUG tasks  - Finished task[check-network-interfaces] in 1 ms
[2026-03-05 12:33:58,212] <cache> DEBUG tasks  - Started task[cache]
[2026-03-05 12:33:58,213] <cache> DEBUG tasks  - Finished task[cache] in 1 ms
[2026-03-05 12:33:58,219] <print-time-series-cache-stats> DEBUG tasks  - Started task[print-time-series-cache-stats]
[2026-03-05 12:33:58,219] <print-time-series-cache-stats> DEBUG tasks  - Finished task[print-time-series-cache-stats] in 0 ms
[2026-03-05 12:33:58,333] <ble_state_check> DEBUG tasks  - Started task[ble_state_check]
[2026-03-05 12:33:58,334] <ble_state_check> DEBUG tasks  - Finished task[ble_state_check] in 1 ms
[2026-03-05 12:33:59,568] <tracer> DEBUG tasks  - Started task[tracer]
[2026-03-05 12:33:59,569] <tracer> DEBUG tasks  - Finished task[tracer] in 1 ms
[2026-03-05 12:34:03,334] <ble_state_check> DEBUG tasks  - Started task[ble_state_check]
[2026-03-05 12:34:03,335] <ble_state_check> DEBUG tasks  - Finished task[ble_state_check] in 1 ms
[2026-03-05 12:34:04,569] <tracer> DEBUG tasks  - Started task[tracer]
[2026-03-05 12:34:04,569] <tracer> DEBUG tasks  - Finished task[tracer] in 0 ms
[2026-03-05 12:34:05,989] <device-state-check> DEBUG tasks  - Started task[device-state-check]
[2026-03-05 12:34:05,990] <device-state-check> DEBUG tasks  - Finished task[device-state-check] in 1 ms
[2026-03-05 12:34:08,207] <stamgr> DEBUG tasks  - Started task[stamgr]
[2026-03-05 12:34:08,210] <stamgr> DEBUG tasks  - Finished task[stamgr] in 3 ms
[2026-03-05 12:34:08,336] <ble_state_check> DEBUG tasks  - Started task[ble_state_check]
[2026-03-05 12:34:08,336] <ble_state_check> DEBUG tasks  - Finished task[ble_state_check] in 0 ms
[2026-03-05 12:34:08,806] <webrtc-connection> DEBUG tasks  - Started task[webrtc-connection]
[2026-03-05 12:34:08,807] <webrtc-connection> DEBUG tasks  - Finished task[webrtc-connection] in 1 ms
[2026-03-05 12:34:09,573] <tracer> DEBUG tasks  - Started task[tracer]
[2026-03-05 12:34:09,573] <tracer> DEBUG tasks  - Finished task[tracer] in 0 ms
[2026-03-05 12:34:13,337] <ble_state_check> DEBUG tasks  - Started task[ble_state_check]
[2026-03-05 12:34:13,337] <ble_state_check> DEBUG tasks  - Finished task[ble_state_check] in 1 ms
[2026-03-05 12:34:14,574] <tracer> DEBUG tasks  - Started task[tracer]
[2026-03-05 12:34:14,574] <tracer> DEBUG tasks  - Finished task[tracer] in 0 ms
[2026-03-05 12:34:18,337] <ble_state_check> DEBUG tasks  - Started task[ble_state_check]
[2026-03-05 12:34:18,338] <ble_state_check> DEBUG tasks  - Finished task[ble_state_check] in 1 ms
[2026-03-05 12:34:19,575] <tracer> DEBUG tasks  - Started task[tracer]
[2026-03-05 12:34:19,576] <tracer> DEBUG tasks  - Finished task[tracer] in 1 ms
[2026-03-05 12:34:23,338] <ble_state_check> DEBUG tasks  - Started task[ble_state_check]
[2026-03-05 12:34:23,338] <ble_state_check> DEBUG tasks  - Finished task[ble_state_check] in 0 ms
[2026-03-05 12:34:24,576] <tracer> DEBUG tasks  - Started task[tracer]
[2026-03-05 12:34:24,576] <tracer> DEBUG tasks  - Finished task[tracer] in 0 ms
[2026-03-05 12:34:25,978] <device-connect-incidents> DEBUG tasks  - Started task[device-connect-incidents]
[2026-03-05 12:34:25,979] <device-connect-incidents> DEBUG tasks  - Finished task[device-connect-incidents] in 1 ms
[2026-03-05 12:34:28,121] <ble_bridge_discovery> DEBUG tasks  - Started task[ble_bridge_discovery]
[2026-03-05 12:34:28,122] <ble_bridge_discovery> DEBUG tasks  - Finished task[ble_bridge_discovery] in 1 ms
[2026-03-05 12:34:28,339] <ble_state_check> DEBUG tasks  - Started task[ble_state_check]
[2026-03-05 12:34:28,339] <ble_state_check> DEBUG tasks  - Finished task[ble_state_check] in 0 ms
[2026-03-05 12:34:29,577] <tracer> DEBUG tasks  - Started task[tracer]
[2026-03-05 12:34:29,577] <tracer> DEBUG tasks  - Finished task[tracer] in 0 ms
[2026-03-05 12:34:33,342] <ble_state_check> DEBUG tasks  - Started task[ble_state_check]
[2026-03-05 12:34:33,343] <ble_state_check> DEBUG tasks  - Finished task[ble_state_check] in 1 ms
[2026-03-05 12:34:34,578] <tracer> DEBUG tasks  - Started task[tracer]
[2026-03-05 12:34:34,578] <tracer> DEBUG tasks  - Finished task[tracer] in 0 ms
[2026-03-05 12:34:38,343] <ble_state_check> DEBUG tasks  - Started task[ble_state_check]
[2026-03-05 12:34:38,343] <ble_state_check> DEBUG tasks  - Finished task[ble_state_check] in 0 ms
[2026-03-05 12:34:39,579] <tracer> DEBUG tasks  - Started task[tracer]
[2026-03-05 12:34:39,579] <tracer> DEBUG tasks  - Finished task[tracer] in 1 ms
[2026-03-05 12:34:43,344] <ble_state_check> DEBUG tasks  - Started task[ble_state_check]
[2026-03-05 12:34:43,344] <ble_state_check> DEBUG tasks  - Finished task[ble_state_check] in 0 ms
[2026-03-05 12:34:44,579] <tracer> DEBUG tasks  - Started task[tracer]
[2026-03-05 12:34:44,580] <tracer> DEBUG tasks  - Finished task[tracer] in 1 ms
[2026-03-05 12:34:48,344] <ble_state_check> DEBUG tasks  - Started task[ble_state_check]
[2026-03-05 12:34:48,345] <ble_state_check> DEBUG tasks  - Finished task[ble_state_check] in 1 ms
[2026-03-05 12:34:49,580] <tracer> DEBUG tasks  - Started task[tracer]
[2026-03-05 12:34:49,581] <tracer> DEBUG tasks  - Finished task[tracer] in 1 ms
[2026-03-05 12:34:53,346] <ble_state_check> DEBUG tasks  - Started task[ble_state_check]
[2026-03-05 12:34:53,346] <ble_state_check> DEBUG tasks  - Finished task[ble_state_check] in 0 ms
[2026-03-05 12:34:54,583] <tracer> DEBUG tasks  - Started task[tracer]
[2026-03-05 12:34:54,584] <tracer> DEBUG tasks  - Finished task[tracer] in 1 ms
[2026-03-05 12:34:55,980] <device-connect-incidents> DEBUG tasks  - Started task[device-connect-incidents]
[2026-03-05 12:34:55,981] <device-connect-incidents> DEBUG tasks  - Finished task[device-connect-incidents] in 1 ms
[2026-03-05 12:34:56,257] <duplicate-ip-service> DEBUG tasks  - Started task[duplicate-ip-service]
[2026-03-05 12:34:56,258] <duplicate-ip-service> DEBUG tasks  - Finished task[duplicate-ip-service] in 1 ms
[2026-03-05 12:34:58,086] <autolink-registry-flush> DEBUG tasks  - Started task[autolink-registry-flush]
[2026-03-05 12:34:58,087] <autolink-registry-flush> DEBUG tasks  - Finished task[autolink-registry-flush] in 1 ms
[2026-03-05 12:34:58,104] <live-performance-analytics> DEBUG tasks  - Started task[live-performance-analytics]
[2026-03-05 12:34:58,105] <live-performance-analytics> DEBUG tasks  - Finished task[live-performance-analytics] in 1 ms
[2026-03-05 12:34:58,105] <trigger-throttling-cache-flush> DEBUG tasks  - Started task[trigger-throttling-cache-flush]
[2026-03-05 12:34:58,105] <trigger-throttling-cache-flush> DEBUG tasks  - Finished task[trigger-throttling-cache-flush] in 0 ms
[2026-03-05 12:34:58,122] <ble_bridge_discovery> DEBUG tasks  - Started task[ble_bridge_discovery]
[2026-03-05 12:34:58,123] <ble_bridge_discovery> DEBUG tasks  - Finished task[ble_bridge_discovery] in 1 ms
[2026-03-05 12:34:58,211] <check-network-interfaces> DEBUG tasks  - Started task[check-network-interfaces]
[2026-03-05 12:34:58,212] <check-network-interfaces> DEBUG tasks  - Finished task[check-network-interfaces] in 1 ms
[2026-03-05 12:34:58,347] <ble_state_check> DEBUG tasks  - Started task[ble_state_check]
[2026-03-05 12:34:58,347] <ble_state_check> DEBUG tasks  - Finished task[ble_state_check] in 0 ms
[2026-03-05 12:34:59,584] <tracer> DEBUG tasks  - Started task[tracer]
[2026-03-05 12:34:59,585] <tracer> DEBUG tasks  - Finished task[tracer] in 1 ms
[2026-03-05 12:35:03,347] <ble_state_check> DEBUG tasks  - Started task[ble_state_check]
[2026-03-05 12:35:03,348] <ble_state_check> DEBUG tasks  - Finished task[ble_state_check] in 1 ms
[2026-03-05 12:35:04,585] <tracer> DEBUG tasks  - Started task[tracer]
[2026-03-05 12:35:04,585] <tracer> DEBUG tasks  - Finished task[tracer] in 0 ms
[2026-03-05 12:35:05,990] <device-state-check> DEBUG tasks  - Started task[device-state-check]
[2026-03-05 12:35:05,992] <device-state-check> DEBUG tasks  - Finished task[device-state-check] in 2 ms
[2026-03-05 12:35:08,210] <stamgr> DEBUG tasks  - Started task[stamgr]
[2026-03-05 12:35:08,210] <stamgr> DEBUG tasks  - Finished task[stamgr] in 0 ms
[2026-03-05 12:35:08,348] <ble_state_check> DEBUG tasks  - Started task[ble_state_check]
[2026-03-05 12:35:08,349] <ble_state_check> DEBUG tasks  - Finished task[ble_state_check] in 1 ms
[2026-03-05 12:35:08,807] <webrtc-connection> DEBUG tasks  - Started task[webrtc-connection]
[2026-03-05 12:35:08,807] <webrtc-connection> DEBUG tasks  - Finished task[webrtc-connection] in 0 ms
[2026-03-05 12:35:09,586] <tracer> DEBUG tasks  - Started task[tracer]
[2026-03-05 12:35:09,586] <tracer> DEBUG tasks  - Finished task[tracer] in 0 ms
[2026-03-05 12:35:13,349] <ble_state_check> DEBUG tasks  - Started task[ble_state_check]
[2026-03-05 12:35:13,350] <ble_state_check> DEBUG tasks  - Finished task[ble_state_check] in 1 ms
[2026-03-05 12:35:14,586] <tracer> DEBUG tasks  - Started task[tracer]
[2026-03-05 12:35:14,587] <tracer> DEBUG tasks  - Finished task[tracer] in 1 ms
[2026-03-05 12:35:18,350] <ble_state_check> DEBUG tasks  - Started task[ble_state_check]
[2026-03-05 12:35:18,351] <ble_state_check> DEBUG tasks  - Finished task[ble_state_check] in 1 ms
[2026-03-05 12:35:19,587] <tracer> DEBUG tasks  - Started task[tracer]
[2026-03-05 12:35:19,588] <tracer> DEBUG tasks  - Finished task[tracer] in 1 ms
[2026-03-05 12:35:23,352] <ble_state_check> DEBUG tasks  - Started task[ble_state_check]
[2026-03-05 12:35:23,352] <ble_state_check> DEBUG tasks  - Finished task[ble_state_check] in 0 ms
[2026-03-05 12:35:24,588] <tracer> DEBUG tasks  - Started task[tracer]
[2026-03-05 12:35:24,589] <tracer> DEBUG tasks  - Finished task[tracer] in 1 ms
[2026-03-05 12:35:25,982] <device-connect-incidents> DEBUG tasks  - Started task[device-connect-incidents]
[2026-03-05 12:35:25,982] <device-connect-incidents> DEBUG tasks  - Finished task[device-connect-incidents] in 0 ms
[2026-03-05 12:35:28,123] <ble_bridge_discovery> DEBUG tasks  - Started task[ble_bridge_discovery]
[2026-03-05 12:35:28,124] <ble_bridge_discovery> DEBUG tasks  - Finished task[ble_bridge_discovery] in 1 ms
[2026-03-05 12:35:28,353] <ble_state_check> DEBUG tasks  - Started task[ble_state_check]
[2026-03-05 12:35:28,353] <ble_state_check> DEBUG tasks  - Finished task[ble_state_check] in 0 ms
[2026-03-05 12:35:29,589] <tracer> DEBUG tasks  - Started task[tracer]
[2026-03-05 12:35:29,589] <tracer> DEBUG tasks  - Finished task[tracer] in 0 ms
[2026-03-05 12:35:33,354] <ble_state_check> DEBUG tasks  - Started task[ble_state_check]
[2026-03-05 12:35:33,355] <ble_state_check> DEBUG tasks  - Finished task[ble_state_check] in 1 ms
[2026-03-05 12:35:34,590] <tracer> DEBUG tasks  - Started task[tracer]
[2026-03-05 12:35:34,590] <tracer> DEBUG tasks  - Finished task[tracer] in 0 ms
[2026-03-05 12:35:38,355] <ble_state_check> DEBUG tasks  - Started task[ble_state_check]
[2026-03-05 12:35:38,356] <ble_state_check> DEBUG tasks  - Finished task[ble_state_check] in 1 ms
[2026-03-05 12:35:39,590] <tracer> DEBUG tasks  - Started task[tracer]
[2026-03-05 12:35:39,592] <tracer> DEBUG tasks  - Finished task[tracer] in 2 ms
[2026-03-05 12:35:43,356] <ble_state_check> DEBUG tasks  - Started task[ble_state_check]
[2026-03-05 12:35:43,357] <ble_state_check> DEBUG tasks  - Finished task[ble_state_check] in 1 ms
[2026-03-05 12:35:44,592] <tracer> DEBUG tasks  - Started task[tracer]
[2026-03-05 12:35:44,593] <tracer> DEBUG tasks  - Finished task[tracer] in 1 ms
[2026-03-05 12:35:48,357] <ble_state_check> DEBUG tasks  - Started task[ble_state_check]
[2026-03-05 12:35:48,357] <ble_state_check> DEBUG tasks  - Finished task[ble_state_check] in 0 ms
[2026-03-05 12:35:49,593] <tracer> DEBUG tasks  - Started task[tracer]
[2026-03-05 12:35:49,593] <tracer> DEBUG tasks  - Finished task[tracer] in 0 ms
[2026-03-05 12:35:53,358] <ble_state_check> DEBUG tasks  - Started task[ble_state_check]
[2026-03-05 12:35:53,358] <ble_state_check> DEBUG tasks  - Finished task[ble_state_check] in 0 ms
[2026-03-05 12:35:54,594] <tracer> DEBUG tasks  - Started task[tracer]
[2026-03-05 12:35:54,594] <tracer> DEBUG tasks  - Finished task[tracer] in 0 ms
[2026-03-05 12:35:55,983] <device-connect-incidents> DEBUG tasks  - Started task[device-connect-incidents]
[2026-03-05 12:35:55,983] <device-connect-incidents> DEBUG tasks  - Finished task[device-connect-incidents] in 0 ms
[2026-03-05 12:35:56,258] <duplicate-ip-service> DEBUG tasks  - Started task[duplicate-ip-service]
[2026-03-05 12:35:56,259] <duplicate-ip-service> DEBUG tasks  - Finished task[duplicate-ip-service] in 1 ms
[2026-03-05 12:35:58,087] <autolink-registry-flush> DEBUG tasks  - Started task[autolink-registry-flush]
[2026-03-05 12:35:58,087] <autolink-registry-flush> DEBUG tasks  - Finished task[autolink-registry-flush] in 0 ms
[2026-03-05 12:35:58,105] <live-performance-analytics> DEBUG tasks  - Started task[live-performance-analytics]
[2026-03-05 12:35:58,106] <live-performance-analytics> DEBUG tasks  - Finished task[live-performance-analytics] in 1 ms
[2026-03-05 12:35:58,106] <trigger-throttling-cache-flush> DEBUG tasks  - Started task[trigger-throttling-cache-flush]
[2026-03-05 12:35:58,106] <trigger-throttling-cache-flush> DEBUG tasks  - Finished task[trigger-throttling-cache-flush] in 0 ms
[2026-03-05 12:35:58,124] <ble_bridge_discovery> DEBUG tasks  - Started task[ble_bridge_discovery]
[2026-03-05 12:35:58,124] <ble_bridge_discovery> DEBUG tasks  - Finished task[ble_bridge_discovery] in 0 ms
[2026-03-05 12:35:58,213] <check-network-interfaces> DEBUG tasks  - Started task[check-network-interfaces]
[2026-03-05 12:35:58,213] <check-network-interfaces> DEBUG tasks  - Finished task[check-network-interfaces] in 0 ms
[2026-03-05 12:35:58,359] <ble_state_check> DEBUG tasks  - Started task[ble_state_check]
[2026-03-05 12:35:58,359] <ble_state_check> DEBUG tasks  - Finished task[ble_state_check] in 0 ms
[2026-03-05 12:35:59,594] <tracer> DEBUG tasks  - Started task[tracer]
[2026-03-05 12:35:59,595] <tracer> DEBUG tasks  - Finished task[tracer] in 1 ms
[2026-03-05 12:36:03,359] <ble_state_check> DEBUG tasks  - Started task[ble_state_check]
[2026-03-05 12:36:03,360] <ble_state_check> DEBUG tasks  - Finished task[ble_state_check] in 1 ms
[2026-03-05 12:36:04,595] <tracer> DEBUG tasks  - Started task[tracer]
[2026-03-05 12:36:04,595] <tracer> DEBUG tasks  - Finished task[tracer] in 0 ms
[2026-03-05 12:36:05,992] <device-state-check> DEBUG tasks  - Started task[device-state-check]
[2026-03-05 12:36:05,993] <device-state-check> DEBUG tasks  - Finished task[device-state-check] in 1 ms
[2026-03-05 12:36:08,212] <stamgr> DEBUG tasks  - Started task[stamgr]
[2026-03-05 12:36:08,212] <stamgr> DEBUG tasks  - Finished task[stamgr] in 0 ms
[2026-03-05 12:36:08,360] <ble_state_check> DEBUG tasks  - Started task[ble_state_check]
[2026-03-05 12:36:08,361] <ble_state_check> DEBUG tasks  - Finished task[ble_state_check] in 1 ms
[2026-03-05 12:36:08,808] <webrtc-connection> DEBUG tasks  - Started task[webrtc-connection]
[2026-03-05 12:36:08,808] <webrtc-connection> DEBUG tasks  - Finished task[webrtc-connection] in 0 ms
[2026-03-05 12:36:09,596] <tracer> DEBUG tasks  - Started task[tracer]
[2026-03-05 12:36:09,596] <tracer> DEBUG tasks  - Finished task[tracer] in 0 ms
[2026-03-05 12:36:13,361] <ble_state_check> DEBUG tasks  - Started task[ble_state_check]
[2026-03-05 12:36:13,362] <ble_state_check> DEBUG tasks  - Finished task[ble_state_check] in 1 ms
[2026-03-05 12:36:14,597] <tracer> DEBUG tasks  - Started task[tracer]
[2026-03-05 12:36:14,597] <tracer> DEBUG tasks  - Finished task[tracer] in 0 ms
[2026-03-05 12:36:18,362] <ble_state_check> DEBUG tasks  - Started task[ble_state_check]
[2026-03-05 12:36:18,363] <ble_state_check> DEBUG tasks  - Finished task[ble_state_check] in 1 ms
[2026-03-05 12:36:19,598] <tracer> DEBUG tasks  - Started task[tracer]
[2026-03-05 12:36:19,598] <tracer> DEBUG tasks  - Finished task[tracer] in 0 ms
[2026-03-05 12:36:23,363] <ble_state_check> DEBUG tasks  - Started task[ble_state_check]
[2026-03-05 12:36:23,364] <ble_state_check> DEBUG tasks  - Finished task[ble_state_check] in 1 ms
[2026-03-05 12:36:24,598] <tracer> DEBUG tasks  - Started task[tracer]
[2026-03-05 12:36:24,599] <tracer> DEBUG tasks  - Finished task[tracer] in 1 ms
[2026-03-05 12:36:25,984] <device-connect-incidents> DEBUG tasks  - Started task[device-connect-incidents]
[2026-03-05 12:36:25,984] <device-connect-incidents> DEBUG tasks  - Finished task[device-connect-incidents] in 1 ms
[2026-03-05 12:36:28,125] <ble_bridge_discovery> DEBUG tasks  - Started task[ble_bridge_discovery]
[2026-03-05 12:36:28,125] <ble_bridge_discovery> DEBUG tasks  - Finished task[ble_bridge_discovery] in 0 ms
[2026-03-05 12:36:28,364] <ble_state_check> DEBUG tasks  - Started task[ble_state_check]
[2026-03-05 12:36:28,365] <ble_state_check> DEBUG tasks  - Finished task[ble_state_check] in 1 ms
[2026-03-05 12:36:29,599] <tracer> DEBUG tasks  - Started task[tracer]
[2026-03-05 12:36:29,600] <tracer> DEBUG tasks  - Finished task[tracer] in 1 ms
[2026-03-05 12:36:33,365] <ble_state_check> DEBUG tasks  - Started task[ble_state_check]
[2026-03-05 12:36:33,366] <ble_state_check> DEBUG tasks  - Finished task[ble_state_check] in 1 ms
[2026-03-05 12:36:34,600] <tracer> DEBUG tasks  - Started task[tracer]
[2026-03-05 12:36:34,600] <tracer> DEBUG tasks  - Finished task[tracer] in 0 ms
[2026-03-05 12:36:38,366] <ble_state_check> DEBUG tasks  - Started task[ble_state_check]
[2026-03-05 12:36:38,367] <ble_state_check> DEBUG tasks  - Finished task[ble_state_check] in 1 ms
[2026-03-05 12:36:39,601] <tracer> DEBUG tasks  - Started task[tracer]
[2026-03-05 12:36:39,601] <tracer> DEBUG tasks  - Finished task[tracer] in 0 ms
[2026-03-05 12:36:43,368] <ble_state_check> DEBUG tasks  - Started task[ble_state_check]
[2026-03-05 12:36:43,369] <ble_state_check> DEBUG tasks  - Finished task[ble_state_check] in 1 ms
[2026-03-05 12:36:44,602] <tracer> DEBUG tasks  - Started task[tracer]
[2026-03-05 12:36:44,602] <tracer> DEBUG tasks  - Finished task[tracer] in 0 ms
[2026-03-05 12:36:48,369] <ble_state_check> DEBUG tasks  - Started task[ble_state_check]
[2026-03-05 12:36:48,370] <ble_state_check> DEBUG tasks  - Finished task[ble_state_check] in 1 ms
[2026-03-05 12:36:49,603] <tracer> DEBUG tasks  - Started task[tracer]
[2026-03-05 12:36:49,603] <tracer> DEBUG tasks  - Finished task[tracer] in 0 ms
[2026-03-05 12:36:53,370] <ble_state_check> DEBUG tasks  - Started task[ble_state_check]
[2026-03-05 12:36:53,371] <ble_state_check> DEBUG tasks  - Finished task[ble_state_check] in 1 ms
[2026-03-05 12:36:54,604] <tracer> DEBUG tasks  - Started task[tracer]
[2026-03-05 12:36:54,604] <tracer> DEBUG tasks  - Finished task[tracer] in 0 ms
[2026-03-05 12:36:55,985] <device-connect-incidents> DEBUG tasks  - Started task[device-connect-incidents]
[2026-03-05 12:36:55,985] <device-connect-incidents> DEBUG tasks  - Finished task[device-connect-incidents] in 0 ms
[2026-03-05 12:36:56,260] <duplicate-ip-service> DEBUG tasks  - Started task[duplicate-ip-service]
[2026-03-05 12:36:56,261] <duplicate-ip-service> DEBUG tasks  - Finished task[duplicate-ip-service] in 1 ms
[2026-03-05 12:36:58,088] <autolink-registry-flush> DEBUG tasks  - Started task[autolink-registry-flush]
[2026-03-05 12:36:58,088] <autolink-registry-flush> DEBUG tasks  - Finished task[autolink-registry-flush] in 0 ms
[2026-03-05 12:36:58,106] <live-performance-analytics> DEBUG tasks  - Started task[live-performance-analytics]
[2026-03-05 12:36:58,106] <trigger-throttling-cache-flush> DEBUG tasks  - Started task[trigger-throttling-cache-flush]
[2026-03-05 12:36:58,106] <live-performance-analytics> DEBUG tasks  - Finished task[live-performance-analytics] in 0 ms
[2026-03-05 12:36:58,107] <trigger-throttling-cache-flush> DEBUG tasks  - Finished task[trigger-throttling-cache-flush] in 1 ms
[2026-03-05 12:36:58,125] <ble_bridge_discovery> DEBUG tasks  - Started task[ble_bridge_discovery]
[2026-03-05 12:36:58,126] <ble_bridge_discovery> DEBUG tasks  - Finished task[ble_bridge_discovery] in 1 ms
[2026-03-05 12:36:58,214] <check-network-interfaces> DEBUG tasks  - Started task[check-network-interfaces]
[2026-03-05 12:36:58,215] <check-network-interfaces> DEBUG tasks  - Finished task[check-network-interfaces] in 1 ms
[2026-03-05 12:36:58,371] <ble_state_check> DEBUG tasks  - Started task[ble_state_check]
[2026-03-05 12:36:58,372] <ble_state_check> DEBUG tasks  - Finished task[ble_state_check] in 1 ms
[2026-03-05 12:36:59,605] <tracer> DEBUG tasks  - Started task[tracer]
[2026-03-05 12:36:59,605] <tracer> DEBUG tasks  - Finished task[tracer] in 1 ms
[2026-03-05 12:37:03,372] <ble_state_check> DEBUG tasks  - Started task[ble_state_check]
[2026-03-05 12:37:03,373] <ble_state_check> DEBUG tasks  - Finished task[ble_state_check] in 1 ms
[2026-03-05 12:37:04,605] <tracer> DEBUG tasks  - Started task[tracer]
[2026-03-05 12:37:04,606] <tracer> DEBUG tasks  - Finished task[tracer] in 1 ms
[2026-03-05 12:37:05,993] <device-state-check> DEBUG tasks  - Started task[device-state-check]
[2026-03-05 12:37:05,994] <device-state-check> DEBUG tasks  - Finished task[device-state-check] in 1 ms
[2026-03-05 12:37:08,213] <stamgr> DEBUG tasks  - Started task[stamgr]
[2026-03-05 12:37:08,213] <stamgr> DEBUG tasks  - Finished task[stamgr] in 0 ms
[2026-03-05 12:37:08,373] <ble_state_check> DEBUG tasks  - Started task[ble_state_check]
[2026-03-05 12:37:08,373] <ble_state_check> DEBUG tasks  - Finished task[ble_state_check] in 0 ms
[2026-03-05 12:37:08,809] <webrtc-connection> DEBUG tasks  - Started task[webrtc-connection]
[2026-03-05 12:37:08,809] <webrtc-connection> DEBUG tasks  - Finished task[webrtc-connection] in 0 ms
[2026-03-05 12:37:09,606] <tracer> DEBUG tasks  - Started task[tracer]
[2026-03-05 12:37:09,607] <tracer> DEBUG tasks  - Finished task[tracer] in 1 ms
[2026-03-05 12:37:13,374] <ble_state_check> DEBUG tasks  - Started task[ble_state_check]
[2026-03-05 12:37:13,374] <ble_state_check> DEBUG tasks  - Finished task[ble_state_check] in 0 ms
[2026-03-05 12:37:14,608] <tracer> DEBUG tasks  - Started task[tracer]
[2026-03-05 12:37:14,608] <tracer> DEBUG tasks  - Finished task[tracer] in 0 ms
[2026-03-05 12:37:18,375] <ble_state_check> DEBUG tasks  - Started task[ble_state_check]
[2026-03-05 12:37:18,375] <ble_state_check> DEBUG tasks  - Finished task[ble_state_check] in 0 ms
[2026-03-05 12:37:19,609] <tracer> DEBUG tasks  - Started task[tracer]
[2026-03-05 12:37:19,609] <tracer> DEBUG tasks  - Finished task[tracer] in 0 ms
[2026-03-05 12:37:23,376] <ble_state_check> DEBUG tasks  - Started task[ble_state_check]
[2026-03-05 12:37:23,377] <ble_state_check> DEBUG tasks  - Finished task[ble_state_check] in 1 ms
[2026-03-05 12:37:24,610] <tracer> DEBUG tasks  - Started task[tracer]
[2026-03-05 12:37:24,610] <tracer> DEBUG tasks  - Finished task[tracer] in 0 ms
[2026-03-05 12:37:25,986] <device-connect-incidents> DEBUG tasks  - Started task[device-connect-incidents]
[2026-03-05 12:37:25,987] <device-connect-incidents> DEBUG tasks  - Finished task[device-connect-incidents] in 1 ms
[2026-03-05 12:37:28,126] <ble_bridge_discovery> DEBUG tasks  - Started task[ble_bridge_discovery]
[2026-03-05 12:37:28,127] <ble_bridge_discovery> DEBUG tasks  - Finished task[ble_bridge_discovery] in 1 ms
[2026-03-05 12:37:28,377] <ble_state_check> DEBUG tasks  - Started task[ble_state_check]
[2026-03-05 12:37:28,377] <ble_state_check> DEBUG tasks  - Finished task[ble_state_check] in 0 ms
[2026-03-05 12:37:29,611] <tracer> DEBUG tasks  - Started task[tracer]
[2026-03-05 12:37:29,611] <tracer> DEBUG tasks  - Finished task[tracer] in 0 ms
[2026-03-05 12:37:33,378] <ble_state_check> DEBUG tasks  - Started task[ble_state_check]
[2026-03-05 12:37:33,378] <ble_state_check> DEBUG tasks  - Finished task[ble_state_check] in 0 ms
[2026-03-05 12:37:34,612] <tracer> DEBUG tasks  - Started task[tracer]
[2026-03-05 12:37:34,612] <tracer> DEBUG tasks  - Finished task[tracer] in 0 ms
[2026-03-05 12:37:38,379] <ble_state_check> DEBUG tasks  - Started task[ble_state_check]
[2026-03-05 12:37:38,379] <ble_state_check> DEBUG tasks  - Finished task[ble_state_check] in 0 ms
[2026-03-05 12:37:39,613] <tracer> DEBUG tasks  - Started task[tracer]
[2026-03-05 12:37:39,613] <tracer> DEBUG tasks  - Finished task[tracer] in 0 ms
[2026-03-05 12:37:43,380] <ble_state_check> DEBUG tasks  - Started task[ble_state_check]
[2026-03-05 12:37:43,380] <ble_state_check> DEBUG tasks  - Finished task[ble_state_check] in 0 ms
[2026-03-05 12:37:44,614] <tracer> DEBUG tasks  - Started task[tracer]
[2026-03-05 12:37:44,615] <tracer> DEBUG tasks  - Finished task[tracer] in 2 ms
[2026-03-05 12:37:48,381] <ble_state_check> DEBUG tasks  - Started task[ble_state_check]
[2026-03-05 12:37:48,382] <ble_state_check> DEBUG tasks  - Finished task[ble_state_check] in 0 ms
[2026-03-05 12:37:49,615] <tracer> DEBUG tasks  - Started task[tracer]
[2026-03-05 12:37:49,616] <tracer> DEBUG tasks  - Finished task[tracer] in 1 ms
[2026-03-05 12:37:53,382] <ble_state_check> DEBUG tasks  - Started task[ble_state_check]
[2026-03-05 12:37:53,383] <ble_state_check> DEBUG tasks  - Finished task[ble_state_check] in 1 ms
[2026-03-05 12:37:54,616] <tracer> DEBUG tasks  - Started task[tracer]
[2026-03-05 12:37:54,617] <tracer> DEBUG tasks  - Finished task[tracer] in 1 ms
[2026-03-05 12:37:55,987] <device-connect-incidents> DEBUG tasks  - Started task[device-connect-incidents]
[2026-03-05 12:37:55,988] <device-connect-incidents> DEBUG tasks  - Finished task[device-connect-incidents] in 1 ms
[2026-03-05 12:37:56,261] <duplicate-ip-service> DEBUG tasks  - Started task[duplicate-ip-service]
[2026-03-05 12:37:56,262] <duplicate-ip-service> DEBUG tasks  - Finished task[duplicate-ip-service] in 1 ms
[2026-03-05 12:37:58,089] <autolink-registry-flush> DEBUG tasks  - Started task[autolink-registry-flush]
[2026-03-05 12:37:58,090] <autolink-registry-flush> DEBUG tasks  - Finished task[autolink-registry-flush] in 1 ms
[2026-03-05 12:37:58,107] <live-performance-analytics> DEBUG tasks  - Started task[live-performance-analytics]
[2026-03-05 12:37:58,107] <trigger-throttling-cache-flush> DEBUG tasks  - Started task[trigger-throttling-cache-flush]
[2026-03-05 12:37:58,107] <live-performance-analytics> DEBUG tasks  - Finished task[live-performance-analytics] in 0 ms
[2026-03-05 12:37:58,107] <trigger-throttling-cache-flush> DEBUG tasks  - Finished task[trigger-throttling-cache-flush] in 0 ms
[2026-03-05 12:37:58,118] <cache-cleanup> DEBUG tasks  - Started task[cache-cleanup]
[2026-03-05 12:37:58,118] <cache-cleanup> DEBUG tasks  - Finished task[cache-cleanup] in 0 ms
[2026-03-05 12:37:58,127] <ble_bridge_discovery> DEBUG tasks  - Started task[ble_bridge_discovery]
[2026-03-05 12:37:58,128] <ble_bridge_discovery> DEBUG tasks  - Finished task[ble_bridge_discovery] in 1 ms
[2026-03-05 12:37:58,215] <request-metric-queue-monitor> DEBUG tasks  - Started task[request-metric-queue-monitor]
[2026-03-05 12:37:58,215] <check-network-interfaces> DEBUG tasks  - Started task[check-network-interfaces]
[2026-03-05 12:37:58,216] <request-metric-queue-monitor> DEBUG tasks  - Finished task[request-metric-queue-monitor] in 1 ms
[2026-03-05 12:37:58,217] <check-network-interfaces> DEBUG tasks  - Finished task[check-network-interfaces] in 2 ms
[2026-03-05 12:37:58,383] <ble_state_check> DEBUG tasks  - Started task[ble_state_check]
[2026-03-05 12:37:58,383] <ble_state_check> DEBUG tasks  - Finished task[ble_state_check] in 0 ms
[2026-03-05 12:37:59,617] <tracer> DEBUG tasks  - Started task[tracer]
[2026-03-05 12:37:59,618] <tracer> DEBUG tasks  - Finished task[tracer] in 1 ms
[2026-03-05 12:38:03,384] <ble_state_check> DEBUG tasks  - Started task[ble_state_check]
[2026-03-05 12:38:03,384] <ble_state_check> DEBUG tasks  - Finished task[ble_state_check] in 0 ms
[2026-03-05 12:38:04,618] <tracer> DEBUG tasks  - Started task[tracer]
[2026-03-05 12:38:04,619] <tracer> DEBUG tasks  - Finished task[tracer] in 1 ms
[2026-03-05 12:38:05,075] <wifi-connection-events-flush> DEBUG tasks  - Started task[wifi-connection-events-flush]
[2026-03-05 12:38:05,076] <wifi-connection-events-flush> DEBUG tasks  - Finished task[wifi-connection-events-flush] in 1 ms
[2026-03-05 12:38:05,995] <device-state-check> DEBUG tasks  - Started task[device-state-check]
[2026-03-05 12:38:05,996] <device-state-check> DEBUG tasks  - Finished task[device-state-check] in 1 ms
[2026-03-05 12:38:08,200] <wss-connection> DEBUG tasks  - Started task[wss-connection]
[2026-03-05 12:38:08,200] <wss-connection> DEBUG tasks  - Finished task[wss-connection] in 1 ms
[2026-03-05 12:38:08,214] <stamgr> DEBUG tasks  - Started task[stamgr]
[2026-03-05 12:38:08,214] <stamgr> DEBUG tasks  - Finished task[stamgr] in 0 ms
[2026-03-05 12:38:08,385] <ble_state_check> DEBUG tasks  - Started task[ble_state_check]
[2026-03-05 12:38:08,385] <ble_state_check> DEBUG tasks  - Finished task[ble_state_check] in 0 ms
[2026-03-05 12:38:08,810] <webrtc-connection> DEBUG tasks  - Started task[webrtc-connection]
[2026-03-05 12:38:08,810] <webrtc-connection> DEBUG tasks  - Finished task[webrtc-connection] in 0 ms
[2026-03-05 12:38:09,619] <tracer> DEBUG tasks  - Started task[tracer]
[2026-03-05 12:38:09,620] <tracer> DEBUG tasks  - Finished task[tracer] in 1 ms
[2026-03-05 12:38:13,217] <facebook-wifi-token-validation> DEBUG tasks  - Started task[facebook-wifi-token-validation]
[2026-03-05 12:38:13,217] <facebook-wifi-token-validation> DEBUG tasks  - Finished task[facebook-wifi-token-validation] in 0 ms
[2026-03-05 12:38:13,245] <ips-alert-caching> DEBUG tasks  - Started task[ips-alert-caching]
[2026-03-05 12:38:13,245] <ips-alert-caching> DEBUG tasks  - Finished task[ips-alert-caching] in 0 ms
[2026-03-05 12:38:13,386] <ble_state_check> DEBUG tasks  - Started task[ble_state_check]
[2026-03-05 12:38:13,386] <ble_state_check> DEBUG tasks  - Finished task[ble_state_check] in 0 ms
[2026-03-05 12:38:14,620] <tracer> DEBUG tasks  - Started task[tracer]
[2026-03-05 12:38:14,620] <tracer> DEBUG tasks  - Finished task[tracer] in 0 ms
[2026-03-05 12:38:18,387] <ble_state_check> DEBUG tasks  - Started task[ble_state_check]
[2026-03-05 12:38:18,387] <ble_state_check> DEBUG tasks  - Finished task[ble_state_check] in 1 ms
[2026-03-05 12:38:19,621] <tracer> DEBUG tasks  - Started task[tracer]
[2026-03-05 12:38:19,621] <tracer> DEBUG tasks  - Finished task[tracer] in 0 ms
[2026-03-05 12:38:23,387] <ble_state_check> DEBUG tasks  - Started task[ble_state_check]
[2026-03-05 12:38:23,388] <ble_state_check> DEBUG tasks  - Finished task[ble_state_check] in 1 ms
[2026-03-05 12:38:24,622] <tracer> DEBUG tasks  - Started task[tracer]
[2026-03-05 12:38:24,623] <tracer> DEBUG tasks  - Finished task[tracer] in 1 ms
[2026-03-05 12:38:25,988] <device-connect-incidents> DEBUG tasks  - Started task[device-connect-incidents]
[2026-03-05 12:38:25,989] <device-connect-incidents> DEBUG tasks  - Finished task[device-connect-incidents] in 1 ms
[2026-03-05 12:38:28,128] <ble_bridge_discovery> DEBUG tasks  - Started task[ble_bridge_discovery]
[2026-03-05 12:38:28,129] <ble_bridge_discovery> DEBUG tasks  - Finished task[ble_bridge_discovery] in 1 ms
[2026-03-05 12:38:28,229] <lte-device-license-check> DEBUG tasks  - Started task[lte-device-license-check]
[2026-03-05 12:38:28,230] <lte-device-license-check> DEBUG tasks  - Finished task[lte-device-license-check] in 1 ms
[2026-03-05 12:38:28,388] <ble_state_check> DEBUG tasks  - Started task[ble_state_check]
[2026-03-05 12:38:28,389] <ble_state_check> DEBUG tasks  - Finished task[ble_state_check] in 1 ms
[2026-03-05 12:38:29,623] <tracer> DEBUG tasks  - Started task[tracer]
[2026-03-05 12:38:29,624] <tracer> DEBUG tasks  - Finished task[tracer] in 1 ms
[2026-03-05 12:38:33,390] <ble_state_check> DEBUG tasks  - Started task[ble_state_check]
[2026-03-05 12:38:33,390] <ble_state_check> DEBUG tasks  - Finished task[ble_state_check] in 0 ms
[2026-03-05 12:38:34,624] <tracer> DEBUG tasks  - Started task[tracer]
[2026-03-05 12:38:34,625] <tracer> DEBUG tasks  - Finished task[tracer] in 1 ms
[2026-03-05 12:38:38,391] <ble_state_check> DEBUG tasks  - Started task[ble_state_check]
[2026-03-05 12:38:38,391] <ble_state_check> DEBUG tasks  - Finished task[ble_state_check] in 0 ms
[2026-03-05 12:38:39,625] <tracer> DEBUG tasks  - Started task[tracer]
[2026-03-05 12:38:39,626] <tracer> DEBUG tasks  - Finished task[tracer] in 1 ms
[2026-03-05 12:38:43,392] <ble_state_check> DEBUG tasks  - Started task[ble_state_check]
[2026-03-05 12:38:43,392] <ble_state_check> DEBUG tasks  - Finished task[ble_state_check] in 0 ms
[2026-03-05 12:38:44,626] <tracer> DEBUG tasks  - Started task[tracer]
[2026-03-05 12:38:44,627] <tracer> DEBUG tasks  - Finished task[tracer] in 1 ms
[2026-03-05 12:38:48,393] <ble_state_check> DEBUG tasks  - Started task[ble_state_check]
[2026-03-05 12:38:48,393] <ble_state_check> DEBUG tasks  - Finished task[ble_state_check] in 0 ms
[2026-03-05 12:38:49,627] <tracer> DEBUG tasks  - Started task[tracer]
[2026-03-05 12:38:49,627] <tracer> DEBUG tasks  - Finished task[tracer] in 0 ms
[2026-03-05 12:38:53,394] <ble_state_check> DEBUG tasks  - Started task[ble_state_check]
[2026-03-05 12:38:53,394] <ble_state_check> DEBUG tasks  - Finished task[ble_state_check] in 1 ms
[2026-03-05 12:38:54,628] <tracer> DEBUG tasks  - Started task[tracer]
[2026-03-05 12:38:54,628] <tracer> DEBUG tasks  - Finished task[tracer] in 0 ms
[2026-03-05 12:38:55,989] <device-connect-incidents> DEBUG tasks  - Started task[device-connect-incidents]
[2026-03-05 12:38:55,990] <device-connect-incidents> DEBUG tasks  - Finished task[device-connect-incidents] in 1 ms
[2026-03-05 12:38:56,263] <duplicate-ip-service> DEBUG tasks  - Started task[duplicate-ip-service]
[2026-03-05 12:38:56,264] <duplicate-ip-service> DEBUG tasks  - Finished task[duplicate-ip-service] in 1 ms
[2026-03-05 12:38:58,090] <autolink-registry-flush> DEBUG tasks  - Started task[autolink-registry-flush]
[2026-03-05 12:38:58,091] <autolink-registry-flush> DEBUG tasks  - Finished task[autolink-registry-flush] in 1 ms
[2026-03-05 12:38:58,108] <live-performance-analytics> DEBUG tasks  - Started task[live-performance-analytics]
[2026-03-05 12:38:58,108] <trigger-throttling-cache-flush> DEBUG tasks  - Started task[trigger-throttling-cache-flush]
[2026-03-05 12:38:58,108] <live-performance-analytics> DEBUG tasks  - Finished task[live-performance-analytics] in 0 ms
[2026-03-05 12:38:58,109] <trigger-throttling-cache-flush> DEBUG tasks  - Finished task[trigger-throttling-cache-flush] in 1 ms
[2026-03-05 12:38:58,130] <ble_bridge_discovery> DEBUG tasks  - Started task[ble_bridge_discovery]
[2026-03-05 12:38:58,130] <ble_bridge_discovery> DEBUG tasks  - Finished task[ble_bridge_discovery] in 1 ms
[2026-03-05 12:38:58,200] <sdn-connection> DEBUG tasks  - Started task[sdn-connection]
[2026-03-05 12:38:58,201] <sdn-connection> DEBUG tasks  - Finished task[sdn-connection] in 1 ms
[2026-03-05 12:38:58,213] <cache> DEBUG tasks  - Started task[cache]
[2026-03-05 12:38:58,214] <cache> DEBUG tasks  - Finished task[cache] in 1 ms
[2026-03-05 12:38:58,217] <check-network-interfaces> DEBUG tasks  - Started task[check-network-interfaces]
[2026-03-05 12:38:58,218] <check-network-interfaces> DEBUG tasks  - Finished task[check-network-interfaces] in 1 ms
[2026-03-05 12:38:58,395] <ble_state_check> DEBUG tasks  - Started task[ble_state_check]
[2026-03-05 12:38:58,395] <ble_state_check> DEBUG tasks  - Finished task[ble_state_check] in 0 ms
[2026-03-05 12:38:59,629] <tracer> DEBUG tasks  - Started task[tracer]
[2026-03-05 12:38:59,629] <tracer> DEBUG tasks  - Finished task[tracer] in 1 ms
[2026-03-05 12:39:03,395] <ble_state_check> DEBUG tasks  - Started task[ble_state_check]
[2026-03-05 12:39:03,396] <ble_state_check> DEBUG tasks  - Finished task[ble_state_check] in 1 ms
[2026-03-05 12:39:04,630] <tracer> DEBUG tasks  - Started task[tracer]
[2026-03-05 12:39:04,630] <tracer> DEBUG tasks  - Finished task[tracer] in 1 ms
[2026-03-05 12:39:05,997] <device-state-check> DEBUG tasks  - Started task[device-state-check]
[2026-03-05 12:39:05,998] <device-state-check> DEBUG tasks  - Finished task[device-state-check] in 1 ms
[2026-03-05 12:39:08,215] <stamgr> DEBUG tasks  - Started task[stamgr]
[2026-03-05 12:39:08,215] <stamgr> DEBUG tasks  - Finished task[stamgr] in 0 ms
[2026-03-05 12:39:08,396] <ble_state_check> DEBUG tasks  - Started task[ble_state_check]
[2026-03-05 12:39:08,397] <ble_state_check> DEBUG tasks  - Finished task[ble_state_check] in 1 ms
[2026-03-05 12:39:08,811] <webrtc-connection> DEBUG tasks  - Started task[webrtc-connection]
[2026-03-05 12:39:08,811] <webrtc-connection> DEBUG tasks  - Finished task[webrtc-connection] in 0 ms
[2026-03-05 12:39:09,630] <tracer> DEBUG tasks  - Started task[tracer]
[2026-03-05 12:39:09,631] <tracer> DEBUG tasks  - Finished task[tracer] in 1 ms
[2026-03-05 12:39:13,397] <ble_state_check> DEBUG tasks  - Started task[ble_state_check]
[2026-03-05 12:39:13,398] <ble_state_check> DEBUG tasks  - Finished task[ble_state_check] in 1 ms
[2026-03-05 12:39:14,631] <tracer> DEBUG tasks  - Started task[tracer]
[2026-03-05 12:39:14,632] <tracer> DEBUG tasks  - Finished task[tracer] in 1 ms
[2026-03-05 12:39:18,399] <ble_state_check> DEBUG tasks  - Started task[ble_state_check]
[2026-03-05 12:39:18,399] <ble_state_check> DEBUG tasks  - Finished task[ble_state_check] in 0 ms
[2026-03-05 12:39:19,632] <tracer> DEBUG tasks  - Started task[tracer]
[2026-03-05 12:39:19,633] <tracer> DEBUG tasks  - Finished task[tracer] in 1 ms
[2026-03-05 12:39:23,399] <ble_state_check> DEBUG tasks  - Started task[ble_state_check]
[2026-03-05 12:39:23,400] <ble_state_check> DEBUG tasks  - Finished task[ble_state_check] in 1 ms
[2026-03-05 12:39:24,633] <tracer> DEBUG tasks  - Started task[tracer]
[2026-03-05 12:39:24,634] <tracer> DEBUG tasks  - Finished task[tracer] in 1 ms
[2026-03-05 12:39:25,990] <device-connect-incidents> DEBUG tasks  - Started task[device-connect-incidents]
[2026-03-05 12:39:25,991] <device-connect-incidents> DEBUG tasks  - Finished task[device-connect-incidents] in 1 ms
[2026-03-05 12:39:28,130] <ble_bridge_discovery> DEBUG tasks  - Started task[ble_bridge_discovery]
[2026-03-05 12:39:28,132] <ble_bridge_discovery> DEBUG tasks  - Finished task[ble_bridge_discovery] in 2 ms
[2026-03-05 12:39:28,400] <ble_state_check> DEBUG tasks  - Started task[ble_state_check]
[2026-03-05 12:39:28,401] <ble_state_check> DEBUG tasks  - Finished task[ble_state_check] in 1 ms
[2026-03-05 12:39:29,634] <tracer> DEBUG tasks  - Started task[tracer]
[2026-03-05 12:39:29,635] <tracer> DEBUG tasks  - Finished task[tracer] in 1 ms
[2026-03-05 12:39:33,401] <ble_state_check> DEBUG tasks  - Started task[ble_state_check]
[2026-03-05 12:39:33,402] <ble_state_check> DEBUG tasks  - Finished task[ble_state_check] in 1 ms
[2026-03-05 12:39:34,635] <tracer> DEBUG tasks  - Started task[tracer]
[2026-03-05 12:39:34,636] <tracer> DEBUG tasks  - Finished task[tracer] in 1 ms
[2026-03-05 12:39:38,402] <ble_state_check> DEBUG tasks  - Started task[ble_state_check]
[2026-03-05 12:39:38,403] <ble_state_check> DEBUG tasks  - Finished task[ble_state_check] in 1 ms
[2026-03-05 12:39:39,636] <tracer> DEBUG tasks  - Started task[tracer]
[2026-03-05 12:39:39,637] <tracer> DEBUG tasks  - Finished task[tracer] in 1 ms
[2026-03-05 12:39:43,403] <ble_state_check> DEBUG tasks  - Started task[ble_state_check]
[2026-03-05 12:39:43,404] <ble_state_check> DEBUG tasks  - Finished task[ble_state_check] in 1 ms
[2026-03-05 12:39:44,637] <tracer> DEBUG tasks  - Started task[tracer]
[2026-03-05 12:39:44,638] <tracer> DEBUG tasks  - Finished task[tracer] in 1 ms
[2026-03-05 12:39:48,405] <ble_state_check> DEBUG tasks  - Started task[ble_state_check]
[2026-03-05 12:39:48,405] <ble_state_check> DEBUG tasks  - Finished task[ble_state_check] in 1 ms
[2026-03-05 12:39:49,638] <tracer> DEBUG tasks  - Started task[tracer]
[2026-03-05 12:39:49,639] <tracer> DEBUG tasks  - Finished task[tracer] in 1 ms
[2026-03-05 12:39:53,405] <ble_state_check> DEBUG tasks  - Started task[ble_state_check]
[2026-03-05 12:39:53,406] <ble_state_check> DEBUG tasks  - Finished task[ble_state_check] in 1 ms
[2026-03-05 12:39:54,639] <tracer> DEBUG tasks  - Started task[tracer]
[2026-03-05 12:39:54,640] <tracer> DEBUG tasks  - Finished task[tracer] in 1 ms
[2026-03-05 12:39:55,991] <device-connect-incidents> DEBUG tasks  - Started task[device-connect-incidents]
[2026-03-05 12:39:55,992] <device-connect-incidents> DEBUG tasks  - Finished task[device-connect-incidents] in 1 ms
[2026-03-05 12:39:56,265] <duplicate-ip-service> DEBUG tasks  - Started task[duplicate-ip-service]
[2026-03-05 12:39:56,266] <duplicate-ip-service> DEBUG tasks  - Finished task[duplicate-ip-service] in 2 ms
[2026-03-05 12:39:58,091] <autolink-registry-flush> DEBUG tasks  - Started task[autolink-registry-flush]
[2026-03-05 12:39:58,092] <autolink-registry-flush> DEBUG tasks  - Finished task[autolink-registry-flush] in 1 ms
[2026-03-05 12:39:58,109] <live-performance-analytics> DEBUG tasks  - Started task[live-performance-analytics]
[2026-03-05 12:39:58,109] <trigger-throttling-cache-flush> DEBUG tasks  - Started task[trigger-throttling-cache-flush]
[2026-03-05 12:39:58,109] <live-performance-analytics> DEBUG tasks  - Finished task[live-performance-analytics] in 0 ms
[2026-03-05 12:39:58,109] <trigger-throttling-cache-flush> DEBUG tasks  - Finished task[trigger-throttling-cache-flush] in 0 ms
[2026-03-05 12:39:58,132] <ble_bridge_discovery> DEBUG tasks  - Started task[ble_bridge_discovery]
[2026-03-05 12:39:58,133] <ble_bridge_discovery> DEBUG tasks  - Finished task[ble_bridge_discovery] in 0 ms
[2026-03-05 12:39:58,219] <check-network-interfaces> DEBUG tasks  - Started task[check-network-interfaces]
[2026-03-05 12:39:58,220] <check-network-interfaces> DEBUG tasks  - Finished task[check-network-interfaces] in 1 ms
[2026-03-05 12:39:58,406] <ble_state_check> DEBUG tasks  - Started task[ble_state_check]
[2026-03-05 12:39:58,407] <ble_state_check> DEBUG tasks  - Finished task[ble_state_check] in 1 ms
[2026-03-05 12:39:59,640] <tracer> DEBUG tasks  - Started task[tracer]
[2026-03-05 12:39:59,641] <tracer> DEBUG tasks  - Finished task[tracer] in 1 ms
[2026-03-05 12:40:03,407] <ble_state_check> DEBUG tasks  - Started task[ble_state_check]
[2026-03-05 12:40:03,408] <ble_state_check> DEBUG tasks  - Finished task[ble_state_check] in 1 ms
[2026-03-05 12:40:04,641] <tracer> DEBUG tasks  - Started task[tracer]
[2026-03-05 12:40:04,642] <tracer> DEBUG tasks  - Finished task[tracer] in 1 ms
[2026-03-05 12:40:05,998] <device-state-check> DEBUG tasks  - Started task[device-state-check]
[2026-03-05 12:40:06,015] <device-state-check> DEBUG tasks  - Finished task[device-state-check] in 17 ms
[2026-03-05 12:40:08,216] <stamgr> DEBUG tasks  - Started task[stamgr]
[2026-03-05 12:40:08,216] <stamgr> DEBUG tasks  - Finished task[stamgr] in 0 ms
[2026-03-05 12:40:08,408] <ble_state_check> DEBUG tasks  - Started task[ble_state_check]
[2026-03-05 12:40:08,409] <ble_state_check> DEBUG tasks  - Finished task[ble_state_check] in 1 ms
[2026-03-05 12:40:08,811] <webrtc-connection> DEBUG tasks  - Started task[webrtc-connection]
[2026-03-05 12:40:08,812] <webrtc-connection> DEBUG tasks  - Finished task[webrtc-connection] in 1 ms
[2026-03-05 12:40:09,642] <tracer> DEBUG tasks  - Started task[tracer]
[2026-03-05 12:40:09,643] <tracer> DEBUG tasks  - Finished task[tracer] in 1 ms
[2026-03-05 12:40:13,409] <ble_state_check> DEBUG tasks  - Started task[ble_state_check]
[2026-03-05 12:40:13,410] <ble_state_check> DEBUG tasks  - Finished task[ble_state_check] in 1 ms
[2026-03-05 12:40:14,644] <tracer> DEBUG tasks  - Started task[tracer]
[2026-03-05 12:40:14,644] <tracer> DEBUG tasks  - Finished task[tracer] in 0 ms
[2026-03-05 12:40:18,410] <ble_state_check> DEBUG tasks  - Started task[ble_state_check]
[2026-03-05 12:40:18,410] <ble_state_check> DEBUG tasks  - Finished task[ble_state_check] in 0 ms
[2026-03-05 12:40:19,644] <tracer> DEBUG tasks  - Started task[tracer]
[2026-03-05 12:40:19,645] <tracer> DEBUG tasks  - Finished task[tracer] in 1 ms
[2026-03-05 12:40:23,411] <ble_state_check> DEBUG tasks  - Started task[ble_state_check]
[2026-03-05 12:40:23,412] <ble_state_check> DEBUG tasks  - Finished task[ble_state_check] in 1 ms
[2026-03-05 12:40:24,645] <tracer> DEBUG tasks  - Started task[tracer]
[2026-03-05 12:40:24,646] <tracer> DEBUG tasks  - Finished task[tracer] in 1 ms
[2026-03-05 12:40:25,993] <device-connect-incidents> DEBUG tasks  - Started task[device-connect-incidents]
[2026-03-05 12:40:25,993] <device-connect-incidents> DEBUG tasks  - Finished task[device-connect-incidents] in 1 ms
[2026-03-05 12:40:28,133] <ble_bridge_discovery> DEBUG tasks  - Started task[ble_bridge_discovery]
[2026-03-05 12:40:28,134] <ble_bridge_discovery> DEBUG tasks  - Finished task[ble_bridge_discovery] in 1 ms
[2026-03-05 12:40:28,412] <ble_state_check> DEBUG tasks  - Started task[ble_state_check]
[2026-03-05 12:40:28,413] <ble_state_check> DEBUG tasks  - Finished task[ble_state_check] in 1 ms
[2026-03-05 12:40:29,646] <tracer> DEBUG tasks  - Started task[tracer]
[2026-03-05 12:40:29,647] <tracer> DEBUG tasks  - Finished task[tracer] in 1 ms
[2026-03-05 12:40:33,413] <ble_state_check> DEBUG tasks  - Started task[ble_state_check]
[2026-03-05 12:40:33,414] <ble_state_check> DEBUG tasks  - Finished task[ble_state_check] in 1 ms
[2026-03-05 12:40:34,647] <tracer> DEBUG tasks  - Started task[tracer]
[2026-03-05 12:40:34,648] <tracer> DEBUG tasks  - Finished task[tracer] in 1 ms
[2026-03-05 12:40:38,414] <ble_state_check> DEBUG tasks  - Started task[ble_state_check]
[2026-03-05 12:40:38,415] <ble_state_check> DEBUG tasks  - Finished task[ble_state_check] in 1 ms
[2026-03-05 12:40:39,648] <tracer> DEBUG tasks  - Started task[tracer]
[2026-03-05 12:40:39,649] <tracer> DEBUG tasks  - Finished task[tracer] in 1 ms
[2026-03-05 12:40:43,415] <ble_state_check> DEBUG tasks  - Started task[ble_state_check]
[2026-03-05 12:40:43,416] <ble_state_check> DEBUG tasks  - Finished task[ble_state_check] in 1 ms
[2026-03-05 12:40:44,649] <tracer> DEBUG tasks  - Started task[tracer]
[2026-03-05 12:40:44,650] <tracer> DEBUG tasks  - Finished task[tracer] in 1 ms
[2026-03-05 12:40:48,416] <ble_state_check> DEBUG tasks  - Started task[ble_state_check]
[2026-03-05 12:40:48,417] <ble_state_check> DEBUG tasks  - Finished task[ble_state_check] in 1 ms
[2026-03-05 12:40:49,651] <tracer> DEBUG tasks  - Started task[tracer]
[2026-03-05 12:40:49,652] <tracer> DEBUG tasks  - Finished task[tracer] in 1 ms
[2026-03-05 12:40:53,417] <ble_state_check> DEBUG tasks  - Started task[ble_state_check]
[2026-03-05 12:40:53,418] <ble_state_check> DEBUG tasks  - Finished task[ble_state_check] in 1 ms
[2026-03-05 12:40:54,652] <tracer> DEBUG tasks  - Started task[tracer]
[2026-03-05 12:40:54,653] <tracer> DEBUG tasks  - Finished task[tracer] in 1 ms
[2026-03-05 12:40:55,994] <device-connect-incidents> DEBUG tasks  - Started task[device-connect-incidents]
[2026-03-05 12:40:55,994] <device-connect-incidents> DEBUG tasks  - Finished task[device-connect-incidents] in 0 ms
[2026-03-05 12:40:56,266] <duplicate-ip-service> DEBUG tasks  - Started task[duplicate-ip-service]
[2026-03-05 12:40:56,267] <duplicate-ip-service> DEBUG tasks  - Finished task[duplicate-ip-service] in 1 ms
[2026-03-05 12:40:58,073] <teleport-token-cleanup> DEBUG tasks  - Started task[teleport-token-cleanup]
[2026-03-05 12:40:58,081] <teleport-token-cleanup> DEBUG tasks  - Finished task[teleport-token-cleanup] in 9 ms
[2026-03-05 12:40:58,092] <autolink-registry-flush> DEBUG tasks  - Started task[autolink-registry-flush]
[2026-03-05 12:40:58,093] <autolink-registry-flush> DEBUG tasks  - Finished task[autolink-registry-flush] in 1 ms
[2026-03-05 12:40:58,110] <live-performance-analytics> DEBUG tasks  - Started task[live-performance-analytics]
[2026-03-05 12:40:58,110] <trigger-throttling-cache-flush> DEBUG tasks  - Started task[trigger-throttling-cache-flush]
[2026-03-05 12:40:58,110] <live-performance-analytics> DEBUG tasks  - Finished task[live-performance-analytics] in 0 ms
[2026-03-05 12:40:58,110] <trigger-throttling-cache-flush> DEBUG tasks  - Finished task[trigger-throttling-cache-flush] in 0 ms
[2026-03-05 12:40:58,134] <ble_bridge_discovery> DEBUG tasks  - Started task[ble_bridge_discovery]
[2026-03-05 12:40:58,134] <ble_bridge_discovery> DEBUG tasks  - Finished task[ble_bridge_discovery] in 0 ms
[2026-03-05 12:40:58,221] <check-network-interfaces> DEBUG tasks  - Started task[check-network-interfaces]
[2026-03-05 12:40:58,223] <check-network-interfaces> DEBUG tasks  - Finished task[check-network-interfaces] in 2 ms
[2026-03-05 12:40:58,418] <ble_state_check> DEBUG tasks  - Started task[ble_state_check]
[2026-03-05 12:40:58,419] <ble_state_check> DEBUG tasks  - Finished task[ble_state_check] in 1 ms
[2026-03-05 12:40:59,653] <tracer> DEBUG tasks  - Started task[tracer]
[2026-03-05 12:40:59,654] <tracer> DEBUG tasks  - Finished task[tracer] in 1 ms
[2026-03-05 12:41:03,419] <ble_state_check> DEBUG tasks  - Started task[ble_state_check]
[2026-03-05 12:41:03,420] <ble_state_check> DEBUG tasks  - Finished task[ble_state_check] in 1 ms
[2026-03-05 12:41:04,654] <tracer> DEBUG tasks  - Started task[tracer]
[2026-03-05 12:41:04,655] <tracer> DEBUG tasks  - Finished task[tracer] in 1 ms
[2026-03-05 12:41:06,017] <device-state-check> DEBUG tasks  - Started task[device-state-check]
[2026-03-05 12:41:06,018] <device-state-check> DEBUG tasks  - Finished task[device-state-check] in 1 ms
[2026-03-05 12:41:08,217] <stamgr> DEBUG tasks  - Started task[stamgr]
[2026-03-05 12:41:08,218] <stamgr> DEBUG tasks  - Finished task[stamgr] in 1 ms
[2026-03-05 12:41:08,420] <ble_state_check> DEBUG tasks  - Started task[ble_state_check]
[2026-03-05 12:41:08,421] <ble_state_check> DEBUG tasks  - Finished task[ble_state_check] in 1 ms
[2026-03-05 12:41:08,812] <webrtc-connection> DEBUG tasks  - Started task[webrtc-connection]
[2026-03-05 12:41:08,813] <webrtc-connection> DEBUG tasks  - Finished task[webrtc-connection] in 1 ms
[2026-03-05 12:41:09,655] <tracer> DEBUG tasks  - Started task[tracer]
[2026-03-05 12:41:09,656] <tracer> DEBUG tasks  - Finished task[tracer] in 1 ms
[2026-03-05 12:41:13,421] <ble_state_check> DEBUG tasks  - Started task[ble_state_check]
[2026-03-05 12:41:13,422] <ble_state_check> DEBUG tasks  - Finished task[ble_state_check] in 1 ms
[2026-03-05 12:41:14,656] <tracer> DEBUG tasks  - Started task[tracer]
[2026-03-05 12:41:14,657] <tracer> DEBUG tasks  - Finished task[tracer] in 1 ms
[2026-03-05 12:41:18,422] <ble_state_check> DEBUG tasks  - Started task[ble_state_check]
[2026-03-05 12:41:18,423] <ble_state_check> DEBUG tasks  - Finished task[ble_state_check] in 1 ms
[2026-03-05 12:41:19,657] <tracer> DEBUG tasks  - Started task[tracer]
[2026-03-05 12:41:19,658] <tracer> DEBUG tasks  - Finished task[tracer] in 1 ms
[2026-03-05 12:41:23,423] <ble_state_check> DEBUG tasks  - Started task[ble_state_check]
[2026-03-05 12:41:23,424] <ble_state_check> DEBUG tasks  - Finished task[ble_state_check] in 1 ms
[2026-03-05 12:41:24,658] <tracer> DEBUG tasks  - Started task[tracer]
[2026-03-05 12:41:24,658] <tracer> DEBUG tasks  - Finished task[tracer] in 0 ms
[2026-03-05 12:41:25,995] <device-connect-incidents> DEBUG tasks  - Started task[device-connect-incidents]
[2026-03-05 12:41:25,995] <device-connect-incidents> DEBUG tasks  - Finished task[device-connect-incidents] in 0 ms
[2026-03-05 12:41:28,135] <ble_bridge_discovery> DEBUG tasks  - Started task[ble_bridge_discovery]
[2026-03-05 12:41:28,135] <ble_bridge_discovery> DEBUG tasks  - Finished task[ble_bridge_discovery] in 0 ms
[2026-03-05 12:41:28,424] <ble_state_check> DEBUG tasks  - Started task[ble_state_check]
[2026-03-05 12:41:28,425] <ble_state_check> DEBUG tasks  - Finished task[ble_state_check] in 1 ms
[2026-03-05 12:41:29,659] <tracer> DEBUG tasks  - Started task[tracer]
[2026-03-05 12:41:29,659] <tracer> DEBUG tasks  - Finished task[tracer] in 0 ms
[2026-03-05 12:41:33,425] <ble_state_check> DEBUG tasks  - Started task[ble_state_check]
[2026-03-05 12:41:33,426] <ble_state_check> DEBUG tasks  - Finished task[ble_state_check] in 1 ms
[2026-03-05 12:41:34,660] <tracer> DEBUG tasks  - Started task[tracer]
[2026-03-05 12:41:34,660] <tracer> DEBUG tasks  - Finished task[tracer] in 0 ms
[2026-03-05 12:41:38,426] <ble_state_check> DEBUG tasks  - Started task[ble_state_check]
[2026-03-05 12:41:38,427] <ble_state_check> DEBUG tasks  - Finished task[ble_state_check] in 1 ms
[2026-03-05 12:41:39,661] <tracer> DEBUG tasks  - Started task[tracer]
[2026-03-05 12:41:39,661] <tracer> DEBUG tasks  - Finished task[tracer] in 0 ms
[2026-03-05 12:41:43,427] <ble_state_check> DEBUG tasks  - Started task[ble_state_check]
[2026-03-05 12:41:43,428] <ble_state_check> DEBUG tasks  - Finished task[ble_state_check] in 1 ms
[2026-03-05 12:41:44,662] <tracer> DEBUG tasks  - Started task[tracer]
[2026-03-05 12:41:44,662] <tracer> DEBUG tasks  - Finished task[tracer] in 1 ms
[2026-03-05 12:41:48,428] <ble_state_check> DEBUG tasks  - Started task[ble_state_check]
[2026-03-05 12:41:48,429] <ble_state_check> DEBUG tasks  - Finished task[ble_state_check] in 1 ms
[2026-03-05 12:41:49,662] <tracer> DEBUG tasks  - Started task[tracer]
[2026-03-05 12:41:49,663] <tracer> DEBUG tasks  - Finished task[tracer] in 1 ms
[2026-03-05 12:41:53,429] <ble_state_check> DEBUG tasks  - Started task[ble_state_check]
[2026-03-05 12:41:53,430] <ble_state_check> DEBUG tasks  - Finished task[ble_state_check] in 1 ms
[2026-03-05 12:41:54,663] <tracer> DEBUG tasks  - Started task[tracer]
[2026-03-05 12:41:54,663] <tracer> DEBUG tasks  - Finished task[tracer] in 0 ms
[2026-03-05 12:41:55,996] <device-connect-incidents> DEBUG tasks  - Started task[device-connect-incidents]
[2026-03-05 12:41:55,996] <device-connect-incidents> DEBUG tasks  - Finished task[device-connect-incidents] in 0 ms
[2026-03-05 12:41:56,268] <duplicate-ip-service> DEBUG tasks  - Started task[duplicate-ip-service]
[2026-03-05 12:41:56,268] <duplicate-ip-service> DEBUG tasks  - Finished task[duplicate-ip-service] in 0 ms
[2026-03-05 12:41:58,093] <autolink-registry-flush> DEBUG tasks  - Started task[autolink-registry-flush]
[2026-03-05 12:41:58,094] <autolink-registry-flush> DEBUG tasks  - Finished task[autolink-registry-flush] in 1 ms
[2026-03-05 12:41:58,111] <live-performance-analytics> DEBUG tasks  - Started task[live-performance-analytics]
[2026-03-05 12:41:58,111] <trigger-throttling-cache-flush> DEBUG tasks  - Started task[trigger-throttling-cache-flush]
[2026-03-05 12:41:58,111] <live-performance-analytics> DEBUG tasks  - Finished task[live-performance-analytics] in 0 ms
[2026-03-05 12:41:58,111] <trigger-throttling-cache-flush> DEBUG tasks  - Finished task[trigger-throttling-cache-flush] in 0 ms
[2026-03-05 12:41:58,136] <ble_bridge_discovery> DEBUG tasks  - Started task[ble_bridge_discovery]
[2026-03-05 12:41:58,136] <ble_bridge_discovery> DEBUG tasks  - Finished task[ble_bridge_discovery] in 0 ms
[2026-03-05 12:41:58,223] <check-network-interfaces> DEBUG tasks  - Started task[check-network-interfaces]
[2026-03-05 12:41:58,225] <check-network-interfaces> DEBUG tasks  - Finished task[check-network-interfaces] in 2 ms
[2026-03-05 12:41:58,430] <ble_state_check> DEBUG tasks  - Started task[ble_state_check]
[2026-03-05 12:41:58,431] <ble_state_check> DEBUG tasks  - Finished task[ble_state_check] in 1 ms
[2026-03-05 12:41:59,664] <tracer> DEBUG tasks  - Started task[tracer]
[2026-03-05 12:41:59,664] <tracer> DEBUG tasks  - Finished task[tracer] in 0 ms
[2026-03-05 12:42:03,431] <ble_state_check> DEBUG tasks  - Started task[ble_state_check]
[2026-03-05 12:42:03,432] <ble_state_check> DEBUG tasks  - Finished task[ble_state_check] in 1 ms
[2026-03-05 12:42:04,665] <tracer> DEBUG tasks  - Started task[tracer]
[2026-03-05 12:42:04,665] <tracer> DEBUG tasks  - Finished task[tracer] in 0 ms
[2026-03-05 12:42:06,019] <device-state-check> DEBUG tasks  - Started task[device-state-check]
[2026-03-05 12:42:06,023] <device-state-check> DEBUG tasks  - Finished task[device-state-check] in 4 ms
[2026-03-05 12:42:08,218] <stamgr> DEBUG tasks  - Started task[stamgr]
[2026-03-05 12:42:08,219] <stamgr> DEBUG tasks  - Finished task[stamgr] in 1 ms
[2026-03-05 12:42:08,432] <ble_state_check> DEBUG tasks  - Started task[ble_state_check]
[2026-03-05 12:42:08,432] <ble_state_check> DEBUG tasks  - Finished task[ble_state_check] in 0 ms
[2026-03-05 12:42:08,813] <webrtc-connection> DEBUG tasks  - Started task[webrtc-connection]
[2026-03-05 12:42:08,814] <webrtc-connection> DEBUG tasks  - Finished task[webrtc-connection] in 1 ms
[2026-03-05 12:42:09,665] <tracer> DEBUG tasks  - Started task[tracer]
[2026-03-05 12:42:09,666] <tracer> DEBUG tasks  - Finished task[tracer] in 1 ms
[2026-03-05 12:42:13,433] <ble_state_check> DEBUG tasks  - Started task[ble_state_check]
[2026-03-05 12:42:13,433] <ble_state_check> DEBUG tasks  - Finished task[ble_state_check] in 0 ms
[2026-03-05 12:42:14,666] <tracer> DEBUG tasks  - Started task[tracer]
[2026-03-05 12:42:14,666] <tracer> DEBUG tasks  - Finished task[tracer] in 0 ms
[2026-03-05 12:42:18,434] <ble_state_check> DEBUG tasks  - Started task[ble_state_check]
[2026-03-05 12:42:18,436] <ble_state_check> DEBUG tasks  - Finished task[ble_state_check] in 2 ms
[2026-03-05 12:42:19,667] <tracer> DEBUG tasks  - Started task[tracer]
[2026-03-05 12:42:19,667] <tracer> DEBUG tasks  - Finished task[tracer] in 0 ms
[2026-03-05 12:42:23,436] <ble_state_check> DEBUG tasks  - Started task[ble_state_check]
[2026-03-05 12:42:23,437] <ble_state_check> DEBUG tasks  - Finished task[ble_state_check] in 1 ms
[2026-03-05 12:42:24,668] <tracer> DEBUG tasks  - Started task[tracer]
[2026-03-05 12:42:24,668] <tracer> DEBUG tasks  - Finished task[tracer] in 0 ms
[2026-03-05 12:42:25,997] <device-connect-incidents> DEBUG tasks  - Started task[device-connect-incidents]
[2026-03-05 12:42:25,997] <device-connect-incidents> DEBUG tasks  - Finished task[device-connect-incidents] in 0 ms
[2026-03-05 12:42:28,137] <ble_bridge_discovery> DEBUG tasks  - Started task[ble_bridge_discovery]
[2026-03-05 12:42:28,137] <ble_bridge_discovery> DEBUG tasks  - Finished task[ble_bridge_discovery] in 0 ms
[2026-03-05 12:42:28,437] <ble_state_check> DEBUG tasks  - Started task[ble_state_check]
[2026-03-05 12:42:28,437] <ble_state_check> DEBUG tasks  - Finished task[ble_state_check] in 0 ms
[2026-03-05 12:42:29,669] <tracer> DEBUG tasks  - Started task[tracer]
[2026-03-05 12:42:29,669] <tracer> DEBUG tasks  - Finished task[tracer] in 0 ms
[2026-03-05 12:42:33,438] <ble_state_check> DEBUG tasks  - Started task[ble_state_check]
[2026-03-05 12:42:33,438] <ble_state_check> DEBUG tasks  - Finished task[ble_state_check] in 0 ms
[2026-03-05 12:42:34,669] <tracer> DEBUG tasks  - Started task[tracer]
[2026-03-05 12:42:34,670] <tracer> DEBUG tasks  - Finished task[tracer] in 1 ms
[2026-03-05 12:42:38,439] <ble_state_check> DEBUG tasks  - Started task[ble_state_check]
[2026-03-05 12:42:38,439] <ble_state_check> DEBUG tasks  - Finished task[ble_state_check] in 0 ms
[2026-03-05 12:42:39,680] <tracer> DEBUG tasks  - Started task[tracer]
[2026-03-05 12:42:39,680] <tracer> DEBUG tasks  - Finished task[tracer] in 0 ms
[2026-03-05 12:42:43,440] <ble_state_check> DEBUG tasks  - Started task[ble_state_check]
[2026-03-05 12:42:43,440] <ble_state_check> DEBUG tasks  - Finished task[ble_state_check] in 1 ms
[2026-03-05 12:42:44,680] <tracer> DEBUG tasks  - Started task[tracer]
[2026-03-05 12:42:44,681] <tracer> DEBUG tasks  - Finished task[tracer] in 1 ms
[2026-03-05 12:42:48,440] <ble_state_check> DEBUG tasks  - Started task[ble_state_check]
[2026-03-05 12:42:48,441] <ble_state_check> DEBUG tasks  - Finished task[ble_state_check] in 1 ms
[2026-03-05 12:42:49,681] <tracer> DEBUG tasks  - Started task[tracer]
[2026-03-05 12:42:49,681] <tracer> DEBUG tasks  - Finished task[tracer] in 0 ms
[2026-03-05 12:42:53,441] <ble_state_check> DEBUG tasks  - Started task[ble_state_check]
[2026-03-05 12:42:53,442] <ble_state_check> DEBUG tasks  - Finished task[ble_state_check] in 1 ms
[2026-03-05 12:42:54,682] <tracer> DEBUG tasks  - Started task[tracer]
[2026-03-05 12:42:54,682] <tracer> DEBUG tasks  - Finished task[tracer] in 0 ms
[2026-03-05 12:42:55,997] <device-connect-incidents> DEBUG tasks  - Started task[device-connect-incidents]
[2026-03-05 12:42:55,998] <device-connect-incidents> DEBUG tasks  - Finished task[device-connect-incidents] in 1 ms
[2026-03-05 12:42:56,269] <duplicate-ip-service> DEBUG tasks  - Started task[duplicate-ip-service]
[2026-03-05 12:42:56,269] <duplicate-ip-service> DEBUG tasks  - Finished task[duplicate-ip-service] in 0 ms
[2026-03-05 12:42:58,094] <autolink-registry-flush> DEBUG tasks  - Started task[autolink-registry-flush]
[2026-03-05 12:42:58,095] <autolink-registry-flush> DEBUG tasks  - Finished task[autolink-registry-flush] in 1 ms
[2026-03-05 12:42:58,112] <live-performance-analytics> DEBUG tasks  - Started task[live-performance-analytics]
[2026-03-05 12:42:58,112] <trigger-throttling-cache-flush> DEBUG tasks  - Started task[trigger-throttling-cache-flush]
[2026-03-05 12:42:58,112] <live-performance-analytics> DEBUG tasks  - Finished task[live-performance-analytics] in 0 ms
[2026-03-05 12:42:58,112] <trigger-throttling-cache-flush> DEBUG tasks  - Finished task[trigger-throttling-cache-flush] in 0 ms
[2026-03-05 12:42:58,119] <cache-cleanup> DEBUG tasks  - Started task[cache-cleanup]
[2026-03-05 12:42:58,119] <cache-cleanup> DEBUG tasks  - Finished task[cache-cleanup] in 0 ms
[2026-03-05 12:42:58,138] <ble_bridge_discovery> DEBUG tasks  - Started task[ble_bridge_discovery]
[2026-03-05 12:42:58,138] <ble_bridge_discovery> DEBUG tasks  - Finished task[ble_bridge_discovery] in 1 ms
[2026-03-05 12:42:58,225] <check-network-interfaces> DEBUG tasks  - Started task[check-network-interfaces]
[2026-03-05 12:42:58,227] <check-network-interfaces> DEBUG tasks  - Finished task[check-network-interfaces] in 2 ms
[2026-03-05 12:42:58,442] <ble_state_check> DEBUG tasks  - Started task[ble_state_check]
[2026-03-05 12:42:58,443] <ble_state_check> DEBUG tasks  - Finished task[ble_state_check] in 1 ms
[2026-03-05 12:42:59,682] <tracer> DEBUG tasks  - Started task[tracer]
[2026-03-05 12:42:59,683] <tracer> DEBUG tasks  - Finished task[tracer] in 1 ms
[2026-03-05 12:43:03,444] <ble_state_check> DEBUG tasks  - Started task[ble_state_check]
[2026-03-05 12:43:03,444] <ble_state_check> DEBUG tasks  - Finished task[ble_state_check] in 0 ms
[2026-03-05 12:43:04,683] <tracer> DEBUG tasks  - Started task[tracer]
[2026-03-05 12:43:04,683] <tracer> DEBUG tasks  - Finished task[tracer] in 0 ms
[2026-03-05 12:43:05,076] <wifi-connection-events-flush> DEBUG tasks  - Started task[wifi-connection-events-flush]
[2026-03-05 12:43:05,077] <wifi-connection-events-flush> DEBUG tasks  - Finished task[wifi-connection-events-flush] in 1 ms
[2026-03-05 12:43:06,024] <device-state-check> DEBUG tasks  - Started task[device-state-check]
[2026-03-05 12:43:06,025] <device-state-check> DEBUG tasks  - Finished task[device-state-check] in 1 ms
[2026-03-05 12:43:08,201] <wss-connection> DEBUG tasks  - Started task[wss-connection]
[2026-03-05 12:43:08,201] <wss-connection> DEBUG tasks  - Finished task[wss-connection] in 0 ms
[2026-03-05 12:43:08,219] <stamgr> DEBUG tasks  - Started task[stamgr]
[2026-03-05 12:43:08,219] <stamgr> DEBUG tasks  - Finished task[stamgr] in 0 ms
[2026-03-05 12:43:08,444] <ble_state_check> DEBUG tasks  - Started task[ble_state_check]
[2026-03-05 12:43:08,444] <ble_state_check> DEBUG tasks  - Finished task[ble_state_check] in 0 ms
[2026-03-05 12:43:08,814] <webrtc-connection> DEBUG tasks  - Started task[webrtc-connection]
[2026-03-05 12:43:08,814] <webrtc-connection> DEBUG tasks  - Finished task[webrtc-connection] in 0 ms
[2026-03-05 12:43:09,684] <tracer> DEBUG tasks  - Started task[tracer]
[2026-03-05 12:43:09,684] <tracer> DEBUG tasks  - Finished task[tracer] in 0 ms
[2026-03-05 12:43:13,218] <facebook-wifi-token-validation> DEBUG tasks  - Started task[facebook-wifi-token-validation]
[2026-03-05 12:43:13,218] <facebook-wifi-token-validation> DEBUG tasks  - Finished task[facebook-wifi-token-validation] in 0 ms
[2026-03-05 12:43:13,246] <ips-alert-caching> DEBUG tasks  - Started task[ips-alert-caching]
[2026-03-05 12:43:13,247] <ips-alert-caching> DEBUG tasks  - Finished task[ips-alert-caching] in 1 ms
[2026-03-05 12:43:13,445] <ble_state_check> DEBUG tasks  - Started task[ble_state_check]
[2026-03-05 12:43:13,445] <ble_state_check> DEBUG tasks  - Finished task[ble_state_check] in 0 ms
[2026-03-05 12:43:14,684] <tracer> DEBUG tasks  - Started task[tracer]
[2026-03-05 12:43:14,685] <tracer> DEBUG tasks  - Finished task[tracer] in 1 ms
[2026-03-05 12:43:18,445] <ble_state_check> DEBUG tasks  - Started task[ble_state_check]
[2026-03-05 12:43:18,446] <ble_state_check> DEBUG tasks  - Finished task[ble_state_check] in 1 ms
[2026-03-05 12:43:19,685] <tracer> DEBUG tasks  - Started task[tracer]
[2026-03-05 12:43:19,686] <tracer> DEBUG tasks  - Finished task[tracer] in 1 ms
[2026-03-05 12:43:23,446] <ble_state_check> DEBUG tasks  - Started task[ble_state_check]
[2026-03-05 12:43:23,447] <ble_state_check> DEBUG tasks  - Finished task[ble_state_check] in 1 ms
[2026-03-05 12:43:24,687] <tracer> DEBUG tasks  - Started task[tracer]
[2026-03-05 12:43:24,687] <tracer> DEBUG tasks  - Finished task[tracer] in 0 ms
[2026-03-05 12:43:25,998] <device-connect-incidents> DEBUG tasks  - Started task[device-connect-incidents]
[2026-03-05 12:43:25,999] <device-connect-incidents> DEBUG tasks  - Finished task[device-connect-incidents] in 1 ms
[2026-03-05 12:43:28,138] <ble_bridge_discovery> DEBUG tasks  - Started task[ble_bridge_discovery]
[2026-03-05 12:43:28,139] <ble_bridge_discovery> DEBUG tasks  - Finished task[ble_bridge_discovery] in 1 ms
[2026-03-05 12:43:28,231] <lte-device-license-check> DEBUG tasks  - Started task[lte-device-license-check]
[2026-03-05 12:43:28,232] <lte-device-license-check> DEBUG tasks  - Finished task[lte-device-license-check] in 1 ms
[2026-03-05 12:43:28,447] <ble_state_check> DEBUG tasks  - Started task[ble_state_check]
[2026-03-05 12:43:28,448] <ble_state_check> DEBUG tasks  - Finished task[ble_state_check] in 1 ms
[2026-03-05 12:43:29,688] <tracer> DEBUG tasks  - Started task[tracer]
[2026-03-05 12:43:29,688] <tracer> DEBUG tasks  - Finished task[tracer] in 0 ms
[2026-03-05 12:43:33,448] <ble_state_check> DEBUG tasks  - Started task[ble_state_check]
[2026-03-05 12:43:33,449] <ble_state_check> DEBUG tasks  - Finished task[ble_state_check] in 1 ms
[2026-03-05 12:43:34,689] <tracer> DEBUG tasks  - Started task[tracer]
[2026-03-05 12:43:34,689] <tracer> DEBUG tasks  - Finished task[tracer] in 0 ms
[2026-03-05 12:43:38,449] <ble_state_check> DEBUG tasks  - Started task[ble_state_check]
[2026-03-05 12:43:38,449] <ble_state_check> DEBUG tasks  - Finished task[ble_state_check] in 0 ms
[2026-03-05 12:43:39,690] <tracer> DEBUG tasks  - Started task[tracer]
[2026-03-05 12:43:39,690] <tracer> DEBUG tasks  - Finished task[tracer] in 0 ms
[2026-03-05 12:43:43,450] <ble_state_check> DEBUG tasks  - Started task[ble_state_check]
[2026-03-05 12:43:43,450] <ble_state_check> DEBUG tasks  - Finished task[ble_state_check] in 0 ms
[2026-03-05 12:43:44,691] <tracer> DEBUG tasks  - Started task[tracer]
[2026-03-05 12:43:44,691] <tracer> DEBUG tasks  - Finished task[tracer] in 0 ms
[2026-03-05 12:43:48,451] <ble_state_check> DEBUG tasks  - Started task[ble_state_check]
[2026-03-05 12:43:48,451] <ble_state_check> DEBUG tasks  - Finished task[ble_state_check] in 0 ms
[2026-03-05 12:43:49,691] <tracer> DEBUG tasks  - Started task[tracer]
[2026-03-05 12:43:49,692] <tracer> DEBUG tasks  - Finished task[tracer] in 1 ms
[2026-03-05 12:43:53,452] <ble_state_check> DEBUG tasks  - Started task[ble_state_check]
[2026-03-05 12:43:53,452] <ble_state_check> DEBUG tasks  - Finished task[ble_state_check] in 0 ms
[2026-03-05 12:43:54,692] <tracer> DEBUG tasks  - Started task[tracer]
[2026-03-05 12:43:54,693] <tracer> DEBUG tasks  - Finished task[tracer] in 1 ms
[2026-03-05 12:43:55,999] <device-connect-incidents> DEBUG tasks  - Started task[device-connect-incidents]
[2026-03-05 12:43:56,000] <device-connect-incidents> DEBUG tasks  - Finished task[device-connect-incidents] in 1 ms
[2026-03-05 12:43:56,270] <duplicate-ip-service> DEBUG tasks  - Started task[duplicate-ip-service]
[2026-03-05 12:43:56,271] <duplicate-ip-service> DEBUG tasks  - Finished task[duplicate-ip-service] in 1 ms
[2026-03-05 12:43:58,095] <autolink-registry-flush> DEBUG tasks  - Started task[autolink-registry-flush]
[2026-03-05 12:43:58,096] <autolink-registry-flush> DEBUG tasks  - Finished task[autolink-registry-flush] in 1 ms
[2026-03-05 12:43:58,112] <live-performance-analytics> DEBUG tasks  - Started task[live-performance-analytics]
[2026-03-05 12:43:58,112] <trigger-throttling-cache-flush> DEBUG tasks  - Started task[trigger-throttling-cache-flush]
[2026-03-05 12:43:58,113] <live-performance-analytics> DEBUG tasks  - Finished task[live-performance-analytics] in 1 ms
[2026-03-05 12:43:58,113] <trigger-throttling-cache-flush> DEBUG tasks  - Finished task[trigger-throttling-cache-flush] in 1 ms
[2026-03-05 12:43:58,139] <ble_bridge_discovery> DEBUG tasks  - Started task[ble_bridge_discovery]
[2026-03-05 12:43:58,140] <ble_bridge_discovery> DEBUG tasks  - Finished task[ble_bridge_discovery] in 1 ms
[2026-03-05 12:43:58,214] <cache> DEBUG tasks  - Started task[cache]
[2026-03-05 12:43:58,215] <cache> DEBUG tasks  - Finished task[cache] in 1 ms
[2026-03-05 12:43:58,219] <print-time-series-cache-stats> DEBUG tasks  - Started task[print-time-series-cache-stats]
[2026-03-05 12:43:58,222] <print-time-series-cache-stats> DEBUG tasks  - Finished task[print-time-series-cache-stats] in 3 ms
[2026-03-05 12:43:58,227] <check-network-interfaces> DEBUG tasks  - Started task[check-network-interfaces]
[2026-03-05 12:43:58,229] <check-network-interfaces> DEBUG tasks  - Finished task[check-network-interfaces] in 2 ms
[2026-03-05 12:43:58,453] <ble_state_check> DEBUG tasks  - Started task[ble_state_check]
[2026-03-05 12:43:58,453] <ble_state_check> DEBUG tasks  - Finished task[ble_state_check] in 0 ms
[2026-03-05 12:43:59,693] <tracer> DEBUG tasks  - Started task[tracer]
[2026-03-05 12:43:59,694] <tracer> DEBUG tasks  - Finished task[tracer] in 1 ms
[2026-03-05 12:44:03,454] <ble_state_check> DEBUG tasks  - Started task[ble_state_check]
[2026-03-05 12:44:03,454] <ble_state_check> DEBUG tasks  - Finished task[ble_state_check] in 0 ms
[2026-03-05 12:44:04,694] <tracer> DEBUG tasks  - Started task[tracer]
[2026-03-05 12:44:04,695] <tracer> DEBUG tasks  - Finished task[tracer] in 1 ms
[2026-03-05 12:44:06,025] <device-state-check> DEBUG tasks  - Started task[device-state-check]
[2026-03-05 12:44:06,026] <device-state-check> DEBUG tasks  - Finished task[device-state-check] in 1 ms
[2026-03-05 12:44:08,220] <stamgr> DEBUG tasks  - Started task[stamgr]
[2026-03-05 12:44:08,221] <stamgr> DEBUG tasks  - Finished task[stamgr] in 1 ms
[2026-03-05 12:44:08,455] <ble_state_check> DEBUG tasks  - Started task[ble_state_check]
[2026-03-05 12:44:08,455] <ble_state_check> DEBUG tasks  - Finished task[ble_state_check] in 0 ms
[2026-03-05 12:44:08,815] <webrtc-connection> DEBUG tasks  - Started task[webrtc-connection]
[2026-03-05 12:44:08,815] <webrtc-connection> DEBUG tasks  - Finished task[webrtc-connection] in 0 ms
[2026-03-05 12:44:09,695] <tracer> DEBUG tasks  - Started task[tracer]
[2026-03-05 12:44:09,696] <tracer> DEBUG tasks  - Finished task[tracer] in 1 ms
[2026-03-05 12:44:13,456] <ble_state_check> DEBUG tasks  - Started task[ble_state_check]
[2026-03-05 12:44:13,456] <ble_state_check> DEBUG tasks  - Finished task[ble_state_check] in 0 ms
[2026-03-05 12:44:14,696] <tracer> DEBUG tasks  - Started task[tracer]
[2026-03-05 12:44:14,697] <tracer> DEBUG tasks  - Finished task[tracer] in 1 ms
[2026-03-05 12:44:18,457] <ble_state_check> DEBUG tasks  - Started task[ble_state_check]
[2026-03-05 12:44:18,457] <ble_state_check> DEBUG tasks  - Finished task[ble_state_check] in 0 ms
[2026-03-05 12:44:19,697] <tracer> DEBUG tasks  - Started task[tracer]
[2026-03-05 12:44:19,698] <tracer> DEBUG tasks  - Finished task[tracer] in 1 ms
[2026-03-05 12:44:23,458] <ble_state_check> DEBUG tasks  - Started task[ble_state_check]
[2026-03-05 12:44:23,459] <ble_state_check> DEBUG tasks  - Finished task[ble_state_check] in 1 ms
[2026-03-05 12:44:24,698] <tracer> DEBUG tasks  - Started task[tracer]
[2026-03-05 12:44:24,699] <tracer> DEBUG tasks  - Finished task[tracer] in 1 ms
[2026-03-05 12:44:26,001] <device-connect-incidents> DEBUG tasks  - Started task[device-connect-incidents]
[2026-03-05 12:44:26,001] <device-connect-incidents> DEBUG tasks  - Finished task[device-connect-incidents] in 1 ms
[2026-03-05 12:44:28,140] <ble_bridge_discovery> DEBUG tasks  - Started task[ble_bridge_discovery]
[2026-03-05 12:44:28,141] <ble_bridge_discovery> DEBUG tasks  - Finished task[ble_bridge_discovery] in 1 ms
[2026-03-05 12:44:28,459] <ble_state_check> DEBUG tasks  - Started task[ble_state_check]
[2026-03-05 12:44:28,460] <ble_state_check> DEBUG tasks  - Finished task[ble_state_check] in 1 ms
[2026-03-05 12:44:29,699] <tracer> DEBUG tasks  - Started task[tracer]
[2026-03-05 12:44:29,700] <tracer> DEBUG tasks  - Finished task[tracer] in 1 ms
[2026-03-05 12:44:33,460] <ble_state_check> DEBUG tasks  - Started task[ble_state_check]
[2026-03-05 12:44:33,461] <ble_state_check> DEBUG tasks  - Finished task[ble_state_check] in 1 ms
[2026-03-05 12:44:34,700] <tracer> DEBUG tasks  - Started task[tracer]
[2026-03-05 12:44:34,701] <tracer> DEBUG tasks  - Finished task[tracer] in 1 ms
[2026-03-05 12:44:38,461] <ble_state_check> DEBUG tasks  - Started task[ble_state_check]
[2026-03-05 12:44:38,462] <ble_state_check> DEBUG tasks  - Finished task[ble_state_check] in 1 ms
[2026-03-05 12:44:39,701] <tracer> DEBUG tasks  - Started task[tracer]
[2026-03-05 12:44:39,702] <tracer> DEBUG tasks  - Finished task[tracer] in 1 ms
[2026-03-05 12:44:43,465] <ble_state_check> DEBUG tasks  - Started task[ble_state_check]
[2026-03-05 12:44:43,465] <ble_state_check> DEBUG tasks  - Finished task[ble_state_check] in 0 ms
[2026-03-05 12:44:44,702] <tracer> DEBUG tasks  - Started task[tracer]
[2026-03-05 12:44:44,703] <tracer> DEBUG tasks  - Finished task[tracer] in 1 ms
[2026-03-05 12:44:48,466] <ble_state_check> DEBUG tasks  - Started task[ble_state_check]
[2026-03-05 12:44:48,466] <ble_state_check> DEBUG tasks  - Finished task[ble_state_check] in 0 ms
[2026-03-05 12:44:49,703] <tracer> DEBUG tasks  - Started task[tracer]
[2026-03-05 12:44:49,704] <tracer> DEBUG tasks  - Finished task[tracer] in 1 ms
[2026-03-05 12:44:53,467] <ble_state_check> DEBUG tasks  - Started task[ble_state_check]
[2026-03-05 12:44:53,467] <ble_state_check> DEBUG tasks  - Finished task[ble_state_check] in 0 ms
[2026-03-05 12:44:54,704] <tracer> DEBUG tasks  - Started task[tracer]
[2026-03-05 12:44:54,705] <tracer> DEBUG tasks  - Finished task[tracer] in 1 ms
[2026-03-05 12:44:56,002] <device-connect-incidents> DEBUG tasks  - Started task[device-connect-incidents]
[2026-03-05 12:44:56,002] <device-connect-incidents> DEBUG tasks  - Finished task[device-connect-incidents] in 0 ms
[2026-03-05 12:44:56,272] <duplicate-ip-service> DEBUG tasks  - Started task[duplicate-ip-service]
[2026-03-05 12:44:56,273] <duplicate-ip-service> DEBUG tasks  - Finished task[duplicate-ip-service] in 1 ms
[2026-03-05 12:44:58,096] <autolink-registry-flush> DEBUG tasks  - Started task[autolink-registry-flush]
[2026-03-05 12:44:58,097] <autolink-registry-flush> DEBUG tasks  - Finished task[autolink-registry-flush] in 1 ms
[2026-03-05 12:44:58,113] <live-performance-analytics> DEBUG tasks  - Started task[live-performance-analytics]
[2026-03-05 12:44:58,113] <trigger-throttling-cache-flush> DEBUG tasks  - Started task[trigger-throttling-cache-flush]
[2026-03-05 12:44:58,114] <live-performance-analytics> DEBUG tasks  - Finished task[live-performance-analytics] in 1 ms
[2026-03-05 12:44:58,114] <trigger-throttling-cache-flush> DEBUG tasks  - Finished task[trigger-throttling-cache-flush] in 1 ms
[2026-03-05 12:44:58,141] <ble_bridge_discovery> DEBUG tasks  - Started task[ble_bridge_discovery]
[2026-03-05 12:44:58,142] <ble_bridge_discovery> DEBUG tasks  - Finished task[ble_bridge_discovery] in 1 ms
[2026-03-05 12:44:58,229] <check-network-interfaces> DEBUG tasks  - Started task[check-network-interfaces]
[2026-03-05 12:44:58,230] <check-network-interfaces> DEBUG tasks  - Finished task[check-network-interfaces] in 1 ms
[2026-03-05 12:44:58,468] <ble_state_check> DEBUG tasks  - Started task[ble_state_check]
[2026-03-05 12:44:58,468] <ble_state_check> DEBUG tasks  - Finished task[ble_state_check] in 0 ms
[2026-03-05 12:44:59,705] <tracer> DEBUG tasks  - Started task[tracer]
[2026-03-05 12:44:59,706] <tracer> DEBUG tasks  - Finished task[tracer] in 1 ms
[2026-03-05 12:45:03,468] <ble_state_check> DEBUG tasks  - Started task[ble_state_check]
[2026-03-05 12:45:03,469] <ble_state_check> DEBUG tasks  - Finished task[ble_state_check] in 1 ms
[2026-03-05 12:45:04,706] <tracer> DEBUG tasks  - Started task[tracer]
[2026-03-05 12:45:04,707] <tracer> DEBUG tasks  - Finished task[tracer] in 1 ms
[2026-03-05 12:45:06,027] <device-state-check> DEBUG tasks  - Started task[device-state-check]
[2026-03-05 12:45:06,028] <device-state-check> DEBUG tasks  - Finished task[device-state-check] in 1 ms
[2026-03-05 12:45:08,221] <stamgr> DEBUG tasks  - Started task[stamgr]
[2026-03-05 12:45:08,222] <stamgr> DEBUG tasks  - Finished task[stamgr] in 1 ms
[2026-03-05 12:45:08,469] <ble_state_check> DEBUG tasks  - Started task[ble_state_check]
[2026-03-05 12:45:08,470] <ble_state_check> DEBUG tasks  - Finished task[ble_state_check] in 1 ms
[2026-03-05 12:45:08,817] <webrtc-connection> DEBUG tasks  - Started task[webrtc-connection]
[2026-03-05 12:45:08,817] <webrtc-connection> DEBUG tasks  - Finished task[webrtc-connection] in 0 ms
[2026-03-05 12:45:09,707] <tracer> DEBUG tasks  - Started task[tracer]
[2026-03-05 12:45:09,707] <tracer> DEBUG tasks  - Finished task[tracer] in 0 ms
[2026-03-05 12:45:13,471] <ble_state_check> DEBUG tasks  - Started task[ble_state_check]
[2026-03-05 12:45:13,471] <ble_state_check> DEBUG tasks  - Finished task[ble_state_check] in 1 ms
[2026-03-05 12:45:14,708] <tracer> DEBUG tasks  - Started task[tracer]
[2026-03-05 12:45:14,708] <tracer> DEBUG tasks  - Finished task[tracer] in 0 ms
[2026-03-05 12:45:18,472] <ble_state_check> DEBUG tasks  - Started task[ble_state_check]
[2026-03-05 12:45:18,472] <ble_state_check> DEBUG tasks  - Finished task[ble_state_check] in 1 ms
[2026-03-05 12:45:19,709] <tracer> DEBUG tasks  - Started task[tracer]
[2026-03-05 12:45:19,709] <tracer> DEBUG tasks  - Finished task[tracer] in 0 ms
[2026-03-05 12:45:23,473] <ble_state_check> DEBUG tasks  - Started task[ble_state_check]
[2026-03-05 12:45:23,473] <ble_state_check> DEBUG tasks  - Finished task[ble_state_check] in 0 ms
[2026-03-05 12:45:24,710] <tracer> DEBUG tasks  - Started task[tracer]
[2026-03-05 12:45:24,710] <tracer> DEBUG tasks  - Finished task[tracer] in 0 ms
[2026-03-05 12:45:26,003] <device-connect-incidents> DEBUG tasks  - Started task[device-connect-incidents]
[2026-03-05 12:45:26,003] <device-connect-incidents> DEBUG tasks  - Finished task[device-connect-incidents] in 0 ms
[2026-03-05 12:45:28,142] <ble_bridge_discovery> DEBUG tasks  - Started task[ble_bridge_discovery]
[2026-03-05 12:45:28,143] <ble_bridge_discovery> DEBUG tasks  - Finished task[ble_bridge_discovery] in 1 ms
[2026-03-05 12:45:28,474] <ble_state_check> DEBUG tasks  - Started task[ble_state_check]
[2026-03-05 12:45:28,474] <ble_state_check> DEBUG tasks  - Finished task[ble_state_check] in 0 ms
[2026-03-05 12:45:29,711] <tracer> DEBUG tasks  - Started task[tracer]
[2026-03-05 12:45:29,711] <tracer> DEBUG tasks  - Finished task[tracer] in 0 ms
[2026-03-05 12:45:33,475] <ble_state_check> DEBUG tasks  - Started task[ble_state_check]
[2026-03-05 12:45:33,475] <ble_state_check> DEBUG tasks  - Finished task[ble_state_check] in 0 ms
[2026-03-05 12:45:34,712] <tracer> DEBUG tasks  - Started task[tracer]
[2026-03-05 12:45:34,712] <tracer> DEBUG tasks  - Finished task[tracer] in 0 ms
[2026-03-05 12:45:38,476] <ble_state_check> DEBUG tasks  - Started task[ble_state_check]
[2026-03-05 12:45:38,476] <ble_state_check> DEBUG tasks  - Finished task[ble_state_check] in 0 ms
[2026-03-05 12:45:39,713] <tracer> DEBUG tasks  - Started task[tracer]
[2026-03-05 12:45:39,713] <tracer> DEBUG tasks  - Finished task[tracer] in 0 ms
[2026-03-05 12:45:43,477] <ble_state_check> DEBUG tasks  - Started task[ble_state_check]
[2026-03-05 12:45:43,477] <ble_state_check> DEBUG tasks  - Finished task[ble_state_check] in 0 ms
[2026-03-05 12:45:44,714] <tracer> DEBUG tasks  - Started task[tracer]
[2026-03-05 12:45:44,714] <tracer> DEBUG tasks  - Finished task[tracer] in 0 ms
[2026-03-05 12:45:48,478] <ble_state_check> DEBUG tasks  - Started task[ble_state_check]
[2026-03-05 12:45:48,478] <ble_state_check> DEBUG tasks  - Finished task[ble_state_check] in 0 ms
[2026-03-05 12:45:49,715] <tracer> DEBUG tasks  - Started task[tracer]
[2026-03-05 12:45:49,715] <tracer> DEBUG tasks  - Finished task[tracer] in 0 ms
[2026-03-05 12:45:53,479] <ble_state_check> DEBUG tasks  - Started task[ble_state_check]
[2026-03-05 12:45:53,479] <ble_state_check> DEBUG tasks  - Finished task[ble_state_check] in 0 ms
[2026-03-05 12:45:54,715] <tracer> DEBUG tasks  - Started task[tracer]
[2026-03-05 12:45:54,716] <tracer> DEBUG tasks  - Finished task[tracer] in 1 ms
[2026-03-05 12:45:56,004] <device-connect-incidents> DEBUG tasks  - Started task[device-connect-incidents]
[2026-03-05 12:45:56,004] <device-connect-incidents> DEBUG tasks  - Finished task[device-connect-incidents] in 0 ms
[2026-03-05 12:45:56,273] <duplicate-ip-service> DEBUG tasks  - Started task[duplicate-ip-service]
[2026-03-05 12:45:56,274] <duplicate-ip-service> DEBUG tasks  - Finished task[duplicate-ip-service] in 1 ms
[2026-03-05 12:45:58,097] <autolink-registry-flush> DEBUG tasks  - Started task[autolink-registry-flush]
[2026-03-05 12:45:58,098] <autolink-registry-flush> DEBUG tasks  - Finished task[autolink-registry-flush] in 1 ms
[2026-03-05 12:45:58,115] <live-performance-analytics> DEBUG tasks  - Started task[live-performance-analytics]
[2026-03-05 12:45:58,116] <live-performance-analytics> DEBUG tasks  - Finished task[live-performance-analytics] in 1 ms
[2026-03-05 12:45:58,116] <trigger-throttling-cache-flush> DEBUG tasks  - Started task[trigger-throttling-cache-flush]
[2026-03-05 12:45:58,116] <trigger-throttling-cache-flush> DEBUG tasks  - Finished task[trigger-throttling-cache-flush] in 0 ms
[2026-03-05 12:45:58,143] <ble_bridge_discovery> DEBUG tasks  - Started task[ble_bridge_discovery]
[2026-03-05 12:45:58,144] <ble_bridge_discovery> DEBUG tasks  - Finished task[ble_bridge_discovery] in 1 ms
[2026-03-05 12:45:58,231] <check-network-interfaces> DEBUG tasks  - Started task[check-network-interfaces]
[2026-03-05 12:45:58,232] <check-network-interfaces> DEBUG tasks  - Finished task[check-network-interfaces] in 1 ms
[2026-03-05 12:45:58,480] <ble_state_check> DEBUG tasks  - Started task[ble_state_check]
[2026-03-05 12:45:58,480] <ble_state_check> DEBUG tasks  - Finished task[ble_state_check] in 0 ms
[2026-03-05 12:45:59,716] <tracer> DEBUG tasks  - Started task[tracer]
[2026-03-05 12:45:59,717] <tracer> DEBUG tasks  - Finished task[tracer] in 1 ms
[2026-03-05 12:46:03,480] <ble_state_check> DEBUG tasks  - Started task[ble_state_check]
[2026-03-05 12:46:03,481] <ble_state_check> DEBUG tasks  - Finished task[ble_state_check] in 1 ms
[2026-03-05 12:46:04,717] <tracer> DEBUG tasks  - Started task[tracer]
[2026-03-05 12:46:04,718] <tracer> DEBUG tasks  - Finished task[tracer] in 1 ms
[2026-03-05 12:46:06,028] <device-state-check> DEBUG tasks  - Started task[device-state-check]
[2026-03-05 12:46:06,030] <device-state-check> DEBUG tasks  - Finished task[device-state-check] in 2 ms
[2026-03-05 12:46:08,222] <stamgr> DEBUG tasks  - Started task[stamgr]
[2026-03-05 12:46:08,223] <stamgr> DEBUG tasks  - Finished task[stamgr] in 1 ms
[2026-03-05 12:46:08,481] <ble_state_check> DEBUG tasks  - Started task[ble_state_check]
[2026-03-05 12:46:08,482] <ble_state_check> DEBUG tasks  - Finished task[ble_state_check] in 1 ms
[2026-03-05 12:46:08,818] <webrtc-connection> DEBUG tasks  - Started task[webrtc-connection]
[2026-03-05 12:46:08,818] <webrtc-connection> DEBUG tasks  - Finished task[webrtc-connection] in 0 ms
[2026-03-05 12:46:09,718] <tracer> DEBUG tasks  - Started task[tracer]
[2026-03-05 12:46:09,719] <tracer> DEBUG tasks  - Finished task[tracer] in 1 ms
[2026-03-05 12:46:13,482] <ble_state_check> DEBUG tasks  - Started task[ble_state_check]
[2026-03-05 12:46:13,483] <ble_state_check> DEBUG tasks  - Finished task[ble_state_check] in 1 ms
[2026-03-05 12:46:14,719] <tracer> DEBUG tasks  - Started task[tracer]
[2026-03-05 12:46:14,720] <tracer> DEBUG tasks  - Finished task[tracer] in 1 ms
[2026-03-05 12:46:18,483] <ble_state_check> DEBUG tasks  - Started task[ble_state_check]
[2026-03-05 12:46:18,484] <ble_state_check> DEBUG tasks  - Finished task[ble_state_check] in 1 ms
[2026-03-05 12:46:19,720] <tracer> DEBUG tasks  - Started task[tracer]
[2026-03-05 12:46:19,721] <tracer> DEBUG tasks  - Finished task[tracer] in 1 ms
[2026-03-05 12:46:23,485] <ble_state_check> DEBUG tasks  - Started task[ble_state_check]
[2026-03-05 12:46:23,485] <ble_state_check> DEBUG tasks  - Finished task[ble_state_check] in 0 ms
[2026-03-05 12:46:24,721] <tracer> DEBUG tasks  - Started task[tracer]
[2026-03-05 12:46:24,722] <tracer> DEBUG tasks  - Finished task[tracer] in 1 ms
[2026-03-05 12:46:26,005] <device-connect-incidents> DEBUG tasks  - Started task[device-connect-incidents]
[2026-03-05 12:46:26,005] <device-connect-incidents> DEBUG tasks  - Finished task[device-connect-incidents] in 0 ms
[2026-03-05 12:46:28,144] <ble_bridge_discovery> DEBUG tasks  - Started task[ble_bridge_discovery]
[2026-03-05 12:46:28,145] <ble_bridge_discovery> DEBUG tasks  - Finished task[ble_bridge_discovery] in 1 ms
[2026-03-05 12:46:28,485] <ble_state_check> DEBUG tasks  - Started task[ble_state_check]
[2026-03-05 12:46:28,486] <ble_state_check> DEBUG tasks  - Finished task[ble_state_check] in 1 ms
[2026-03-05 12:46:29,722] <tracer> DEBUG tasks  - Started task[tracer]
[2026-03-05 12:46:29,723] <tracer> DEBUG tasks  - Finished task[tracer] in 1 ms
[2026-03-05 12:46:33,487] <ble_state_check> DEBUG tasks  - Started task[ble_state_check]
[2026-03-05 12:46:33,487] <ble_state_check> DEBUG tasks  - Finished task[ble_state_check] in 1 ms
[2026-03-05 12:46:34,723] <tracer> DEBUG tasks  - Started task[tracer]
[2026-03-05 12:46:34,723] <tracer> DEBUG tasks  - Finished task[tracer] in 0 ms
[2026-03-05 12:46:38,488] <ble_state_check> DEBUG tasks  - Started task[ble_state_check]
[2026-03-05 12:46:38,488] <ble_state_check> DEBUG tasks  - Finished task[ble_state_check] in 1 ms
[2026-03-05 12:46:39,724] <tracer> DEBUG tasks  - Started task[tracer]
[2026-03-05 12:46:39,724] <tracer> DEBUG tasks  - Finished task[tracer] in 0 ms
[2026-03-05 12:46:43,489] <ble_state_check> DEBUG tasks  - Started task[ble_state_check]
[2026-03-05 12:46:43,489] <ble_state_check> DEBUG tasks  - Finished task[ble_state_check] in 1 ms
[2026-03-05 12:46:44,725] <tracer> DEBUG tasks  - Started task[tracer]
[2026-03-05 12:46:44,725] <tracer> DEBUG tasks  - Finished task[tracer] in 0 ms
[2026-03-05 12:46:48,490] <ble_state_check> DEBUG tasks  - Started task[ble_state_check]
[2026-03-05 12:46:48,490] <ble_state_check> DEBUG tasks  - Finished task[ble_state_check] in 0 ms
[2026-03-05 12:46:49,726] <tracer> DEBUG tasks  - Started task[tracer]
[2026-03-05 12:46:49,726] <tracer> DEBUG tasks  - Finished task[tracer] in 0 ms
[2026-03-05 12:46:53,491] <ble_state_check> DEBUG tasks  - Started task[ble_state_check]
[2026-03-05 12:46:53,491] <ble_state_check> DEBUG tasks  - Finished task[ble_state_check] in 0 ms
[2026-03-05 12:46:54,727] <tracer> DEBUG tasks  - Started task[tracer]
[2026-03-05 12:46:54,727] <tracer> DEBUG tasks  - Finished task[tracer] in 0 ms
[2026-03-05 12:46:56,006] <device-connect-incidents> DEBUG tasks  - Started task[device-connect-incidents]
[2026-03-05 12:46:56,007] <device-connect-incidents> DEBUG tasks  - Finished task[device-connect-incidents] in 1 ms
[2026-03-05 12:46:56,101] <dpi-clean-tseries> DEBUG tasks  - Started task[dpi-clean-tseries]
[2026-03-05 12:46:56,128] <dpi-clean-tseries> DEBUG tasks  - Finished task[dpi-clean-tseries] in 27 ms
[2026-03-05 12:46:56,275] <duplicate-ip-service> DEBUG tasks  - Started task[duplicate-ip-service]
[2026-03-05 12:46:56,276] <duplicate-ip-service> DEBUG tasks  - Finished task[duplicate-ip-service] in 1 ms
[2026-03-05 12:46:58,098] <autolink-registry-flush> DEBUG tasks  - Started task[autolink-registry-flush]
[2026-03-05 12:46:58,099] <autolink-registry-flush> DEBUG tasks  - Finished task[autolink-registry-flush] in 1 ms
[2026-03-05 12:46:58,116] <live-performance-analytics> DEBUG tasks  - Started task[live-performance-analytics]
[2026-03-05 12:46:58,116] <live-performance-analytics> DEBUG tasks  - Finished task[live-performance-analytics] in 0 ms
[2026-03-05 12:46:58,117] <trigger-throttling-cache-flush> DEBUG tasks  - Started task[trigger-throttling-cache-flush]
[2026-03-05 12:46:58,117] <trigger-throttling-cache-flush> DEBUG tasks  - Finished task[trigger-throttling-cache-flush] in 0 ms
[2026-03-05 12:46:58,145] <ble_bridge_discovery> DEBUG tasks  - Started task[ble_bridge_discovery]
[2026-03-05 12:46:58,146] <ble_bridge_discovery> DEBUG tasks  - Finished task[ble_bridge_discovery] in 1 ms
[2026-03-05 12:46:58,233] <check-network-interfaces> DEBUG tasks  - Started task[check-network-interfaces]
[2026-03-05 12:46:58,234] <check-network-interfaces> DEBUG tasks  - Finished task[check-network-interfaces] in 1 ms
[2026-03-05 12:46:58,492] <ble_state_check> DEBUG tasks  - Started task[ble_state_check]
[2026-03-05 12:46:58,492] <ble_state_check> DEBUG tasks  - Finished task[ble_state_check] in 0 ms
[2026-03-05 12:46:59,728] <tracer> DEBUG tasks  - Started task[tracer]
[2026-03-05 12:46:59,728] <tracer> DEBUG tasks  - Finished task[tracer] in 0 ms
[2026-03-05 12:47:03,492] <ble_state_check> DEBUG tasks  - Started task[ble_state_check]
[2026-03-05 12:47:03,493] <ble_state_check> DEBUG tasks  - Finished task[ble_state_check] in 1 ms
[2026-03-05 12:47:04,729] <tracer> DEBUG tasks  - Started task[tracer]
[2026-03-05 12:47:04,729] <tracer> DEBUG tasks  - Finished task[tracer] in 0 ms
[2026-03-05 12:47:06,030] <device-state-check> DEBUG tasks  - Started task[device-state-check]
[2026-03-05 12:47:06,031] <device-state-check> DEBUG tasks  - Finished task[device-state-check] in 1 ms
[2026-03-05 12:47:08,223] <stamgr> DEBUG tasks  - Started task[stamgr]
[2026-03-05 12:47:08,224] <stamgr> DEBUG tasks  - Finished task[stamgr] in 1 ms
[2026-03-05 12:47:08,493] <ble_state_check> DEBUG tasks  - Started task[ble_state_check]
[2026-03-05 12:47:08,494] <ble_state_check> DEBUG tasks  - Finished task[ble_state_check] in 1 ms
[2026-03-05 12:47:08,819] <webrtc-connection> DEBUG tasks  - Started task[webrtc-connection]
[2026-03-05 12:47:08,819] <webrtc-connection> DEBUG tasks  - Finished task[webrtc-connection] in 0 ms
[2026-03-05 12:47:09,730] <tracer> DEBUG tasks  - Started task[tracer]
[2026-03-05 12:47:09,730] <tracer> DEBUG tasks  - Finished task[tracer] in 1 ms
[2026-03-05 12:47:13,494] <ble_state_check> DEBUG tasks  - Started task[ble_state_check]
[2026-03-05 12:47:13,495] <ble_state_check> DEBUG tasks  - Finished task[ble_state_check] in 1 ms
[2026-03-05 12:47:14,731] <tracer> DEBUG tasks  - Started task[tracer]
[2026-03-05 12:47:14,731] <tracer> DEBUG tasks  - Finished task[tracer] in 1 ms
[2026-03-05 12:47:18,495] <ble_state_check> DEBUG tasks  - Started task[ble_state_check]
[2026-03-05 12:47:18,496] <ble_state_check> DEBUG tasks  - Finished task[ble_state_check] in 1 ms
[2026-03-05 12:47:19,734] <tracer> DEBUG tasks  - Started task[tracer]
[2026-03-05 12:47:19,735] <tracer> DEBUG tasks  - Finished task[tracer] in 1 ms
[2026-03-05 12:47:23,496] <ble_state_check> DEBUG tasks  - Started task[ble_state_check]
[2026-03-05 12:47:23,497] <ble_state_check> DEBUG tasks  - Finished task[ble_state_check] in 1 ms
[2026-03-05 12:47:24,735] <tracer> DEBUG tasks  - Started task[tracer]
[2026-03-05 12:47:24,736] <tracer> DEBUG tasks  - Finished task[tracer] in 1 ms
[2026-03-05 12:47:26,007] <device-connect-incidents> DEBUG tasks  - Started task[device-connect-incidents]
[2026-03-05 12:47:26,008] <device-connect-incidents> DEBUG tasks  - Finished task[device-connect-incidents] in 1 ms
[2026-03-05 12:47:28,146] <ble_bridge_discovery> DEBUG tasks  - Started task[ble_bridge_discovery]
[2026-03-05 12:47:28,147] <ble_bridge_discovery> DEBUG tasks  - Finished task[ble_bridge_discovery] in 1 ms
[2026-03-05 12:47:28,497] <ble_state_check> DEBUG tasks  - Started task[ble_state_check]
[2026-03-05 12:47:28,498] <ble_state_check> DEBUG tasks  - Finished task[ble_state_check] in 1 ms
[2026-03-05 12:47:29,736] <tracer> DEBUG tasks  - Started task[tracer]
[2026-03-05 12:47:29,736] <tracer> DEBUG tasks  - Finished task[tracer] in 0 ms
[2026-03-05 12:47:33,499] <ble_state_check> DEBUG tasks  - Started task[ble_state_check]
[2026-03-05 12:47:33,499] <ble_state_check> DEBUG tasks  - Finished task[ble_state_check] in 0 ms
[2026-03-05 12:47:34,737] <tracer> DEBUG tasks  - Started task[tracer]
[2026-03-05 12:47:34,737] <tracer> DEBUG tasks  - Finished task[tracer] in 0 ms
[2026-03-05 12:47:38,500] <ble_state_check> DEBUG tasks  - Started task[ble_state_check]
[2026-03-05 12:47:38,500] <ble_state_check> DEBUG tasks  - Finished task[ble_state_check] in 0 ms
[2026-03-05 12:47:39,738] <tracer> DEBUG tasks  - Started task[tracer]
[2026-03-05 12:47:39,738] <tracer> DEBUG tasks  - Finished task[tracer] in 0 ms
[2026-03-05 12:47:43,501] <ble_state_check> DEBUG tasks  - Started task[ble_state_check]
[2026-03-05 12:47:43,501] <ble_state_check> DEBUG tasks  - Finished task[ble_state_check] in 0 ms
[2026-03-05 12:47:44,739] <tracer> DEBUG tasks  - Started task[tracer]
[2026-03-05 12:47:44,740] <tracer> DEBUG tasks  - Finished task[tracer] in 1 ms
[2026-03-05 12:47:48,502] <ble_state_check> DEBUG tasks  - Started task[ble_state_check]
[2026-03-05 12:47:48,502] <ble_state_check> DEBUG tasks  - Finished task[ble_state_check] in 0 ms
[2026-03-05 12:47:49,740] <tracer> DEBUG tasks  - Started task[tracer]
[2026-03-05 12:47:49,741] <tracer> DEBUG tasks  - Finished task[tracer] in 1 ms
[2026-03-05 12:47:53,503] <ble_state_check> DEBUG tasks  - Started task[ble_state_check]
[2026-03-05 12:47:53,503] <ble_state_check> DEBUG tasks  - Finished task[ble_state_check] in 0 ms
[2026-03-05 12:47:54,741] <tracer> DEBUG tasks  - Started task[tracer]
[2026-03-05 12:47:54,742] <tracer> DEBUG tasks  - Finished task[tracer] in 1 ms
[2026-03-05 12:47:56,008] <device-connect-incidents> DEBUG tasks  - Started task[device-connect-incidents]
[2026-03-05 12:47:56,009] <device-connect-incidents> DEBUG tasks  - Finished task[device-connect-incidents] in 1 ms
[2026-03-05 12:47:56,277] <duplicate-ip-service> DEBUG tasks  - Started task[duplicate-ip-service]
[2026-03-05 12:47:56,278] <duplicate-ip-service> DEBUG tasks  - Finished task[duplicate-ip-service] in 1 ms
[2026-03-05 12:47:58,099] <autolink-registry-flush> DEBUG tasks  - Started task[autolink-registry-flush]
[2026-03-05 12:47:58,100] <autolink-registry-flush> DEBUG tasks  - Finished task[autolink-registry-flush] in 1 ms
[2026-03-05 12:47:58,117] <live-performance-analytics> DEBUG tasks  - Started task[live-performance-analytics]
[2026-03-05 12:47:58,117] <live-performance-analytics> DEBUG tasks  - Finished task[live-performance-analytics] in 0 ms
[2026-03-05 12:47:58,117] <trigger-throttling-cache-flush> DEBUG tasks  - Started task[trigger-throttling-cache-flush]
[2026-03-05 12:47:58,118] <trigger-throttling-cache-flush> DEBUG tasks  - Finished task[trigger-throttling-cache-flush] in 1 ms
[2026-03-05 12:47:58,120] <cache-cleanup> DEBUG tasks  - Started task[cache-cleanup]
[2026-03-05 12:47:58,120] <cache-cleanup> DEBUG tasks  - Finished task[cache-cleanup] in 0 ms
[2026-03-05 12:47:58,147] <ble_bridge_discovery> DEBUG tasks  - Started task[ble_bridge_discovery]
[2026-03-05 12:47:58,148] <ble_bridge_discovery> DEBUG tasks  - Finished task[ble_bridge_discovery] in 1 ms
[2026-03-05 12:47:58,235] <check-network-interfaces> DEBUG tasks  - Started task[check-network-interfaces]
[2026-03-05 12:47:58,236] <check-network-interfaces> DEBUG tasks  - Finished task[check-network-interfaces] in 1 ms
[2026-03-05 12:47:58,503] <ble_state_check> DEBUG tasks  - Started task[ble_state_check]
[2026-03-05 12:47:58,504] <ble_state_check> DEBUG tasks  - Finished task[ble_state_check] in 1 ms
[2026-03-05 12:47:59,742] <tracer> DEBUG tasks  - Started task[tracer]
[2026-03-05 12:47:59,743] <tracer> DEBUG tasks  - Finished task[tracer] in 1 ms
[2026-03-05 12:48:03,504] <ble_state_check> DEBUG tasks  - Started task[ble_state_check]
[2026-03-05 12:48:03,505] <ble_state_check> DEBUG tasks  - Finished task[ble_state_check] in 1 ms
[2026-03-05 12:48:04,743] <tracer> DEBUG tasks  - Started task[tracer]
[2026-03-05 12:48:04,744] <tracer> DEBUG tasks  - Finished task[tracer] in 1 ms
[2026-03-05 12:48:05,077] <wifi-connection-events-flush> DEBUG tasks  - Started task[wifi-connection-events-flush]
[2026-03-05 12:48:05,077] <wifi-connection-events-flush> DEBUG tasks  - Finished task[wifi-connection-events-flush] in 0 ms
[2026-03-05 12:48:06,032] <device-state-check> DEBUG tasks  - Started task[device-state-check]
[2026-03-05 12:48:06,033] <device-state-check> DEBUG tasks  - Finished task[device-state-check] in 1 ms
[2026-03-05 12:48:08,202] <wss-connection> DEBUG tasks  - Started task[wss-connection]
[2026-03-05 12:48:08,202] <wss-connection> DEBUG tasks  - Finished task[wss-connection] in 1 ms
[2026-03-05 12:48:08,224] <stamgr> DEBUG tasks  - Started task[stamgr]
[2026-03-05 12:48:08,225] <stamgr> DEBUG tasks  - Finished task[stamgr] in 1 ms
[2026-03-05 12:48:08,505] <ble_state_check> DEBUG tasks  - Started task[ble_state_check]
[2026-03-05 12:48:08,506] <ble_state_check> DEBUG tasks  - Finished task[ble_state_check] in 1 ms
[2026-03-05 12:48:08,820] <webrtc-connection> DEBUG tasks  - Started task[webrtc-connection]
[2026-03-05 12:48:08,820] <webrtc-connection> DEBUG tasks  - Finished task[webrtc-connection] in 0 ms
[2026-03-05 12:48:09,744] <tracer> DEBUG tasks  - Started task[tracer]
[2026-03-05 12:48:09,745] <tracer> DEBUG tasks  - Finished task[tracer] in 1 ms
[2026-03-05 12:48:13,219] <facebook-wifi-token-validation> DEBUG tasks  - Started task[facebook-wifi-token-validation]
[2026-03-05 12:48:13,220] <facebook-wifi-token-validation> DEBUG tasks  - Finished task[facebook-wifi-token-validation] in 1 ms
[2026-03-05 12:48:13,247] <ips-alert-caching> DEBUG tasks  - Started task[ips-alert-caching]
[2026-03-05 12:48:13,248] <ips-alert-caching> DEBUG tasks  - Finished task[ips-alert-caching] in 1 ms
[2026-03-05 12:48:13,506] <ble_state_check> DEBUG tasks  - Started task[ble_state_check]
[2026-03-05 12:48:13,507] <ble_state_check> DEBUG tasks  - Finished task[ble_state_check] in 1 ms
[2026-03-05 12:48:14,745] <tracer> DEBUG tasks  - Started task[tracer]
[2026-03-05 12:48:14,746] <tracer> DEBUG tasks  - Finished task[tracer] in 1 ms
[2026-03-05 12:48:18,507] <ble_state_check> DEBUG tasks  - Started task[ble_state_check]
[2026-03-05 12:48:18,508] <ble_state_check> DEBUG tasks  - Finished task[ble_state_check] in 1 ms
[2026-03-05 12:48:19,746] <tracer> DEBUG tasks  - Started task[tracer]
[2026-03-05 12:48:19,747] <tracer> DEBUG tasks  - Finished task[tracer] in 1 ms
[2026-03-05 12:48:23,508] <ble_state_check> DEBUG tasks  - Started task[ble_state_check]
[2026-03-05 12:48:23,509] <ble_state_check> DEBUG tasks  - Finished task[ble_state_check] in 1 ms
[2026-03-05 12:48:24,747] <tracer> DEBUG tasks  - Started task[tracer]
[2026-03-05 12:48:24,748] <tracer> DEBUG tasks  - Finished task[tracer] in 1 ms
[2026-03-05 12:48:26,009] <device-connect-incidents> DEBUG tasks  - Started task[device-connect-incidents]
[2026-03-05 12:48:26,010] <device-connect-incidents> DEBUG tasks  - Finished task[device-connect-incidents] in 1 ms
[2026-03-05 12:48:28,148] <ble_bridge_discovery> DEBUG tasks  - Started task[ble_bridge_discovery]
[2026-03-05 12:48:28,149] <ble_bridge_discovery> DEBUG tasks  - Finished task[ble_bridge_discovery] in 1 ms
[2026-03-05 12:48:28,232] <lte-device-license-check> DEBUG tasks  - Started task[lte-device-license-check]
[2026-03-05 12:48:28,233] <lte-device-license-check> DEBUG tasks  - Finished task[lte-device-license-check] in 1 ms
[2026-03-05 12:48:28,510] <ble_state_check> DEBUG tasks  - Started task[ble_state_check]
[2026-03-05 12:48:28,510] <ble_state_check> DEBUG tasks  - Finished task[ble_state_check] in 0 ms
[2026-03-05 12:48:29,748] <tracer> DEBUG tasks  - Started task[tracer]
[2026-03-05 12:48:29,748] <tracer> DEBUG tasks  - Finished task[tracer] in 0 ms
[2026-03-05 12:48:33,511] <ble_state_check> DEBUG tasks  - Started task[ble_state_check]
[2026-03-05 12:48:33,511] <ble_state_check> DEBUG tasks  - Finished task[ble_state_check] in 0 ms
[2026-03-05 12:48:34,749] <tracer> DEBUG tasks  - Started task[tracer]
[2026-03-05 12:48:34,749] <tracer> DEBUG tasks  - Finished task[tracer] in 0 ms
[2026-03-05 12:48:38,512] <ble_state_check> DEBUG tasks  - Started task[ble_state_check]
[2026-03-05 12:48:38,512] <ble_state_check> DEBUG tasks  - Finished task[ble_state_check] in 0 ms
[2026-03-05 12:48:39,750] <tracer> DEBUG tasks  - Started task[tracer]
[2026-03-05 12:48:39,750] <tracer> DEBUG tasks  - Finished task[tracer] in 0 ms
[2026-03-05 12:48:43,513] <ble_state_check> DEBUG tasks  - Started task[ble_state_check]
[2026-03-05 12:48:43,513] <ble_state_check> DEBUG tasks  - Finished task[ble_state_check] in 0 ms
[2026-03-05 12:48:44,750] <tracer> DEBUG tasks  - Started task[tracer]
[2026-03-05 12:48:44,751] <tracer> DEBUG tasks  - Finished task[tracer] in 1 ms
[2026-03-05 12:48:48,514] <ble_state_check> DEBUG tasks  - Started task[ble_state_check]
[2026-03-05 12:48:48,514] <ble_state_check> DEBUG tasks  - Finished task[ble_state_check] in 0 ms
[2026-03-05 12:48:49,751] <tracer> DEBUG tasks  - Started task[tracer]
[2026-03-05 12:48:49,752] <tracer> DEBUG tasks  - Finished task[tracer] in 1 ms
[2026-03-05 12:48:53,515] <ble_state_check> DEBUG tasks  - Started task[ble_state_check]
[2026-03-05 12:48:53,515] <ble_state_check> DEBUG tasks  - Finished task[ble_state_check] in 0 ms
[2026-03-05 12:48:54,752] <tracer> DEBUG tasks  - Started task[tracer]
[2026-03-05 12:48:54,753] <tracer> DEBUG tasks  - Finished task[tracer] in 1 ms
[2026-03-05 12:48:56,010] <device-connect-incidents> DEBUG tasks  - Started task[device-connect-incidents]
[2026-03-05 12:48:56,011] <device-connect-incidents> DEBUG tasks  - Finished task[device-connect-incidents] in 1 ms
[2026-03-05 12:48:56,278] <duplicate-ip-service> DEBUG tasks  - Started task[duplicate-ip-service]
[2026-03-05 12:48:56,279] <duplicate-ip-service> DEBUG tasks  - Finished task[duplicate-ip-service] in 1 ms
[2026-03-05 12:48:58,101] <autolink-registry-flush> DEBUG tasks  - Started task[autolink-registry-flush]
[2026-03-05 12:48:58,101] <autolink-registry-flush> DEBUG tasks  - Finished task[autolink-registry-flush] in 0 ms
[2026-03-05 12:48:58,118] <live-performance-analytics> DEBUG tasks  - Started task[live-performance-analytics]
[2026-03-05 12:48:58,118] <live-performance-analytics> DEBUG tasks  - Finished task[live-performance-analytics] in 0 ms
[2026-03-05 12:48:58,118] <trigger-throttling-cache-flush> DEBUG tasks  - Started task[trigger-throttling-cache-flush]
[2026-03-05 12:48:58,119] <trigger-throttling-cache-flush> DEBUG tasks  - Finished task[trigger-throttling-cache-flush] in 1 ms
[2026-03-05 12:48:58,149] <ble_bridge_discovery> DEBUG tasks  - Started task[ble_bridge_discovery]
[2026-03-05 12:48:58,149] <ble_bridge_discovery> DEBUG tasks  - Finished task[ble_bridge_discovery] in 0 ms
[2026-03-05 12:48:58,216] <cache> DEBUG tasks  - Started task[cache]
[2026-03-05 12:48:58,217] <cache> DEBUG tasks  - Finished task[cache] in 1 ms
[2026-03-05 12:48:58,236] <check-network-interfaces> DEBUG tasks  - Started task[check-network-interfaces]
[2026-03-05 12:48:58,238] <check-network-interfaces> DEBUG tasks  - Finished task[check-network-interfaces] in 2 ms
[2026-03-05 12:48:58,516] <ble_state_check> DEBUG tasks  - Started task[ble_state_check]
[2026-03-05 12:48:58,516] <ble_state_check> DEBUG tasks  - Finished task[ble_state_check] in 0 ms
[2026-03-05 12:48:59,753] <tracer> DEBUG tasks  - Started task[tracer]
[2026-03-05 12:48:59,754] <tracer> DEBUG tasks  - Finished task[tracer] in 1 ms
[2026-03-05 12:49:03,517] <ble_state_check> DEBUG tasks  - Started task[ble_state_check]
[2026-03-05 12:49:03,517] <ble_state_check> DEBUG tasks  - Finished task[ble_state_check] in 0 ms
[2026-03-05 12:49:04,755] <tracer> DEBUG tasks  - Started task[tracer]
[2026-03-05 12:49:04,756] <tracer> DEBUG tasks  - Finished task[tracer] in 1 ms
[2026-03-05 12:49:06,033] <device-state-check> DEBUG tasks  - Started task[device-state-check]
[2026-03-05 12:49:06,034] <device-state-check> DEBUG tasks  - Finished task[device-state-check] in 1 ms
[2026-03-05 12:49:08,225] <stamgr> DEBUG tasks  - Started task[stamgr]
[2026-03-05 12:49:08,226] <stamgr> DEBUG tasks  - Finished task[stamgr] in 1 ms
[2026-03-05 12:49:08,517] <ble_state_check> DEBUG tasks  - Started task[ble_state_check]
[2026-03-05 12:49:08,518] <ble_state_check> DEBUG tasks  - Finished task[ble_state_check] in 1 ms
[2026-03-05 12:49:08,821] <webrtc-connection> DEBUG tasks  - Started task[webrtc-connection]
[2026-03-05 12:49:08,821] <webrtc-connection> DEBUG tasks  - Finished task[webrtc-connection] in 0 ms
[2026-03-05 12:49:09,756] <tracer> DEBUG tasks  - Started task[tracer]
[2026-03-05 12:49:09,757] <tracer> DEBUG tasks  - Finished task[tracer] in 1 ms
[2026-03-05 12:49:13,518] <ble_state_check> DEBUG tasks  - Started task[ble_state_check]
[2026-03-05 12:49:13,519] <ble_state_check> DEBUG tasks  - Finished task[ble_state_check] in 1 ms
[2026-03-05 12:49:14,757] <tracer> DEBUG tasks  - Started task[tracer]
[2026-03-05 12:49:14,758] <tracer> DEBUG tasks  - Finished task[tracer] in 1 ms
[2026-03-05 12:49:18,520] <ble_state_check> DEBUG tasks  - Started task[ble_state_check]
[2026-03-05 12:49:18,520] <ble_state_check> DEBUG tasks  - Finished task[ble_state_check] in 1 ms
[2026-03-05 12:49:19,758] <tracer> DEBUG tasks  - Started task[tracer]
[2026-03-05 12:49:19,759] <tracer> DEBUG tasks  - Finished task[tracer] in 1 ms
[2026-03-05 12:49:23,520] <ble_state_check> DEBUG tasks  - Started task[ble_state_check]
[2026-03-05 12:49:23,521] <ble_state_check> DEBUG tasks  - Finished task[ble_state_check] in 1 ms
[2026-03-05 12:49:24,759] <tracer> DEBUG tasks  - Started task[tracer]
[2026-03-05 12:49:24,759] <tracer> DEBUG tasks  - Finished task[tracer] in 0 ms
[2026-03-05 12:49:26,011] <device-connect-incidents> DEBUG tasks  - Started task[device-connect-incidents]
[2026-03-05 12:49:26,012] <device-connect-incidents> DEBUG tasks  - Finished task[device-connect-incidents] in 1 ms
[2026-03-05 12:49:28,150] <ble_bridge_discovery> DEBUG tasks  - Started task[ble_bridge_discovery]
[2026-03-05 12:49:28,151] <ble_bridge_discovery> DEBUG tasks  - Finished task[ble_bridge_discovery] in 1 ms
[2026-03-05 12:49:28,521] <ble_state_check> DEBUG tasks  - Started task[ble_state_check]
[2026-03-05 12:49:28,522] <ble_state_check> DEBUG tasks  - Finished task[ble_state_check] in 1 ms
[2026-03-05 12:49:29,760] <tracer> DEBUG tasks  - Started task[tracer]
[2026-03-05 12:49:29,761] <tracer> DEBUG tasks  - Finished task[tracer] in 1 ms
[2026-03-05 12:49:33,523] <ble_state_check> DEBUG tasks  - Started task[ble_state_check]
[2026-03-05 12:49:33,523] <ble_state_check> DEBUG tasks  - Finished task[ble_state_check] in 1 ms
[2026-03-05 12:49:34,761] <tracer> DEBUG tasks  - Started task[tracer]
[2026-03-05 12:49:34,762] <tracer> DEBUG tasks  - Finished task[tracer] in 1 ms
[2026-03-05 12:49:38,524] <ble_state_check> DEBUG tasks  - Started task[ble_state_check]
[2026-03-05 12:49:38,524] <ble_state_check> DEBUG tasks  - Finished task[ble_state_check] in 0 ms
[2026-03-05 12:49:39,762] <tracer> DEBUG tasks  - Started task[tracer]
[2026-03-05 12:49:39,762] <tracer> DEBUG tasks  - Finished task[tracer] in 0 ms
[2026-03-05 12:49:43,525] <ble_state_check> DEBUG tasks  - Started task[ble_state_check]
[2026-03-05 12:49:43,525] <ble_state_check> DEBUG tasks  - Finished task[ble_state_check] in 0 ms
[2026-03-05 12:49:44,763] <tracer> DEBUG tasks  - Started task[tracer]
[2026-03-05 12:49:44,763] <tracer> DEBUG tasks  - Finished task[tracer] in 0 ms
[2026-03-05 12:49:48,525] <ble_state_check> DEBUG tasks  - Started task[ble_state_check]
[2026-03-05 12:49:48,526] <ble_state_check> DEBUG tasks  - Finished task[ble_state_check] in 1 ms
[2026-03-05 12:49:49,764] <tracer> DEBUG tasks  - Started task[tracer]
[2026-03-05 12:49:49,764] <tracer> DEBUG tasks  - Finished task[tracer] in 0 ms
[2026-03-05 12:49:53,530] <ble_state_check> DEBUG tasks  - Started task[ble_state_check]
[2026-03-05 12:49:53,531] <ble_state_check> DEBUG tasks  - Finished task[ble_state_check] in 1 ms
[2026-03-05 12:49:54,765] <tracer> DEBUG tasks  - Started task[tracer]
[2026-03-05 12:49:54,765] <tracer> DEBUG tasks  - Finished task[tracer] in 1 ms
[2026-03-05 12:49:56,012] <device-connect-incidents> DEBUG tasks  - Started task[device-connect-incidents]
[2026-03-05 12:49:56,013] <device-connect-incidents> DEBUG tasks  - Finished task[device-connect-incidents] in 1 ms
[2026-03-05 12:49:56,280] <duplicate-ip-service> DEBUG tasks  - Started task[duplicate-ip-service]
[2026-03-05 12:49:56,280] <duplicate-ip-service> DEBUG tasks  - Finished task[duplicate-ip-service] in 0 ms
[2026-03-05 12:49:58,102] <autolink-registry-flush> DEBUG tasks  - Started task[autolink-registry-flush]
[2026-03-05 12:49:58,102] <autolink-registry-flush> DEBUG tasks  - Finished task[autolink-registry-flush] in 1 ms
[2026-03-05 12:49:58,119] <live-performance-analytics> DEBUG tasks  - Started task[live-performance-analytics]
[2026-03-05 12:49:58,119] <live-performance-analytics> DEBUG tasks  - Finished task[live-performance-analytics] in 0 ms
[2026-03-05 12:49:58,119] <trigger-throttling-cache-flush> DEBUG tasks  - Started task[trigger-throttling-cache-flush]
[2026-03-05 12:49:58,120] <trigger-throttling-cache-flush> DEBUG tasks  - Finished task[trigger-throttling-cache-flush] in 1 ms
[2026-03-05 12:49:58,151] <ble_bridge_discovery> DEBUG tasks  - Started task[ble_bridge_discovery]
[2026-03-05 12:49:58,152] <ble_bridge_discovery> DEBUG tasks  - Finished task[ble_bridge_discovery] in 1 ms
[2026-03-05 12:49:58,238] <check-network-interfaces> DEBUG tasks  - Started task[check-network-interfaces]
[2026-03-05 12:49:58,239] <check-network-interfaces> DEBUG tasks  - Finished task[check-network-interfaces] in 1 ms
[2026-03-05 12:49:58,531] <ble_state_check> DEBUG tasks  - Started task[ble_state_check]
[2026-03-05 12:49:58,531] <ble_state_check> DEBUG tasks  - Finished task[ble_state_check] in 0 ms
[2026-03-05 12:49:59,765] <tracer> DEBUG tasks  - Started task[tracer]
[2026-03-05 12:49:59,766] <tracer> DEBUG tasks  - Finished task[tracer] in 1 ms
[2026-03-05 12:50:03,532] <ble_state_check> DEBUG tasks  - Started task[ble_state_check]
[2026-03-05 12:50:03,532] <ble_state_check> DEBUG tasks  - Finished task[ble_state_check] in 0 ms
[2026-03-05 12:50:04,766] <tracer> DEBUG tasks  - Started task[tracer]
[2026-03-05 12:50:04,766] <tracer> DEBUG tasks  - Finished task[tracer] in 0 ms
[2026-03-05 12:50:06,035] <device-state-check> DEBUG tasks  - Started task[device-state-check]
[2026-03-05 12:50:06,036] <device-state-check> DEBUG tasks  - Finished task[device-state-check] in 1 ms
[2026-03-05 12:50:08,227] <stamgr> DEBUG tasks  - Started task[stamgr]
[2026-03-05 12:50:08,227] <stamgr> DEBUG tasks  - Finished task[stamgr] in 0 ms
[2026-03-05 12:50:08,532] <ble_state_check> DEBUG tasks  - Started task[ble_state_check]
[2026-03-05 12:50:08,533] <ble_state_check> DEBUG tasks  - Finished task[ble_state_check] in 1 ms
[2026-03-05 12:50:08,822] <webrtc-connection> DEBUG tasks  - Started task[webrtc-connection]
[2026-03-05 12:50:08,822] <webrtc-connection> DEBUG tasks  - Finished task[webrtc-connection] in 0 ms
[2026-03-05 12:50:09,767] <tracer> DEBUG tasks  - Started task[tracer]
[2026-03-05 12:50:09,767] <tracer> DEBUG tasks  - Finished task[tracer] in 0 ms
[2026-03-05 12:50:13,533] <ble_state_check> DEBUG tasks  - Started task[ble_state_check]
[2026-03-05 12:50:13,534] <ble_state_check> DEBUG tasks  - Finished task[ble_state_check] in 1 ms
[2026-03-05 12:50:14,768] <tracer> DEBUG tasks  - Started task[tracer]
[2026-03-05 12:50:14,768] <tracer> DEBUG tasks  - Finished task[tracer] in 1 ms
[2026-03-05 12:50:18,535] <ble_state_check> DEBUG tasks  - Started task[ble_state_check]
[2026-03-05 12:50:18,535] <ble_state_check> DEBUG tasks  - Finished task[ble_state_check] in 0 ms
[2026-03-05 12:50:19,768] <tracer> DEBUG tasks  - Started task[tracer]
[2026-03-05 12:50:19,769] <tracer> DEBUG tasks  - Finished task[tracer] in 1 ms
[2026-03-05 12:50:23,536] <ble_state_check> DEBUG tasks  - Started task[ble_state_check]
[2026-03-05 12:50:23,536] <ble_state_check> DEBUG tasks  - Finished task[ble_state_check] in 0 ms
[2026-03-05 12:50:24,769] <tracer> DEBUG tasks  - Started task[tracer]
[2026-03-05 12:50:24,770] <tracer> DEBUG tasks  - Finished task[tracer] in 1 ms
[2026-03-05 12:50:26,013] <device-connect-incidents> DEBUG tasks  - Started task[device-connect-incidents]
[2026-03-05 12:50:26,014] <device-connect-incidents> DEBUG tasks  - Finished task[device-connect-incidents] in 1 ms
[2026-03-05 12:50:28,152] <ble_bridge_discovery> DEBUG tasks  - Started task[ble_bridge_discovery]
[2026-03-05 12:50:28,152] <ble_bridge_discovery> DEBUG tasks  - Finished task[ble_bridge_discovery] in 0 ms
[2026-03-05 12:50:28,537] <ble_state_check> DEBUG tasks  - Started task[ble_state_check]
[2026-03-05 12:50:28,537] <ble_state_check> DEBUG tasks  - Finished task[ble_state_check] in 0 ms
[2026-03-05 12:50:29,770] <tracer> DEBUG tasks  - Started task[tracer]
[2026-03-05 12:50:29,771] <tracer> DEBUG tasks  - Finished task[tracer] in 1 ms
[2026-03-05 12:50:33,537] <ble_state_check> DEBUG tasks  - Started task[ble_state_check]
[2026-03-05 12:50:33,538] <ble_state_check> DEBUG tasks  - Finished task[ble_state_check] in 1 ms
[2026-03-05 12:50:34,771] <tracer> DEBUG tasks  - Started task[tracer]
[2026-03-05 12:50:34,772] <tracer> DEBUG tasks  - Finished task[tracer] in 1 ms
[2026-03-05 12:50:38,538] <ble_state_check> DEBUG tasks  - Started task[ble_state_check]
[2026-03-05 12:50:38,539] <ble_state_check> DEBUG tasks  - Finished task[ble_state_check] in 1 ms
[2026-03-05 12:50:39,772] <tracer> DEBUG tasks  - Started task[tracer]
[2026-03-05 12:50:39,772] <tracer> DEBUG tasks  - Finished task[tracer] in 0 ms
[2026-03-05 12:50:43,539] <ble_state_check> DEBUG tasks  - Started task[ble_state_check]
[2026-03-05 12:50:43,539] <ble_state_check> DEBUG tasks  - Finished task[ble_state_check] in 0 ms
[2026-03-05 12:50:44,773] <tracer> DEBUG tasks  - Started task[tracer]
[2026-03-05 12:50:44,773] <tracer> DEBUG tasks  - Finished task[tracer] in 0 ms
[2026-03-05 12:50:48,540] <ble_state_check> DEBUG tasks  - Started task[ble_state_check]
[2026-03-05 12:50:48,540] <ble_state_check> DEBUG tasks  - Finished task[ble_state_check] in 0 ms
[2026-03-05 12:50:49,773] <tracer> DEBUG tasks  - Started task[tracer]
[2026-03-05 12:50:49,774] <tracer> DEBUG tasks  - Finished task[tracer] in 1 ms
[2026-03-05 12:50:53,540] <ble_state_check> DEBUG tasks  - Started task[ble_state_check]
[2026-03-05 12:50:53,541] <ble_state_check> DEBUG tasks  - Finished task[ble_state_check] in 1 ms
[2026-03-05 12:50:54,774] <tracer> DEBUG tasks  - Started task[tracer]
[2026-03-05 12:50:54,775] <tracer> DEBUG tasks  - Finished task[tracer] in 1 ms
[2026-03-05 12:50:56,015] <device-connect-incidents> DEBUG tasks  - Started task[device-connect-incidents]
[2026-03-05 12:50:56,015] <device-connect-incidents> DEBUG tasks  - Finished task[device-connect-incidents] in 1 ms
[2026-03-05 12:50:56,281] <duplicate-ip-service> DEBUG tasks  - Started task[duplicate-ip-service]
[2026-03-05 12:50:56,282] <duplicate-ip-service> DEBUG tasks  - Finished task[duplicate-ip-service] in 1 ms
[2026-03-05 12:50:58,102] <autolink-registry-flush> DEBUG tasks  - Started task[autolink-registry-flush]
[2026-03-05 12:50:58,103] <autolink-registry-flush> DEBUG tasks  - Finished task[autolink-registry-flush] in 1 ms
[2026-03-05 12:50:58,119] <live-performance-analytics> DEBUG tasks  - Started task[live-performance-analytics]
[2026-03-05 12:50:58,120] <live-performance-analytics> DEBUG tasks  - Finished task[live-performance-analytics] in 1 ms
[2026-03-05 12:50:58,120] <trigger-throttling-cache-flush> DEBUG tasks  - Started task[trigger-throttling-cache-flush]
[2026-03-05 12:50:58,120] <trigger-throttling-cache-flush> DEBUG tasks  - Finished task[trigger-throttling-cache-flush] in 0 ms
[2026-03-05 12:50:58,153] <ble_bridge_discovery> DEBUG tasks  - Started task[ble_bridge_discovery]
[2026-03-05 12:50:58,153] <ble_bridge_discovery> DEBUG tasks  - Finished task[ble_bridge_discovery] in 0 ms
[2026-03-05 12:50:58,239] <check-network-interfaces> DEBUG tasks  - Started task[check-network-interfaces]
[2026-03-05 12:50:58,243] <check-network-interfaces> DEBUG tasks  - Finished task[check-network-interfaces] in 4 ms
[2026-03-05 12:50:58,542] <ble_state_check> DEBUG tasks  - Started task[ble_state_check]
[2026-03-05 12:50:58,542] <ble_state_check> DEBUG tasks  - Finished task[ble_state_check] in 0 ms
[2026-03-05 12:50:59,775] <tracer> DEBUG tasks  - Started task[tracer]
[2026-03-05 12:50:59,776] <tracer> DEBUG tasks  - Finished task[tracer] in 1 ms
[2026-03-05 12:51:03,544] <ble_state_check> DEBUG tasks  - Started task[ble_state_check]
[2026-03-05 12:51:03,544] <ble_state_check> DEBUG tasks  - Finished task[ble_state_check] in 1 ms
[2026-03-05 12:51:04,776] <tracer> DEBUG tasks  - Started task[tracer]
[2026-03-05 12:51:04,777] <tracer> DEBUG tasks  - Finished task[tracer] in 1 ms
[2026-03-05 12:51:06,037] <device-state-check> DEBUG tasks  - Started task[device-state-check]
[2026-03-05 12:51:06,038] <device-state-check> DEBUG tasks  - Finished task[device-state-check] in 0 ms
[2026-03-05 12:51:08,230] <stamgr> DEBUG tasks  - Started task[stamgr]
[2026-03-05 12:51:08,231] <stamgr> DEBUG tasks  - Finished task[stamgr] in 1 ms
[2026-03-05 12:51:08,544] <ble_state_check> DEBUG tasks  - Started task[ble_state_check]
[2026-03-05 12:51:08,545] <ble_state_check> DEBUG tasks  - Finished task[ble_state_check] in 1 ms
[2026-03-05 12:51:08,823] <webrtc-connection> DEBUG tasks  - Started task[webrtc-connection]
[2026-03-05 12:51:08,823] <webrtc-connection> DEBUG tasks  - Finished task[webrtc-connection] in 0 ms
[2026-03-05 12:51:09,777] <tracer> DEBUG tasks  - Started task[tracer]
[2026-03-05 12:51:09,777] <tracer> DEBUG tasks  - Finished task[tracer] in 0 ms
[2026-03-05 12:51:13,545] <ble_state_check> DEBUG tasks  - Started task[ble_state_check]
[2026-03-05 12:51:13,546] <ble_state_check> DEBUG tasks  - Finished task[ble_state_check] in 1 ms
[2026-03-05 12:51:14,778] <tracer> DEBUG tasks  - Started task[tracer]
[2026-03-05 12:51:14,778] <tracer> DEBUG tasks  - Finished task[tracer] in 0 ms
[2026-03-05 12:51:18,547] <ble_state_check> DEBUG tasks  - Started task[ble_state_check]
[2026-03-05 12:51:18,548] <ble_state_check> DEBUG tasks  - Finished task[ble_state_check] in 1 ms
[2026-03-05 12:51:19,779] <tracer> DEBUG tasks  - Started task[tracer]
[2026-03-05 12:51:19,780] <tracer> DEBUG tasks  - Finished task[tracer] in 1 ms
[2026-03-05 12:51:23,548] <ble_state_check> DEBUG tasks  - Started task[ble_state_check]
[2026-03-05 12:51:23,548] <ble_state_check> DEBUG tasks  - Finished task[ble_state_check] in 0 ms
[2026-03-05 12:51:24,780] <tracer> DEBUG tasks  - Started task[tracer]
[2026-03-05 12:51:24,780] <tracer> DEBUG tasks  - Finished task[tracer] in 0 ms
[2026-03-05 12:51:26,015] <device-connect-incidents> DEBUG tasks  - Started task[device-connect-incidents]
[2026-03-05 12:51:26,016] <device-connect-incidents> DEBUG tasks  - Finished task[device-connect-incidents] in 1 ms
[2026-03-05 12:51:28,154] <ble_bridge_discovery> DEBUG tasks  - Started task[ble_bridge_discovery]
[2026-03-05 12:51:28,154] <ble_bridge_discovery> DEBUG tasks  - Finished task[ble_bridge_discovery] in 0 ms
[2026-03-05 12:51:28,549] <ble_state_check> DEBUG tasks  - Started task[ble_state_check]
[2026-03-05 12:51:28,549] <ble_state_check> DEBUG tasks  - Finished task[ble_state_check] in 0 ms
[2026-03-05 12:51:29,782] <tracer> DEBUG tasks  - Started task[tracer]
[2026-03-05 12:51:29,783] <tracer> DEBUG tasks  - Finished task[tracer] in 1 ms
[2026-03-05 12:51:33,550] <ble_state_check> DEBUG tasks  - Started task[ble_state_check]
[2026-03-05 12:51:33,550] <ble_state_check> DEBUG tasks  - Finished task[ble_state_check] in 0 ms
[2026-03-05 12:51:34,783] <tracer> DEBUG tasks  - Started task[tracer]
[2026-03-05 12:51:34,784] <tracer> DEBUG tasks  - Finished task[tracer] in 1 ms
[2026-03-05 12:51:38,551] <ble_state_check> DEBUG tasks  - Started task[ble_state_check]
[2026-03-05 12:51:38,551] <ble_state_check> DEBUG tasks  - Finished task[ble_state_check] in 0 ms
[2026-03-05 12:51:39,785] <tracer> DEBUG tasks  - Started task[tracer]
[2026-03-05 12:51:39,785] <tracer> DEBUG tasks  - Finished task[tracer] in 0 ms
[2026-03-05 12:51:43,552] <ble_state_check> DEBUG tasks  - Started task[ble_state_check]
[2026-03-05 12:51:43,552] <ble_state_check> DEBUG tasks  - Finished task[ble_state_check] in 0 ms
[2026-03-05 12:51:44,786] <tracer> DEBUG tasks  - Started task[tracer]
[2026-03-05 12:51:44,786] <tracer> DEBUG tasks  - Finished task[tracer] in 0 ms
[2026-03-05 12:51:48,554] <ble_state_check> DEBUG tasks  - Started task[ble_state_check]
[2026-03-05 12:51:48,555] <ble_state_check> DEBUG tasks  - Finished task[ble_state_check] in 2 ms
[2026-03-05 12:51:49,786] <tracer> DEBUG tasks  - Started task[tracer]
[2026-03-05 12:51:49,787] <tracer> DEBUG tasks  - Finished task[tracer] in 1 ms
[2026-03-05 12:51:53,556] <ble_state_check> DEBUG tasks  - Started task[ble_state_check]
[2026-03-05 12:51:53,556] <ble_state_check> DEBUG tasks  - Finished task[ble_state_check] in 0 ms
[2026-03-05 12:51:54,787] <tracer> DEBUG tasks  - Started task[tracer]
[2026-03-05 12:51:54,788] <tracer> DEBUG tasks  - Finished task[tracer] in 1 ms
[2026-03-05 12:51:56,016] <device-connect-incidents> DEBUG tasks  - Started task[device-connect-incidents]
[2026-03-05 12:51:56,017] <device-connect-incidents> DEBUG tasks  - Finished task[device-connect-incidents] in 1 ms
[2026-03-05 12:51:56,285] <duplicate-ip-service> DEBUG tasks  - Started task[duplicate-ip-service]
[2026-03-05 12:51:56,286] <duplicate-ip-service> DEBUG tasks  - Finished task[duplicate-ip-service] in 1 ms
[2026-03-05 12:51:58,103] <autolink-registry-flush> DEBUG tasks  - Started task[autolink-registry-flush]
[2026-03-05 12:51:58,104] <autolink-registry-flush> DEBUG tasks  - Finished task[autolink-registry-flush] in 1 ms
[2026-03-05 12:51:58,120] <live-performance-analytics> DEBUG tasks  - Started task[live-performance-analytics]
[2026-03-05 12:51:58,121] <live-performance-analytics> DEBUG tasks  - Finished task[live-performance-analytics] in 1 ms
[2026-03-05 12:51:58,121] <trigger-throttling-cache-flush> DEBUG tasks  - Started task[trigger-throttling-cache-flush]
[2026-03-05 12:51:58,121] <trigger-throttling-cache-flush> DEBUG tasks  - Finished task[trigger-throttling-cache-flush] in 0 ms
[2026-03-05 12:51:58,155] <ble_bridge_discovery> DEBUG tasks  - Started task[ble_bridge_discovery]
[2026-03-05 12:51:58,155] <ble_bridge_discovery> DEBUG tasks  - Finished task[ble_bridge_discovery] in 0 ms
[2026-03-05 12:51:58,244] <check-network-interfaces> DEBUG tasks  - Started task[check-network-interfaces]
[2026-03-05 12:51:58,245] <check-network-interfaces> DEBUG tasks  - Finished task[check-network-interfaces] in 1 ms
[2026-03-05 12:51:58,557] <ble_state_check> DEBUG tasks  - Started task[ble_state_check]
[2026-03-05 12:51:58,557] <ble_state_check> DEBUG tasks  - Finished task[ble_state_check] in 0 ms
[2026-03-05 12:51:59,788] <tracer> DEBUG tasks  - Started task[tracer]
[2026-03-05 12:51:59,789] <tracer> DEBUG tasks  - Finished task[tracer] in 1 ms
[2026-03-05 12:52:03,558] <ble_state_check> DEBUG tasks  - Started task[ble_state_check]
[2026-03-05 12:52:03,558] <ble_state_check> DEBUG tasks  - Finished task[ble_state_check] in 0 ms
[2026-03-05 12:52:04,789] <tracer> DEBUG tasks  - Started task[tracer]
[2026-03-05 12:52:04,790] <tracer> DEBUG tasks  - Finished task[tracer] in 1 ms
[2026-03-05 12:52:06,038] <device-state-check> DEBUG tasks  - Started task[device-state-check]
[2026-03-05 12:52:06,039] <device-state-check> DEBUG tasks  - Finished task[device-state-check] in 1 ms
[2026-03-05 12:52:08,231] <stamgr> DEBUG tasks  - Started task[stamgr]
[2026-03-05 12:52:08,231] <stamgr> DEBUG tasks  - Finished task[stamgr] in 0 ms
[2026-03-05 12:52:08,559] <ble_state_check> DEBUG tasks  - Started task[ble_state_check]
[2026-03-05 12:52:08,559] <ble_state_check> DEBUG tasks  - Finished task[ble_state_check] in 0 ms
[2026-03-05 12:52:08,824] <webrtc-connection> DEBUG tasks  - Started task[webrtc-connection]
[2026-03-05 12:52:08,824] <webrtc-connection> DEBUG tasks  - Finished task[webrtc-connection] in 1 ms
[2026-03-05 12:52:09,790] <tracer> DEBUG tasks  - Started task[tracer]
[2026-03-05 12:52:09,791] <tracer> DEBUG tasks  - Finished task[tracer] in 1 ms
[2026-03-05 12:52:13,560] <ble_state_check> DEBUG tasks  - Started task[ble_state_check]
[2026-03-05 12:52:13,560] <ble_state_check> DEBUG tasks  - Finished task[ble_state_check] in 0 ms
[2026-03-05 12:52:14,791] <tracer> DEBUG tasks  - Started task[tracer]
[2026-03-05 12:52:14,792] <tracer> DEBUG tasks  - Finished task[tracer] in 1 ms
[2026-03-05 12:52:18,561] <ble_state_check> DEBUG tasks  - Started task[ble_state_check]
[2026-03-05 12:52:18,561] <ble_state_check> DEBUG tasks  - Finished task[ble_state_check] in 0 ms
[2026-03-05 12:52:19,792] <tracer> DEBUG tasks  - Started task[tracer]
[2026-03-05 12:52:19,793] <tracer> DEBUG tasks  - Finished task[tracer] in 1 ms
[2026-03-05 12:52:23,562] <ble_state_check> DEBUG tasks  - Started task[ble_state_check]
[2026-03-05 12:52:23,563] <ble_state_check> DEBUG tasks  - Finished task[ble_state_check] in 1 ms
[2026-03-05 12:52:24,793] <tracer> DEBUG tasks  - Started task[tracer]
[2026-03-05 12:52:25,430] <tracer> DEBUG tasks  - Finished task[tracer] in 637 ms
[2026-03-05 12:52:26,017] <device-connect-incidents> DEBUG tasks  - Started task[device-connect-incidents]
[2026-03-05 12:52:26,018] <device-connect-incidents> DEBUG tasks  - Finished task[device-connect-incidents] in 1 ms
[2026-03-05 12:52:28,155] <ble_bridge_discovery> DEBUG tasks  - Started task[ble_bridge_discovery]
[2026-03-05 12:52:28,156] <ble_bridge_discovery> DEBUG tasks  - Finished task[ble_bridge_discovery] in 1 ms
[2026-03-05 12:52:28,563] <ble_state_check> DEBUG tasks  - Started task[ble_state_check]
[2026-03-05 12:52:28,564] <ble_state_check> DEBUG tasks  - Finished task[ble_state_check] in 1 ms
[2026-03-05 12:52:30,431] <tracer> DEBUG tasks  - Started task[tracer]
[2026-03-05 12:52:30,432] <tracer> DEBUG tasks  - Finished task[tracer] in 1 ms
[2026-03-05 12:52:33,564] <ble_state_check> DEBUG tasks  - Started task[ble_state_check]
[2026-03-05 12:52:33,565] <ble_state_check> DEBUG tasks  - Finished task[ble_state_check] in 1 ms
[2026-03-05 12:52:35,432] <tracer> DEBUG tasks  - Started task[tracer]
[2026-03-05 12:52:35,433] <tracer> DEBUG tasks  - Finished task[tracer] in 1 ms
[2026-03-05 12:52:38,565] <ble_state_check> DEBUG tasks  - Started task[ble_state_check]
[2026-03-05 12:52:38,566] <ble_state_check> DEBUG tasks  - Finished task[ble_state_check] in 1 ms
[2026-03-05 12:52:40,433] <tracer> DEBUG tasks  - Started task[tracer]
[2026-03-05 12:52:40,434] <tracer> DEBUG tasks  - Finished task[tracer] in 1 ms
[2026-03-05 12:52:43,568] <ble_state_check> DEBUG tasks  - Started task[ble_state_check]
[2026-03-05 12:52:43,568] <ble_state_check> DEBUG tasks  - Finished task[ble_state_check] in 0 ms
[2026-03-05 12:52:45,434] <tracer> DEBUG tasks  - Started task[tracer]
[2026-03-05 12:52:45,435] <tracer> DEBUG tasks  - Finished task[tracer] in 1 ms
[2026-03-05 12:52:48,569] <ble_state_check> DEBUG tasks  - Started task[ble_state_check]
[2026-03-05 12:52:48,569] <ble_state_check> DEBUG tasks  - Finished task[ble_state_check] in 0 ms
[2026-03-05 12:52:50,435] <tracer> DEBUG tasks  - Started task[tracer]
[2026-03-05 12:52:50,436] <tracer> DEBUG tasks  - Finished task[tracer] in 1 ms
[2026-03-05 12:52:53,570] <ble_state_check> DEBUG tasks  - Started task[ble_state_check]
[2026-03-05 12:52:53,570] <ble_state_check> DEBUG tasks  - Finished task[ble_state_check] in 0 ms
[2026-03-05 12:52:55,436] <tracer> DEBUG tasks  - Started task[tracer]
[2026-03-05 12:52:56,019] <device-connect-incidents> DEBUG tasks  - Started task[device-connect-incidents]
[2026-03-05 12:52:56,020] <device-connect-incidents> DEBUG tasks  - Finished task[device-connect-incidents] in 1 ms
[2026-03-05 12:52:56,029] <tracer> DEBUG tasks  - Finished task[tracer] in 593 ms
[2026-03-05 12:52:56,286] <duplicate-ip-service> DEBUG tasks  - Started task[duplicate-ip-service]
[2026-03-05 12:52:56,287] <duplicate-ip-service> DEBUG tasks  - Finished task[duplicate-ip-service] in 1 ms
[2026-03-05 12:52:58,104] <autolink-registry-flush> DEBUG tasks  - Started task[autolink-registry-flush]
[2026-03-05 12:52:58,105] <autolink-registry-flush> DEBUG tasks  - Finished task[autolink-registry-flush] in 1 ms
[2026-03-05 12:52:58,121] <cache-cleanup> DEBUG tasks  - Started task[cache-cleanup]
[2026-03-05 12:52:58,121] <live-performance-analytics> DEBUG tasks  - Started task[live-performance-analytics]
[2026-03-05 12:52:58,121] <cache-cleanup> DEBUG tasks  - Finished task[cache-cleanup] in 0 ms
[2026-03-05 12:52:58,122] <trigger-throttling-cache-flush> DEBUG tasks  - Started task[trigger-throttling-cache-flush]
[2026-03-05 12:52:58,122] <trigger-throttling-cache-flush> DEBUG tasks  - Finished task[trigger-throttling-cache-flush] in 0 ms
[2026-03-05 12:52:58,121] <live-performance-analytics> DEBUG tasks  - Finished task[live-performance-analytics] in 0 ms
[2026-03-05 12:52:58,156] <ble_bridge_discovery> DEBUG tasks  - Started task[ble_bridge_discovery]
[2026-03-05 12:52:58,157] <ble_bridge_discovery> DEBUG tasks  - Finished task[ble_bridge_discovery] in 1 ms
[2026-03-05 12:52:58,246] <check-network-interfaces> DEBUG tasks  - Started task[check-network-interfaces]
[2026-03-05 12:52:58,249] <check-network-interfaces> DEBUG tasks  - Finished task[check-network-interfaces] in 3 ms
[2026-03-05 12:52:58,571] <ble_state_check> DEBUG tasks  - Started task[ble_state_check]
[2026-03-05 12:52:58,571] <ble_state_check> DEBUG tasks  - Finished task[ble_state_check] in 0 ms
[2026-03-05 12:53:01,029] <tracer> DEBUG tasks  - Started task[tracer]
[2026-03-05 12:53:01,030] <tracer> DEBUG tasks  - Finished task[tracer] in 1 ms
[2026-03-05 12:53:03,572] <ble_state_check> DEBUG tasks  - Started task[ble_state_check]
[2026-03-05 12:53:03,572] <ble_state_check> DEBUG tasks  - Finished task[ble_state_check] in 1 ms
[2026-03-05 12:53:05,078] <wifi-connection-events-flush> DEBUG tasks  - Started task[wifi-connection-events-flush]
[2026-03-05 12:53:05,078] <wifi-connection-events-flush> DEBUG tasks  - Finished task[wifi-connection-events-flush] in 0 ms
[2026-03-05 12:53:06,030] <tracer> DEBUG tasks  - Started task[tracer]
[2026-03-05 12:53:06,031] <tracer> DEBUG tasks  - Finished task[tracer] in 1 ms
[2026-03-05 12:53:06,040] <device-state-check> DEBUG tasks  - Started task[device-state-check]
[2026-03-05 12:53:06,040] <device-state-check> DEBUG tasks  - Finished task[device-state-check] in 0 ms
[2026-03-05 12:53:08,203] <wss-connection> DEBUG tasks  - Started task[wss-connection]
[2026-03-05 12:53:08,203] <wss-connection> DEBUG tasks  - Finished task[wss-connection] in 0 ms
[2026-03-05 12:53:08,232] <stamgr> DEBUG tasks  - Started task[stamgr]
[2026-03-05 12:53:08,232] <stamgr> DEBUG tasks  - Finished task[stamgr] in 0 ms
[2026-03-05 12:53:08,572] <ble_state_check> DEBUG tasks  - Started task[ble_state_check]
[2026-03-05 12:53:08,573] <ble_state_check> DEBUG tasks  - Finished task[ble_state_check] in 1 ms
[2026-03-05 12:53:08,824] <webrtc-connection> DEBUG tasks  - Started task[webrtc-connection]
[2026-03-05 12:53:08,825] <webrtc-connection> DEBUG tasks  - Finished task[webrtc-connection] in 1 ms
[2026-03-05 12:53:11,031] <tracer> DEBUG tasks  - Started task[tracer]
[2026-03-05 12:53:11,031] <tracer> DEBUG tasks  - Finished task[tracer] in 0 ms
[2026-03-05 12:53:13,220] <facebook-wifi-token-validation> DEBUG tasks  - Started task[facebook-wifi-token-validation]
[2026-03-05 12:53:13,221] <facebook-wifi-token-validation> DEBUG tasks  - Finished task[facebook-wifi-token-validation] in 1 ms
[2026-03-05 12:53:13,249] <ips-alert-caching> DEBUG tasks  - Started task[ips-alert-caching]
[2026-03-05 12:53:13,249] <ips-alert-caching> DEBUG tasks  - Finished task[ips-alert-caching] in 0 ms
[2026-03-05 12:53:13,573] <ble_state_check> DEBUG tasks  - Started task[ble_state_check]
[2026-03-05 12:53:13,574] <ble_state_check> DEBUG tasks  - Finished task[ble_state_check] in 1 ms
[2026-03-05 12:53:16,032] <tracer> DEBUG tasks  - Started task[tracer]
[2026-03-05 12:53:16,032] <tracer> DEBUG tasks  - Finished task[tracer] in 0 ms
[2026-03-05 12:53:18,574] <ble_state_check> DEBUG tasks  - Started task[ble_state_check]
[2026-03-05 12:53:18,575] <ble_state_check> DEBUG tasks  - Finished task[ble_state_check] in 1 ms
[2026-03-05 12:53:21,033] <tracer> DEBUG tasks  - Started task[tracer]
[2026-03-05 12:53:21,033] <tracer> DEBUG tasks  - Finished task[tracer] in 0 ms
[2026-03-05 12:53:23,575] <ble_state_check> DEBUG tasks  - Started task[ble_state_check]
[2026-03-05 12:53:23,576] <ble_state_check> DEBUG tasks  - Finished task[ble_state_check] in 1 ms
[2026-03-05 12:53:26,020] <device-connect-incidents> DEBUG tasks  - Started task[device-connect-incidents]
[2026-03-05 12:53:26,021] <device-connect-incidents> DEBUG tasks  - Finished task[device-connect-incidents] in 1 ms
[2026-03-05 12:53:26,034] <tracer> DEBUG tasks  - Started task[tracer]
[2026-03-05 12:53:26,034] <tracer> DEBUG tasks  - Finished task[tracer] in 0 ms
[2026-03-05 12:53:28,157] <ble_bridge_discovery> DEBUG tasks  - Started task[ble_bridge_discovery]
[2026-03-05 12:53:28,158] <ble_bridge_discovery> DEBUG tasks  - Finished task[ble_bridge_discovery] in 1 ms
[2026-03-05 12:53:28,234] <lte-device-license-check> DEBUG tasks  - Started task[lte-device-license-check]
[2026-03-05 12:53:28,235] <lte-device-license-check> DEBUG tasks  - Finished task[lte-device-license-check] in 1 ms
[2026-03-05 12:53:28,576] <ble_state_check> DEBUG tasks  - Started task[ble_state_check]
[2026-03-05 12:53:28,577] <ble_state_check> DEBUG tasks  - Finished task[ble_state_check] in 1 ms
[2026-03-05 12:53:31,034] <tracer> DEBUG tasks  - Started task[tracer]
[2026-03-05 12:53:31,035] <tracer> DEBUG tasks  - Finished task[tracer] in 1 ms
[2026-03-05 12:53:33,577] <ble_state_check> DEBUG tasks  - Started task[ble_state_check]
[2026-03-05 12:53:33,578] <ble_state_check> DEBUG tasks  - Finished task[ble_state_check] in 1 ms
[2026-03-05 12:53:36,035] <tracer> DEBUG tasks  - Started task[tracer]
[2026-03-05 12:53:36,036] <tracer> DEBUG tasks  - Finished task[tracer] in 1 ms
[2026-03-05 12:53:38,578] <ble_state_check> DEBUG tasks  - Started task[ble_state_check]
[2026-03-05 12:53:38,579] <ble_state_check> DEBUG tasks  - Finished task[ble_state_check] in 1 ms
[2026-03-05 12:53:41,036] <tracer> DEBUG tasks  - Started task[tracer]
[2026-03-05 12:53:41,037] <tracer> DEBUG tasks  - Finished task[tracer] in 1 ms
[2026-03-05 12:53:43,579] <ble_state_check> DEBUG tasks  - Started task[ble_state_check]
[2026-03-05 12:53:43,579] <ble_state_check> DEBUG tasks  - Finished task[ble_state_check] in 0 ms
[2026-03-05 12:53:46,037] <tracer> DEBUG tasks  - Started task[tracer]
[2026-03-05 12:53:46,038] <tracer> DEBUG tasks  - Finished task[tracer] in 1 ms
[2026-03-05 12:53:48,580] <ble_state_check> DEBUG tasks  - Started task[ble_state_check]
[2026-03-05 12:53:48,580] <ble_state_check> DEBUG tasks  - Finished task[ble_state_check] in 0 ms
[2026-03-05 12:53:51,038] <tracer> DEBUG tasks  - Started task[tracer]
[2026-03-05 12:53:51,039] <tracer> DEBUG tasks  - Finished task[tracer] in 1 ms
[2026-03-05 12:53:53,580] <ble_state_check> DEBUG tasks  - Started task[ble_state_check]
[2026-03-05 12:53:53,581] <ble_state_check> DEBUG tasks  - Finished task[ble_state_check] in 1 ms
[2026-03-05 12:53:56,021] <device-connect-incidents> DEBUG tasks  - Started task[device-connect-incidents]
[2026-03-05 12:53:56,022] <device-connect-incidents> DEBUG tasks  - Finished task[device-connect-incidents] in 1 ms
[2026-03-05 12:53:56,039] <tracer> DEBUG tasks  - Started task[tracer]
[2026-03-05 12:53:56,039] <tracer> DEBUG tasks  - Finished task[tracer] in 0 ms
[2026-03-05 12:53:56,288] <duplicate-ip-service> DEBUG tasks  - Started task[duplicate-ip-service]
[2026-03-05 12:53:56,289] <duplicate-ip-service> DEBUG tasks  - Finished task[duplicate-ip-service] in 1 ms
[2026-03-05 12:53:58,105] <autolink-registry-flush> DEBUG tasks  - Started task[autolink-registry-flush]
[2026-03-05 12:53:58,106] <autolink-registry-flush> DEBUG tasks  - Finished task[autolink-registry-flush] in 1 ms
[2026-03-05 12:53:58,122] <trigger-throttling-cache-flush> DEBUG tasks  - Started task[trigger-throttling-cache-flush]
[2026-03-05 12:53:58,122] <live-performance-analytics> DEBUG tasks  - Started task[live-performance-analytics]
[2026-03-05 12:53:58,122] <trigger-throttling-cache-flush> DEBUG tasks  - Finished task[trigger-throttling-cache-flush] in 0 ms
[2026-03-05 12:53:58,123] <live-performance-analytics> DEBUG tasks  - Finished task[live-performance-analytics] in 1 ms
[2026-03-05 12:53:58,158] <ble_bridge_discovery> DEBUG tasks  - Started task[ble_bridge_discovery]
[2026-03-05 12:53:58,159] <ble_bridge_discovery> DEBUG tasks  - Finished task[ble_bridge_discovery] in 1 ms
[2026-03-05 12:53:58,201] <sdn-connection> DEBUG tasks  - Started task[sdn-connection]
[2026-03-05 12:53:58,202] <sdn-connection> DEBUG tasks  - Finished task[sdn-connection] in 1 ms
[2026-03-05 12:53:58,217] <cache> DEBUG tasks  - Started task[cache]
[2026-03-05 12:53:58,218] <cache> DEBUG tasks  - Finished task[cache] in 1 ms
[2026-03-05 12:53:58,223] <print-time-series-cache-stats> DEBUG tasks  - Started task[print-time-series-cache-stats]
[2026-03-05 12:53:58,223] <print-time-series-cache-stats> DEBUG tasks  - Finished task[print-time-series-cache-stats] in 0 ms
[2026-03-05 12:53:58,250] <check-network-interfaces> DEBUG tasks  - Started task[check-network-interfaces]
[2026-03-05 12:53:58,251] <check-network-interfaces> DEBUG tasks  - Finished task[check-network-interfaces] in 1 ms
[2026-03-05 12:53:58,581] <ble_state_check> DEBUG tasks  - Started task[ble_state_check]
[2026-03-05 12:53:58,582] <ble_state_check> DEBUG tasks  - Finished task[ble_state_check] in 1 ms
[2026-03-05 12:54:01,040] <tracer> DEBUG tasks  - Started task[tracer]
[2026-03-05 12:54:01,040] <tracer> DEBUG tasks  - Finished task[tracer] in 0 ms
[2026-03-05 12:54:03,582] <ble_state_check> DEBUG tasks  - Started task[ble_state_check]
[2026-03-05 12:54:03,583] <ble_state_check> DEBUG tasks  - Finished task[ble_state_check] in 1 ms
[2026-03-05 12:54:06,040] <tracer> DEBUG tasks  - Started task[tracer]
[2026-03-05 12:54:06,041] <device-state-check> DEBUG tasks  - Started task[device-state-check]
[2026-03-05 12:54:06,041] <tracer> DEBUG tasks  - Finished task[tracer] in 1 ms
[2026-03-05 12:54:06,042] <device-state-check> DEBUG tasks  - Finished task[device-state-check] in 1 ms
[2026-03-05 12:54:08,233] <stamgr> DEBUG tasks  - Started task[stamgr]
[2026-03-05 12:54:08,233] <stamgr> DEBUG tasks  - Finished task[stamgr] in 0 ms
[2026-03-05 12:54:08,583] <ble_state_check> DEBUG tasks  - Started task[ble_state_check]
[2026-03-05 12:54:08,584] <ble_state_check> DEBUG tasks  - Finished task[ble_state_check] in 1 ms
[2026-03-05 12:54:08,825] <webrtc-connection> DEBUG tasks  - Started task[webrtc-connection]
[2026-03-05 12:54:08,825] <webrtc-connection> DEBUG tasks  - Finished task[webrtc-connection] in 0 ms
[2026-03-05 12:54:11,041] <tracer> DEBUG tasks  - Started task[tracer]
[2026-03-05 12:54:11,042] <tracer> DEBUG tasks  - Finished task[tracer] in 1 ms
[2026-03-05 12:54:13,584] <ble_state_check> DEBUG tasks  - Started task[ble_state_check]
[2026-03-05 12:54:13,585] <ble_state_check> DEBUG tasks  - Finished task[ble_state_check] in 1 ms
[2026-03-05 12:54:16,042] <tracer> DEBUG tasks  - Started task[tracer]
[2026-03-05 12:54:16,043] <tracer> DEBUG tasks  - Finished task[tracer] in 1 ms
[2026-03-05 12:54:18,585] <ble_state_check> DEBUG tasks  - Started task[ble_state_check]
[2026-03-05 12:54:18,586] <ble_state_check> DEBUG tasks  - Finished task[ble_state_check] in 1 ms
[2026-03-05 12:54:21,043] <tracer> DEBUG tasks  - Started task[tracer]
[2026-03-05 12:54:21,043] <tracer> DEBUG tasks  - Finished task[tracer] in 0 ms
[2026-03-05 12:54:23,586] <ble_state_check> DEBUG tasks  - Started task[ble_state_check]
[2026-03-05 12:54:23,587] <ble_state_check> DEBUG tasks  - Finished task[ble_state_check] in 1 ms
[2026-03-05 12:54:26,022] <device-connect-incidents> DEBUG tasks  - Started task[device-connect-incidents]
[2026-03-05 12:54:26,023] <device-connect-incidents> DEBUG tasks  - Finished task[device-connect-incidents] in 1 ms
[2026-03-05 12:54:26,044] <tracer> DEBUG tasks  - Started task[tracer]
[2026-03-05 12:54:26,044] <tracer> DEBUG tasks  - Finished task[tracer] in 0 ms
[2026-03-05 12:54:28,159] <ble_bridge_discovery> DEBUG tasks  - Started task[ble_bridge_discovery]
[2026-03-05 12:54:28,160] <ble_bridge_discovery> DEBUG tasks  - Finished task[ble_bridge_discovery] in 1 ms
[2026-03-05 12:54:28,587] <ble_state_check> DEBUG tasks  - Started task[ble_state_check]
[2026-03-05 12:54:28,588] <ble_state_check> DEBUG tasks  - Finished task[ble_state_check] in 1 ms
[2026-03-05 12:54:31,045] <tracer> DEBUG tasks  - Started task[tracer]
[2026-03-05 12:54:31,045] <tracer> DEBUG tasks  - Finished task[tracer] in 0 ms
[2026-03-05 12:54:33,588] <ble_state_check> DEBUG tasks  - Started task[ble_state_check]
[2026-03-05 12:54:33,589] <ble_state_check> DEBUG tasks  - Finished task[ble_state_check] in 1 ms
[2026-03-05 12:54:36,046] <tracer> DEBUG tasks  - Started task[tracer]
[2026-03-05 12:54:36,046] <tracer> DEBUG tasks  - Finished task[tracer] in 0 ms
[2026-03-05 12:54:38,589] <ble_state_check> DEBUG tasks  - Started task[ble_state_check]
[2026-03-05 12:54:38,590] <ble_state_check> DEBUG tasks  - Finished task[ble_state_check] in 1 ms
[2026-03-05 12:54:41,046] <tracer> DEBUG tasks  - Started task[tracer]
[2026-03-05 12:54:41,047] <tracer> DEBUG tasks  - Finished task[tracer] in 1 ms
[2026-03-05 12:54:43,590] <ble_state_check> DEBUG tasks  - Started task[ble_state_check]
[2026-03-05 12:54:43,591] <ble_state_check> DEBUG tasks  - Finished task[ble_state_check] in 1 ms
[2026-03-05 12:54:46,047] <tracer> DEBUG tasks  - Started task[tracer]
[2026-03-05 12:54:46,048] <tracer> DEBUG tasks  - Finished task[tracer] in 1 ms
[2026-03-05 12:54:48,591] <ble_state_check> DEBUG tasks  - Started task[ble_state_check]
[2026-03-05 12:54:48,592] <ble_state_check> DEBUG tasks  - Finished task[ble_state_check] in 0 ms
[2026-03-05 12:54:51,048] <tracer> DEBUG tasks  - Started task[tracer]
[2026-03-05 12:54:51,049] <tracer> DEBUG tasks  - Finished task[tracer] in 1 ms
[2026-03-05 12:54:53,592] <ble_state_check> DEBUG tasks  - Started task[ble_state_check]
[2026-03-05 12:54:53,592] <ble_state_check> DEBUG tasks  - Finished task[ble_state_check] in 0 ms
[2026-03-05 12:54:56,023] <device-connect-incidents> DEBUG tasks  - Started task[device-connect-incidents]
[2026-03-05 12:54:56,024] <device-connect-incidents> DEBUG tasks  - Finished task[device-connect-incidents] in 1 ms
[2026-03-05 12:54:56,049] <tracer> DEBUG tasks  - Started task[tracer]
[2026-03-05 12:54:56,049] <tracer> DEBUG tasks  - Finished task[tracer] in 0 ms
[2026-03-05 12:54:56,289] <duplicate-ip-service> DEBUG tasks  - Started task[duplicate-ip-service]
[2026-03-05 12:54:56,290] <duplicate-ip-service> DEBUG tasks  - Finished task[duplicate-ip-service] in 1 ms
[2026-03-05 12:54:58,106] <autolink-registry-flush> DEBUG tasks  - Started task[autolink-registry-flush]
[2026-03-05 12:54:58,106] <autolink-registry-flush> DEBUG tasks  - Finished task[autolink-registry-flush] in 0 ms
[2026-03-05 12:54:58,123] <trigger-throttling-cache-flush> DEBUG tasks  - Started task[trigger-throttling-cache-flush]
[2026-03-05 12:54:58,123] <live-performance-analytics> DEBUG tasks  - Started task[live-performance-analytics]
[2026-03-05 12:54:58,123] <trigger-throttling-cache-flush> DEBUG tasks  - Finished task[trigger-throttling-cache-flush] in 0 ms
[2026-03-05 12:54:58,124] <live-performance-analytics> DEBUG tasks  - Finished task[live-performance-analytics] in 1 ms
[2026-03-05 12:54:58,160] <ble_bridge_discovery> DEBUG tasks  - Started task[ble_bridge_discovery]
[2026-03-05 12:54:58,161] <ble_bridge_discovery> DEBUG tasks  - Finished task[ble_bridge_discovery] in 1 ms
[2026-03-05 12:54:58,252] <check-network-interfaces> DEBUG tasks  - Started task[check-network-interfaces]
[2026-03-05 12:54:58,254] <check-network-interfaces> DEBUG tasks  - Finished task[check-network-interfaces] in 2 ms
[2026-03-05 12:54:58,593] <ble_state_check> DEBUG tasks  - Started task[ble_state_check]
[2026-03-05 12:54:58,594] <ble_state_check> DEBUG tasks  - Finished task[ble_state_check] in 1 ms
[2026-03-05 12:55:01,050] <tracer> DEBUG tasks  - Started task[tracer]
[2026-03-05 12:55:01,050] <tracer> DEBUG tasks  - Finished task[tracer] in 0 ms
[2026-03-05 12:55:03,595] <ble_state_check> DEBUG tasks  - Started task[ble_state_check]
[2026-03-05 12:55:03,595] <ble_state_check> DEBUG tasks  - Finished task[ble_state_check] in 0 ms
[2026-03-05 12:55:06,042] <device-state-check> DEBUG tasks  - Started task[device-state-check]
[2026-03-05 12:55:06,043] <device-state-check> DEBUG tasks  - Finished task[device-state-check] in 1 ms
[2026-03-05 12:55:06,050] <tracer> DEBUG tasks  - Started task[tracer]
[2026-03-05 12:55:06,051] <tracer> DEBUG tasks  - Finished task[tracer] in 1 ms
[2026-03-05 12:55:08,233] <stamgr> DEBUG tasks  - Started task[stamgr]
[2026-03-05 12:55:08,234] <stamgr> DEBUG tasks  - Finished task[stamgr] in 1 ms
[2026-03-05 12:55:08,596] <ble_state_check> DEBUG tasks  - Started task[ble_state_check]
[2026-03-05 12:55:08,596] <ble_state_check> DEBUG tasks  - Finished task[ble_state_check] in 0 ms
[2026-03-05 12:55:08,826] <webrtc-connection> DEBUG tasks  - Started task[webrtc-connection]
[2026-03-05 12:55:08,826] <webrtc-connection> DEBUG tasks  - Finished task[webrtc-connection] in 0 ms
[2026-03-05 12:55:11,051] <tracer> DEBUG tasks  - Started task[tracer]
[2026-03-05 12:55:11,052] <tracer> DEBUG tasks  - Finished task[tracer] in 1 ms
[2026-03-05 12:55:13,597] <ble_state_check> DEBUG tasks  - Started task[ble_state_check]
[2026-03-05 12:55:13,598] <ble_state_check> DEBUG tasks  - Finished task[ble_state_check] in 1 ms
[2026-03-05 12:55:16,052] <tracer> DEBUG tasks  - Started task[tracer]
[2026-03-05 12:55:16,052] <tracer> DEBUG tasks  - Finished task[tracer] in 0 ms
[2026-03-05 12:55:18,598] <ble_state_check> DEBUG tasks  - Started task[ble_state_check]
[2026-03-05 12:55:18,599] <ble_state_check> DEBUG tasks  - Finished task[ble_state_check] in 1 ms
[2026-03-05 12:55:21,053] <tracer> DEBUG tasks  - Started task[tracer]
[2026-03-05 12:55:21,053] <tracer> DEBUG tasks  - Finished task[tracer] in 0 ms
[2026-03-05 12:55:23,599] <ble_state_check> DEBUG tasks  - Started task[ble_state_check]
[2026-03-05 12:55:23,600] <ble_state_check> DEBUG tasks  - Finished task[ble_state_check] in 1 ms
[2026-03-05 12:55:26,024] <device-connect-incidents> DEBUG tasks  - Started task[device-connect-incidents]
[2026-03-05 12:55:26,024] <device-connect-incidents> DEBUG tasks  - Finished task[device-connect-incidents] in 0 ms
[2026-03-05 12:55:26,054] <tracer> DEBUG tasks  - Started task[tracer]
[2026-03-05 12:55:26,054] <tracer> DEBUG tasks  - Finished task[tracer] in 0 ms
[2026-03-05 12:55:28,161] <ble_bridge_discovery> DEBUG tasks  - Started task[ble_bridge_discovery]
[2026-03-05 12:55:28,162] <ble_bridge_discovery> DEBUG tasks  - Finished task[ble_bridge_discovery] in 1 ms
[2026-03-05 12:55:28,600] <ble_state_check> DEBUG tasks  - Started task[ble_state_check]
[2026-03-05 12:55:28,601] <ble_state_check> DEBUG tasks  - Finished task[ble_state_check] in 1 ms
[2026-03-05 12:55:31,054] <tracer> DEBUG tasks  - Started task[tracer]
[2026-03-05 12:55:31,054] <tracer> DEBUG tasks  - Finished task[tracer] in 0 ms
[2026-03-05 12:55:33,601] <ble_state_check> DEBUG tasks  - Started task[ble_state_check]
[2026-03-05 12:55:33,601] <ble_state_check> DEBUG tasks  - Finished task[ble_state_check] in 0 ms
[2026-03-05 12:55:36,055] <tracer> DEBUG tasks  - Started task[tracer]
[2026-03-05 12:55:36,055] <tracer> DEBUG tasks  - Finished task[tracer] in 0 ms
[2026-03-05 12:55:38,602] <ble_state_check> DEBUG tasks  - Started task[ble_state_check]
[2026-03-05 12:55:38,602] <ble_state_check> DEBUG tasks  - Finished task[ble_state_check] in 0 ms
[2026-03-05 12:55:41,056] <tracer> DEBUG tasks  - Started task[tracer]
[2026-03-05 12:55:41,056] <tracer> DEBUG tasks  - Finished task[tracer] in 0 ms
[2026-03-05 12:55:43,603] <ble_state_check> DEBUG tasks  - Started task[ble_state_check]
[2026-03-05 12:55:43,603] <ble_state_check> DEBUG tasks  - Finished task[ble_state_check] in 1 ms
[2026-03-05 12:55:46,056] <tracer> DEBUG tasks  - Started task[tracer]
[2026-03-05 12:55:46,057] <tracer> DEBUG tasks  - Finished task[tracer] in 1 ms
[2026-03-05 12:55:48,603] <ble_state_check> DEBUG tasks  - Started task[ble_state_check]
[2026-03-05 12:55:48,604] <ble_state_check> DEBUG tasks  - Finished task[ble_state_check] in 1 ms
[2026-03-05 12:55:51,057] <tracer> DEBUG tasks  - Started task[tracer]
[2026-03-05 12:55:51,058] <tracer> DEBUG tasks  - Finished task[tracer] in 1 ms
[2026-03-05 12:55:53,604] <ble_state_check> DEBUG tasks  - Started task[ble_state_check]
[2026-03-05 12:55:53,605] <ble_state_check> DEBUG tasks  - Finished task[ble_state_check] in 1 ms
[2026-03-05 12:55:56,025] <device-connect-incidents> DEBUG tasks  - Started task[device-connect-incidents]
[2026-03-05 12:55:56,025] <device-connect-incidents> DEBUG tasks  - Finished task[device-connect-incidents] in 0 ms
[2026-03-05 12:55:56,058] <tracer> DEBUG tasks  - Started task[tracer]
[2026-03-05 12:55:56,058] <tracer> DEBUG tasks  - Finished task[tracer] in 0 ms
[2026-03-05 12:55:56,290] <duplicate-ip-service> DEBUG tasks  - Started task[duplicate-ip-service]
[2026-03-05 12:55:56,291] <duplicate-ip-service> DEBUG tasks  - Finished task[duplicate-ip-service] in 1 ms
[2026-03-05 12:55:58,107] <autolink-registry-flush> DEBUG tasks  - Started task[autolink-registry-flush]
[2026-03-05 12:55:58,107] <autolink-registry-flush> DEBUG tasks  - Finished task[autolink-registry-flush] in 0 ms
[2026-03-05 12:55:58,124] <trigger-throttling-cache-flush> DEBUG tasks  - Started task[trigger-throttling-cache-flush]
[2026-03-05 12:55:58,124] <live-performance-analytics> DEBUG tasks  - Started task[live-performance-analytics]
[2026-03-05 12:55:58,124] <trigger-throttling-cache-flush> DEBUG tasks  - Finished task[trigger-throttling-cache-flush] in 0 ms
[2026-03-05 12:55:58,125] <live-performance-analytics> DEBUG tasks  - Finished task[live-performance-analytics] in 1 ms
[2026-03-05 12:55:58,162] <ble_bridge_discovery> DEBUG tasks  - Started task[ble_bridge_discovery]
[2026-03-05 12:55:58,162] <ble_bridge_discovery> DEBUG tasks  - Finished task[ble_bridge_discovery] in 0 ms
[2026-03-05 12:55:58,254] <check-network-interfaces> DEBUG tasks  - Started task[check-network-interfaces]
[2026-03-05 12:55:58,256] <check-network-interfaces> DEBUG tasks  - Finished task[check-network-interfaces] in 2 ms
[2026-03-05 12:55:58,605] <ble_state_check> DEBUG tasks  - Started task[ble_state_check]
[2026-03-05 12:55:58,605] <ble_state_check> DEBUG tasks  - Finished task[ble_state_check] in 0 ms
[2026-03-05 12:56:01,059] <tracer> DEBUG tasks  - Started task[tracer]
[2026-03-05 12:56:01,059] <tracer> DEBUG tasks  - Finished task[tracer] in 0 ms
[2026-03-05 12:56:03,606] <ble_state_check> DEBUG tasks  - Started task[ble_state_check]
[2026-03-05 12:56:03,606] <ble_state_check> DEBUG tasks  - Finished task[ble_state_check] in 0 ms
[2026-03-05 12:56:06,043] <device-state-check> DEBUG tasks  - Started task[device-state-check]
[2026-03-05 12:56:06,044] <device-state-check> DEBUG tasks  - Finished task[device-state-check] in 1 ms
[2026-03-05 12:56:06,060] <tracer> DEBUG tasks  - Started task[tracer]
[2026-03-05 12:56:06,060] <tracer> DEBUG tasks  - Finished task[tracer] in 0 ms
[2026-03-05 12:56:08,234] <stamgr> DEBUG tasks  - Started task[stamgr]
[2026-03-05 12:56:08,235] <stamgr> DEBUG tasks  - Finished task[stamgr] in 1 ms
[2026-03-05 12:56:08,607] <ble_state_check> DEBUG tasks  - Started task[ble_state_check]
[2026-03-05 12:56:08,607] <ble_state_check> DEBUG tasks  - Finished task[ble_state_check] in 0 ms
[2026-03-05 12:56:08,826] <webrtc-connection> DEBUG tasks  - Started task[webrtc-connection]
[2026-03-05 12:56:08,827] <webrtc-connection> DEBUG tasks  - Finished task[webrtc-connection] in 1 ms
[2026-03-05 12:56:11,060] <tracer> DEBUG tasks  - Started task[tracer]
[2026-03-05 12:56:11,061] <tracer> DEBUG tasks  - Finished task[tracer] in 1 ms
[2026-03-05 12:56:13,608] <ble_state_check> DEBUG tasks  - Started task[ble_state_check]
[2026-03-05 12:56:13,608] <ble_state_check> DEBUG tasks  - Finished task[ble_state_check] in 0 ms
[2026-03-05 12:56:16,061] <tracer> DEBUG tasks  - Started task[tracer]
[2026-03-05 12:56:16,062] <tracer> DEBUG tasks  - Finished task[tracer] in 1 ms
[2026-03-05 12:56:18,608] <ble_state_check> DEBUG tasks  - Started task[ble_state_check]
[2026-03-05 12:56:18,609] <ble_state_check> DEBUG tasks  - Finished task[ble_state_check] in 1 ms
[2026-03-05 12:56:21,062] <tracer> DEBUG tasks  - Started task[tracer]
[2026-03-05 12:56:21,063] <tracer> DEBUG tasks  - Finished task[tracer] in 1 ms
[2026-03-05 12:56:23,609] <ble_state_check> DEBUG tasks  - Started task[ble_state_check]
[2026-03-05 12:56:23,610] <ble_state_check> DEBUG tasks  - Finished task[ble_state_check] in 1 ms
[2026-03-05 12:56:26,026] <device-connect-incidents> DEBUG tasks  - Started task[device-connect-incidents]
[2026-03-05 12:56:26,026] <device-connect-incidents> DEBUG tasks  - Finished task[device-connect-incidents] in 0 ms
[2026-03-05 12:56:26,063] <tracer> DEBUG tasks  - Started task[tracer]
[2026-03-05 12:56:26,063] <tracer> DEBUG tasks  - Finished task[tracer] in 0 ms
[2026-03-05 12:56:28,163] <ble_bridge_discovery> DEBUG tasks  - Started task[ble_bridge_discovery]
[2026-03-05 12:56:28,163] <ble_bridge_discovery> DEBUG tasks  - Finished task[ble_bridge_discovery] in 0 ms
[2026-03-05 12:56:28,610] <ble_state_check> DEBUG tasks  - Started task[ble_state_check]
[2026-03-05 12:56:28,611] <ble_state_check> DEBUG tasks  - Finished task[ble_state_check] in 1 ms
[2026-03-05 12:56:31,064] <tracer> DEBUG tasks  - Started task[tracer]
[2026-03-05 12:56:31,064] <tracer> DEBUG tasks  - Finished task[tracer] in 0 ms
[2026-03-05 12:56:33,612] <ble_state_check> DEBUG tasks  - Started task[ble_state_check]
[2026-03-05 12:56:33,613] <ble_state_check> DEBUG tasks  - Finished task[ble_state_check] in 1 ms
[2026-03-05 12:56:36,065] <tracer> DEBUG tasks  - Started task[tracer]
[2026-03-05 12:56:36,065] <tracer> DEBUG tasks  - Finished task[tracer] in 0 ms
[2026-03-05 12:56:38,613] <ble_state_check> DEBUG tasks  - Started task[ble_state_check]
[2026-03-05 12:56:38,615] <ble_state_check> DEBUG tasks  - Finished task[ble_state_check] in 2 ms
[2026-03-05 12:56:41,065] <tracer> DEBUG tasks  - Started task[tracer]
[2026-03-05 12:56:41,066] <tracer> DEBUG tasks  - Finished task[tracer] in 1 ms
[2026-03-05 12:56:43,615] <ble_state_check> DEBUG tasks  - Started task[ble_state_check]
[2026-03-05 12:56:43,615] <ble_state_check> DEBUG tasks  - Finished task[ble_state_check] in 0 ms
[2026-03-05 12:56:46,066] <tracer> DEBUG tasks  - Started task[tracer]
[2026-03-05 12:56:46,066] <tracer> DEBUG tasks  - Finished task[tracer] in 0 ms
[2026-03-05 12:56:48,616] <ble_state_check> DEBUG tasks  - Started task[ble_state_check]
[2026-03-05 12:56:48,616] <ble_state_check> DEBUG tasks  - Finished task[ble_state_check] in 0 ms
[2026-03-05 12:56:51,067] <tracer> DEBUG tasks  - Started task[tracer]
[2026-03-05 12:56:51,067] <tracer> DEBUG tasks  - Finished task[tracer] in 0 ms
[2026-03-05 12:56:53,616] <ble_state_check> DEBUG tasks  - Started task[ble_state_check]
[2026-03-05 12:56:53,617] <ble_state_check> DEBUG tasks  - Finished task[ble_state_check] in 1 ms
[2026-03-05 12:56:56,027] <device-connect-incidents> DEBUG tasks  - Started task[device-connect-incidents]
[2026-03-05 12:56:56,027] <device-connect-incidents> DEBUG tasks  - Finished task[device-connect-incidents] in 0 ms
[2026-03-05 12:56:56,067] <tracer> DEBUG tasks  - Started task[tracer]
[2026-03-05 12:56:56,067] <tracer> DEBUG tasks  - Finished task[tracer] in 0 ms
[2026-03-05 12:56:56,292] <duplicate-ip-service> DEBUG tasks  - Started task[duplicate-ip-service]
[2026-03-05 12:56:56,293] <duplicate-ip-service> DEBUG tasks  - Finished task[duplicate-ip-service] in 1 ms
[2026-03-05 12:56:58,108] <autolink-registry-flush> DEBUG tasks  - Started task[autolink-registry-flush]
[2026-03-05 12:56:58,108] <autolink-registry-flush> DEBUG tasks  - Finished task[autolink-registry-flush] in 0 ms
[2026-03-05 12:56:58,125] <trigger-throttling-cache-flush> DEBUG tasks  - Started task[trigger-throttling-cache-flush]
[2026-03-05 12:56:58,125] <trigger-throttling-cache-flush> DEBUG tasks  - Finished task[trigger-throttling-cache-flush] in 0 ms
[2026-03-05 12:56:58,126] <live-performance-analytics> DEBUG tasks  - Started task[live-performance-analytics]
[2026-03-05 12:56:58,126] <live-performance-analytics> DEBUG tasks  - Finished task[live-performance-analytics] in 0 ms
[2026-03-05 12:56:58,164] <ble_bridge_discovery> DEBUG tasks  - Started task[ble_bridge_discovery]
[2026-03-05 12:56:58,164] <ble_bridge_discovery> DEBUG tasks  - Finished task[ble_bridge_discovery] in 0 ms
[2026-03-05 12:56:58,256] <check-network-interfaces> DEBUG tasks  - Started task[check-network-interfaces]
[2026-03-05 12:56:58,257] <check-network-interfaces> DEBUG tasks  - Finished task[check-network-interfaces] in 1 ms
[2026-03-05 12:56:58,617] <ble_state_check> DEBUG tasks  - Started task[ble_state_check]
[2026-03-05 12:56:58,617] <ble_state_check> DEBUG tasks  - Finished task[ble_state_check] in 0 ms
[2026-03-05 12:57:01,068] <tracer> DEBUG tasks  - Started task[tracer]
[2026-03-05 12:57:01,068] <tracer> DEBUG tasks  - Finished task[tracer] in 0 ms
[2026-03-05 12:57:03,618] <ble_state_check> DEBUG tasks  - Started task[ble_state_check]
[2026-03-05 12:57:03,618] <ble_state_check> DEBUG tasks  - Finished task[ble_state_check] in 0 ms
[2026-03-05 12:57:06,044] <device-state-check> DEBUG tasks  - Started task[device-state-check]
[2026-03-05 12:57:06,046] <device-state-check> DEBUG tasks  - Finished task[device-state-check] in 1 ms
[2026-03-05 12:57:06,069] <tracer> DEBUG tasks  - Started task[tracer]
[2026-03-05 12:57:06,070] <tracer> DEBUG tasks  - Finished task[tracer] in 1 ms
[2026-03-05 12:57:08,235] <stamgr> DEBUG tasks  - Started task[stamgr]
[2026-03-05 12:57:08,236] <stamgr> DEBUG tasks  - Finished task[stamgr] in 1 ms
[2026-03-05 12:57:08,619] <ble_state_check> DEBUG tasks  - Started task[ble_state_check]
[2026-03-05 12:57:08,619] <ble_state_check> DEBUG tasks  - Finished task[ble_state_check] in 0 ms
[2026-03-05 12:57:08,827] <webrtc-connection> DEBUG tasks  - Started task[webrtc-connection]
[2026-03-05 12:57:08,827] <webrtc-connection> DEBUG tasks  - Finished task[webrtc-connection] in 0 ms
[2026-03-05 12:57:11,070] <tracer> DEBUG tasks  - Started task[tracer]
[2026-03-05 12:57:11,070] <tracer> DEBUG tasks  - Finished task[tracer] in 0 ms
[2026-03-05 12:57:13,619] <ble_state_check> DEBUG tasks  - Started task[ble_state_check]
[2026-03-05 12:57:13,620] <ble_state_check> DEBUG tasks  - Finished task[ble_state_check] in 1 ms
[2026-03-05 12:57:16,071] <tracer> DEBUG tasks  - Started task[tracer]
[2026-03-05 12:57:16,071] <tracer> DEBUG tasks  - Finished task[tracer] in 0 ms
[2026-03-05 12:57:18,620] <ble_state_check> DEBUG tasks  - Started task[ble_state_check]
[2026-03-05 12:57:18,621] <ble_state_check> DEBUG tasks  - Finished task[ble_state_check] in 1 ms
[2026-03-05 12:57:21,071] <tracer> DEBUG tasks  - Started task[tracer]
[2026-03-05 12:57:21,072] <tracer> DEBUG tasks  - Finished task[tracer] in 1 ms
[2026-03-05 12:57:23,621] <ble_state_check> DEBUG tasks  - Started task[ble_state_check]
[2026-03-05 12:57:23,621] <ble_state_check> DEBUG tasks  - Finished task[ble_state_check] in 0 ms
[2026-03-05 12:57:26,028] <device-connect-incidents> DEBUG tasks  - Started task[device-connect-incidents]
[2026-03-05 12:57:26,028] <device-connect-incidents> DEBUG tasks  - Finished task[device-connect-incidents] in 0 ms
[2026-03-05 12:57:26,072] <tracer> DEBUG tasks  - Started task[tracer]
[2026-03-05 12:57:26,073] <tracer> DEBUG tasks  - Finished task[tracer] in 1 ms
[2026-03-05 12:57:28,164] <ble_bridge_discovery> DEBUG tasks  - Started task[ble_bridge_discovery]
[2026-03-05 12:57:28,165] <ble_bridge_discovery> DEBUG tasks  - Finished task[ble_bridge_discovery] in 1 ms
[2026-03-05 12:57:28,622] <ble_state_check> DEBUG tasks  - Started task[ble_state_check]
[2026-03-05 12:57:28,622] <ble_state_check> DEBUG tasks  - Finished task[ble_state_check] in 0 ms
[2026-03-05 12:57:31,073] <tracer> DEBUG tasks  - Started task[tracer]
[2026-03-05 12:57:31,073] <tracer> DEBUG tasks  - Finished task[tracer] in 0 ms
[2026-03-05 12:57:33,623] <ble_state_check> DEBUG tasks  - Started task[ble_state_check]
[2026-03-05 12:57:33,623] <ble_state_check> DEBUG tasks  - Finished task[ble_state_check] in 0 ms
[2026-03-05 12:57:36,074] <tracer> DEBUG tasks  - Started task[tracer]
[2026-03-05 12:57:36,074] <tracer> DEBUG tasks  - Finished task[tracer] in 0 ms
[2026-03-05 12:57:38,624] <ble_state_check> DEBUG tasks  - Started task[ble_state_check]
[2026-03-05 12:57:38,624] <ble_state_check> DEBUG tasks  - Finished task[ble_state_check] in 1 ms
[2026-03-05 12:57:41,075] <tracer> DEBUG tasks  - Started task[tracer]
[2026-03-05 12:57:41,075] <tracer> DEBUG tasks  - Finished task[tracer] in 0 ms
[2026-03-05 12:57:43,624] <ble_state_check> DEBUG tasks  - Started task[ble_state_check]
[2026-03-05 12:57:43,625] <ble_state_check> DEBUG tasks  - Finished task[ble_state_check] in 1 ms
[2026-03-05 12:57:46,076] <tracer> DEBUG tasks  - Started task[tracer]
[2026-03-05 12:57:46,076] <tracer> DEBUG tasks  - Finished task[tracer] in 0 ms
[2026-03-05 12:57:48,625] <ble_state_check> DEBUG tasks  - Started task[ble_state_check]
[2026-03-05 12:57:48,626] <ble_state_check> DEBUG tasks  - Finished task[ble_state_check] in 1 ms
[2026-03-05 12:57:51,076] <tracer> DEBUG tasks  - Started task[tracer]
[2026-03-05 12:57:51,077] <tracer> DEBUG tasks  - Finished task[tracer] in 1 ms
[2026-03-05 12:57:53,626] <ble_state_check> DEBUG tasks  - Started task[ble_state_check]
[2026-03-05 12:57:53,626] <ble_state_check> DEBUG tasks  - Finished task[ble_state_check] in 0 ms
[2026-03-05 12:57:56,029] <device-connect-incidents> DEBUG tasks  - Started task[device-connect-incidents]
[2026-03-05 12:57:56,029] <device-connect-incidents> DEBUG tasks  - Finished task[device-connect-incidents] in 0 ms
[2026-03-05 12:57:56,077] <tracer> DEBUG tasks  - Started task[tracer]
[2026-03-05 12:57:56,077] <tracer> DEBUG tasks  - Finished task[tracer] in 0 ms
[2026-03-05 12:57:56,293] <duplicate-ip-service> DEBUG tasks  - Started task[duplicate-ip-service]
[2026-03-05 12:57:56,294] <duplicate-ip-service> DEBUG tasks  - Finished task[duplicate-ip-service] in 1 ms
[2026-03-05 12:57:58,109] <autolink-registry-flush> DEBUG tasks  - Started task[autolink-registry-flush]
[2026-03-05 12:57:58,109] <autolink-registry-flush> DEBUG tasks  - Finished task[autolink-registry-flush] in 0 ms
[2026-03-05 12:57:58,122] <cache-cleanup> DEBUG tasks  - Started task[cache-cleanup]
[2026-03-05 12:57:58,122] <cache-cleanup> DEBUG tasks  - Finished task[cache-cleanup] in 0 ms
[2026-03-05 12:57:58,126] <trigger-throttling-cache-flush> DEBUG tasks  - Started task[trigger-throttling-cache-flush]
[2026-03-05 12:57:58,126] <trigger-throttling-cache-flush> DEBUG tasks  - Finished task[trigger-throttling-cache-flush] in 0 ms
[2026-03-05 12:57:58,126] <live-performance-analytics> DEBUG tasks  - Started task[live-performance-analytics]
[2026-03-05 12:57:58,127] <live-performance-analytics> DEBUG tasks  - Finished task[live-performance-analytics] in 1 ms
[2026-03-05 12:57:58,165] <ble_bridge_discovery> DEBUG tasks  - Started task[ble_bridge_discovery]
[2026-03-05 12:57:58,165] <ble_bridge_discovery> DEBUG tasks  - Finished task[ble_bridge_discovery] in 0 ms
[2026-03-05 12:57:58,258] <check-network-interfaces> DEBUG tasks  - Started task[check-network-interfaces]
[2026-03-05 12:57:58,259] <check-network-interfaces> DEBUG tasks  - Finished task[check-network-interfaces] in 1 ms
[2026-03-05 12:57:58,627] <ble_state_check> DEBUG tasks  - Started task[ble_state_check]
[2026-03-05 12:57:58,627] <ble_state_check> DEBUG tasks  - Finished task[ble_state_check] in 0 ms
[2026-03-05 12:58:01,078] <tracer> DEBUG tasks  - Started task[tracer]
[2026-03-05 12:58:01,078] <tracer> DEBUG tasks  - Finished task[tracer] in 0 ms
[2026-03-05 12:58:03,628] <ble_state_check> DEBUG tasks  - Started task[ble_state_check]
[2026-03-05 12:58:03,628] <ble_state_check> DEBUG tasks  - Finished task[ble_state_check] in 0 ms
[2026-03-05 12:58:05,079] <wifi-connection-events-flush> DEBUG tasks  - Started task[wifi-connection-events-flush]
[2026-03-05 12:58:05,079] <wifi-connection-events-flush> DEBUG tasks  - Finished task[wifi-connection-events-flush] in 0 ms
[2026-03-05 12:58:06,046] <device-state-check> DEBUG tasks  - Started task[device-state-check]
[2026-03-05 12:58:06,047] <device-state-check> DEBUG tasks  - Finished task[device-state-check] in 1 ms
[2026-03-05 12:58:06,079] <tracer> DEBUG tasks  - Started task[tracer]
[2026-03-05 12:58:06,079] <tracer> DEBUG tasks  - Finished task[tracer] in 0 ms
[2026-03-05 12:58:08,204] <wss-connection> DEBUG tasks  - Started task[wss-connection]
[2026-03-05 12:58:08,204] <wss-connection> DEBUG tasks  - Finished task[wss-connection] in 0 ms
[2026-03-05 12:58:08,236] <stamgr> DEBUG tasks  - Started task[stamgr]
[2026-03-05 12:58:08,236] <stamgr> DEBUG tasks  - Finished task[stamgr] in 0 ms
[2026-03-05 12:58:08,628] <ble_state_check> DEBUG tasks  - Started task[ble_state_check]
[2026-03-05 12:58:08,629] <ble_state_check> DEBUG tasks  - Finished task[ble_state_check] in 1 ms
[2026-03-05 12:58:08,828] <webrtc-connection> DEBUG tasks  - Started task[webrtc-connection]
[2026-03-05 12:58:08,828] <webrtc-connection> DEBUG tasks  - Finished task[webrtc-connection] in 0 ms
[2026-03-05 12:58:11,079] <tracer> DEBUG tasks  - Started task[tracer]
[2026-03-05 12:58:11,079] <tracer> DEBUG tasks  - Finished task[tracer] in 0 ms
[2026-03-05 12:58:13,222] <facebook-wifi-token-validation> DEBUG tasks  - Started task[facebook-wifi-token-validation]
[2026-03-05 12:58:13,222] <facebook-wifi-token-validation> DEBUG tasks  - Finished task[facebook-wifi-token-validation] in 0 ms
[2026-03-05 12:58:13,250] <ips-alert-caching> DEBUG tasks  - Started task[ips-alert-caching]
[2026-03-05 12:58:13,251] <ips-alert-caching> DEBUG tasks  - Finished task[ips-alert-caching] in 1 ms
[2026-03-05 12:58:13,629] <ble_state_check> DEBUG tasks  - Started task[ble_state_check]
[2026-03-05 12:58:13,629] <ble_state_check> DEBUG tasks  - Finished task[ble_state_check] in 0 ms
[2026-03-05 12:58:16,080] <tracer> DEBUG tasks  - Started task[tracer]
[2026-03-05 12:58:16,080] <tracer> DEBUG tasks  - Finished task[tracer] in 0 ms
[2026-03-05 12:58:18,629] <ble_state_check> DEBUG tasks  - Started task[ble_state_check]
[2026-03-05 12:58:18,630] <ble_state_check> DEBUG tasks  - Finished task[ble_state_check] in 1 ms
[2026-03-05 12:58:21,081] <tracer> DEBUG tasks  - Started task[tracer]
[2026-03-05 12:58:21,081] <tracer> DEBUG tasks  - Finished task[tracer] in 0 ms
[2026-03-05 12:58:23,630] <ble_state_check> DEBUG tasks  - Started task[ble_state_check]
[2026-03-05 12:58:23,631] <ble_state_check> DEBUG tasks  - Finished task[ble_state_check] in 1 ms
[2026-03-05 12:58:26,030] <device-connect-incidents> DEBUG tasks  - Started task[device-connect-incidents]
[2026-03-05 12:58:26,030] <device-connect-incidents> DEBUG tasks  - Finished task[device-connect-incidents] in 0 ms
[2026-03-05 12:58:26,081] <tracer> DEBUG tasks  - Started task[tracer]
[2026-03-05 12:58:26,081] <tracer> DEBUG tasks  - Finished task[tracer] in 0 ms
[2026-03-05 12:58:28,166] <ble_bridge_discovery> DEBUG tasks  - Started task[ble_bridge_discovery]
[2026-03-05 12:58:28,166] <ble_bridge_discovery> DEBUG tasks  - Finished task[ble_bridge_discovery] in 0 ms
[2026-03-05 12:58:28,235] <lte-device-license-check> DEBUG tasks  - Started task[lte-device-license-check]
[2026-03-05 12:58:28,236] <lte-device-license-check> DEBUG tasks  - Finished task[lte-device-license-check] in 1 ms
[2026-03-05 12:58:28,631] <ble_state_check> DEBUG tasks  - Started task[ble_state_check]
[2026-03-05 12:58:28,632] <ble_state_check> DEBUG tasks  - Finished task[ble_state_check] in 1 ms
[2026-03-05 12:58:31,082] <tracer> DEBUG tasks  - Started task[tracer]
[2026-03-05 12:58:31,082] <tracer> DEBUG tasks  - Finished task[tracer] in 0 ms
[2026-03-05 12:58:33,632] <ble_state_check> DEBUG tasks  - Started task[ble_state_check]
[2026-03-05 12:58:33,632] <ble_state_check> DEBUG tasks  - Finished task[ble_state_check] in 0 ms
[2026-03-05 12:58:36,083] <tracer> DEBUG tasks  - Started task[tracer]
[2026-03-05 12:58:36,083] <tracer> DEBUG tasks  - Finished task[tracer] in 0 ms
[2026-03-05 12:58:38,633] <ble_state_check> DEBUG tasks  - Started task[ble_state_check]
[2026-03-05 12:58:38,634] <ble_state_check> DEBUG tasks  - Finished task[ble_state_check] in 1 ms
[2026-03-05 12:58:41,083] <tracer> DEBUG tasks  - Started task[tracer]
[2026-03-05 12:58:41,084] <tracer> DEBUG tasks  - Finished task[tracer] in 1 ms
[2026-03-05 12:58:43,634] <ble_state_check> DEBUG tasks  - Started task[ble_state_check]
[2026-03-05 12:58:43,634] <ble_state_check> DEBUG tasks  - Finished task[ble_state_check] in 0 ms
[2026-03-05 12:58:46,084] <tracer> DEBUG tasks  - Started task[tracer]
[2026-03-05 12:58:46,084] <tracer> DEBUG tasks  - Finished task[tracer] in 0 ms
[2026-03-05 12:58:48,635] <ble_state_check> DEBUG tasks  - Started task[ble_state_check]
[2026-03-05 12:58:48,635] <ble_state_check> DEBUG tasks  - Finished task[ble_state_check] in 0 ms
[2026-03-05 12:58:51,085] <tracer> DEBUG tasks  - Started task[tracer]
[2026-03-05 12:58:51,085] <tracer> DEBUG tasks  - Finished task[tracer] in 0 ms
[2026-03-05 12:58:53,636] <ble_state_check> DEBUG tasks  - Started task[ble_state_check]
[2026-03-05 12:58:53,636] <ble_state_check> DEBUG tasks  - Finished task[ble_state_check] in 0 ms
[2026-03-05 12:58:56,031] <device-connect-incidents> DEBUG tasks  - Started task[device-connect-incidents]
[2026-03-05 12:58:56,031] <device-connect-incidents> DEBUG tasks  - Finished task[device-connect-incidents] in 0 ms
[2026-03-05 12:58:56,086] <tracer> DEBUG tasks  - Started task[tracer]
[2026-03-05 12:58:56,086] <tracer> DEBUG tasks  - Finished task[tracer] in 0 ms
[2026-03-05 12:58:56,294] <duplicate-ip-service> DEBUG tasks  - Started task[duplicate-ip-service]
[2026-03-05 12:58:56,295] <duplicate-ip-service> DEBUG tasks  - Finished task[duplicate-ip-service] in 1 ms
[2026-03-05 12:58:58,109] <autolink-registry-flush> DEBUG tasks  - Started task[autolink-registry-flush]
[2026-03-05 12:58:58,110] <autolink-registry-flush> DEBUG tasks  - Finished task[autolink-registry-flush] in 1 ms
[2026-03-05 12:58:58,127] <trigger-throttling-cache-flush> DEBUG tasks  - Started task[trigger-throttling-cache-flush]
[2026-03-05 12:58:58,127] <trigger-throttling-cache-flush> DEBUG tasks  - Finished task[trigger-throttling-cache-flush] in 0 ms
[2026-03-05 12:58:58,127] <live-performance-analytics> DEBUG tasks  - Started task[live-performance-analytics]
[2026-03-05 12:58:58,127] <live-performance-analytics> DEBUG tasks  - Finished task[live-performance-analytics] in 0 ms
[2026-03-05 12:58:58,167] <ble_bridge_discovery> DEBUG tasks  - Started task[ble_bridge_discovery]
[2026-03-05 12:58:58,167] <ble_bridge_discovery> DEBUG tasks  - Finished task[ble_bridge_discovery] in 0 ms
[2026-03-05 12:58:58,218] <cache> DEBUG tasks  - Started task[cache]
[2026-03-05 12:58:58,219] <cache> DEBUG tasks  - Finished task[cache] in 1 ms
[2026-03-05 12:58:58,260] <check-network-interfaces> DEBUG tasks  - Started task[check-network-interfaces]
[2026-03-05 12:58:58,261] <check-network-interfaces> DEBUG tasks  - Finished task[check-network-interfaces] in 1 ms
[2026-03-05 12:58:58,636] <ble_state_check> DEBUG tasks  - Started task[ble_state_check]
[2026-03-05 12:58:58,637] <ble_state_check> DEBUG tasks  - Finished task[ble_state_check] in 1 ms
[2026-03-05 12:59:01,086] <tracer> DEBUG tasks  - Started task[tracer]
[2026-03-05 12:59:01,087] <tracer> DEBUG tasks  - Finished task[tracer] in 1 ms
[2026-03-05 12:59:03,637] <ble_state_check> DEBUG tasks  - Started task[ble_state_check]
[2026-03-05 12:59:03,637] <ble_state_check> DEBUG tasks  - Finished task[ble_state_check] in 0 ms
[2026-03-05 12:59:06,048] <device-state-check> DEBUG tasks  - Started task[device-state-check]
[2026-03-05 12:59:06,049] <device-state-check> DEBUG tasks  - Finished task[device-state-check] in 1 ms
[2026-03-05 12:59:06,087] <tracer> DEBUG tasks  - Started task[tracer]
[2026-03-05 12:59:06,087] <tracer> DEBUG tasks  - Finished task[tracer] in 0 ms
[2026-03-05 12:59:08,237] <stamgr> DEBUG tasks  - Started task[stamgr]
[2026-03-05 12:59:08,237] <stamgr> DEBUG tasks  - Finished task[stamgr] in 0 ms
[2026-03-05 12:59:08,638] <ble_state_check> DEBUG tasks  - Started task[ble_state_check]
[2026-03-05 12:59:08,638] <ble_state_check> DEBUG tasks  - Finished task[ble_state_check] in 0 ms
[2026-03-05 12:59:08,828] <webrtc-connection> DEBUG tasks  - Started task[webrtc-connection]
[2026-03-05 12:59:08,828] <webrtc-connection> DEBUG tasks  - Finished task[webrtc-connection] in 0 ms
[2026-03-05 12:59:11,090] <tracer> DEBUG tasks  - Started task[tracer]
[2026-03-05 12:59:11,091] <tracer> DEBUG tasks  - Finished task[tracer] in 0 ms
[2026-03-05 12:59:13,639] <ble_state_check> DEBUG tasks  - Started task[ble_state_check]
[2026-03-05 12:59:13,639] <ble_state_check> DEBUG tasks  - Finished task[ble_state_check] in 0 ms
[2026-03-05 12:59:16,091] <tracer> DEBUG tasks  - Started task[tracer]
[2026-03-05 12:59:16,091] <tracer> DEBUG tasks  - Finished task[tracer] in 0 ms
[2026-03-05 12:59:18,639] <ble_state_check> DEBUG tasks  - Started task[ble_state_check]
[2026-03-05 12:59:18,640] <ble_state_check> DEBUG tasks  - Finished task[ble_state_check] in 1 ms
[2026-03-05 12:59:21,091] <tracer> DEBUG tasks  - Started task[tracer]
[2026-03-05 12:59:21,092] <tracer> DEBUG tasks  - Finished task[tracer] in 1 ms
[2026-03-05 12:59:23,640] <ble_state_check> DEBUG tasks  - Started task[ble_state_check]
[2026-03-05 12:59:23,641] <ble_state_check> DEBUG tasks  - Finished task[ble_state_check] in 1 ms
[2026-03-05 12:59:26,032] <device-connect-incidents> DEBUG tasks  - Started task[device-connect-incidents]
[2026-03-05 12:59:26,032] <device-connect-incidents> DEBUG tasks  - Finished task[device-connect-incidents] in 0 ms
[2026-03-05 12:59:26,092] <tracer> DEBUG tasks  - Started task[tracer]
[2026-03-05 12:59:26,093] <tracer> DEBUG tasks  - Finished task[tracer] in 1 ms
[2026-03-05 12:59:28,168] <ble_bridge_discovery> DEBUG tasks  - Started task[ble_bridge_discovery]
[2026-03-05 12:59:28,169] <ble_bridge_discovery> DEBUG tasks  - Finished task[ble_bridge_discovery] in 1 ms
[2026-03-05 12:59:28,641] <ble_state_check> DEBUG tasks  - Started task[ble_state_check]
[2026-03-05 12:59:28,642] <ble_state_check> DEBUG tasks  - Finished task[ble_state_check] in 1 ms
[2026-03-05 12:59:31,093] <tracer> DEBUG tasks  - Started task[tracer]
[2026-03-05 12:59:31,093] <tracer> DEBUG tasks  - Finished task[tracer] in 0 ms
[2026-03-05 12:59:33,642] <ble_state_check> DEBUG tasks  - Started task[ble_state_check]
[2026-03-05 12:59:33,642] <ble_state_check> DEBUG tasks  - Finished task[ble_state_check] in 0 ms
[2026-03-05 12:59:36,094] <tracer> DEBUG tasks  - Started task[tracer]
[2026-03-05 12:59:36,094] <tracer> DEBUG tasks  - Finished task[tracer] in 0 ms
[2026-03-05 12:59:38,643] <ble_state_check> DEBUG tasks  - Started task[ble_state_check]
[2026-03-05 12:59:38,643] <ble_state_check> DEBUG tasks  - Finished task[ble_state_check] in 0 ms
[2026-03-05 12:59:41,095] <tracer> DEBUG tasks  - Started task[tracer]
[2026-03-05 12:59:41,095] <tracer> DEBUG tasks  - Finished task[tracer] in 0 ms
[2026-03-05 12:59:43,644] <ble_state_check> DEBUG tasks  - Started task[ble_state_check]
[2026-03-05 12:59:43,644] <ble_state_check> DEBUG tasks  - Finished task[ble_state_check] in 0 ms
[2026-03-05 12:59:46,096] <tracer> DEBUG tasks  - Started task[tracer]
[2026-03-05 12:59:46,096] <tracer> DEBUG tasks  - Finished task[tracer] in 0 ms
[2026-03-05 12:59:48,645] <ble_state_check> DEBUG tasks  - Started task[ble_state_check]
[2026-03-05 12:59:48,645] <ble_state_check> DEBUG tasks  - Finished task[ble_state_check] in 0 ms
[2026-03-05 12:59:51,097] <tracer> DEBUG tasks  - Started task[tracer]
[2026-03-05 12:59:51,097] <tracer> DEBUG tasks  - Finished task[tracer] in 0 ms
[2026-03-05 12:59:53,645] <ble_state_check> DEBUG tasks  - Started task[ble_state_check]
[2026-03-05 12:59:53,646] <ble_state_check> DEBUG tasks  - Finished task[ble_state_check] in 1 ms
[2026-03-05 12:59:56,033] <device-connect-incidents> DEBUG tasks  - Started task[device-connect-incidents]
[2026-03-05 12:59:56,033] <device-connect-incidents> DEBUG tasks  - Finished task[device-connect-incidents] in 0 ms
[2026-03-05 12:59:56,097] <tracer> DEBUG tasks  - Started task[tracer]
[2026-03-05 12:59:56,098] <tracer> DEBUG tasks  - Finished task[tracer] in 1 ms
[2026-03-05 12:59:56,296] <duplicate-ip-service> DEBUG tasks  - Started task[duplicate-ip-service]
[2026-03-05 12:59:56,297] <duplicate-ip-service> DEBUG tasks  - Finished task[duplicate-ip-service] in 1 ms
[2026-03-05 12:59:58,110] <autolink-registry-flush> DEBUG tasks  - Started task[autolink-registry-flush]
[2026-03-05 12:59:58,111] <autolink-registry-flush> DEBUG tasks  - Finished task[autolink-registry-flush] in 1 ms
[2026-03-05 12:59:58,127] <trigger-throttling-cache-flush> DEBUG tasks  - Started task[trigger-throttling-cache-flush]
[2026-03-05 12:59:58,128] <trigger-throttling-cache-flush> DEBUG tasks  - Finished task[trigger-throttling-cache-flush] in 1 ms
[2026-03-05 12:59:58,128] <live-performance-analytics> DEBUG tasks  - Started task[live-performance-analytics]
[2026-03-05 12:59:58,128] <live-performance-analytics> DEBUG tasks  - Finished task[live-performance-analytics] in 0 ms
[2026-03-05 12:59:58,169] <ble_bridge_discovery> DEBUG tasks  - Started task[ble_bridge_discovery]
[2026-03-05 12:59:58,169] <ble_bridge_discovery> DEBUG tasks  - Finished task[ble_bridge_discovery] in 0 ms
[2026-03-05 12:59:58,261] <check-network-interfaces> DEBUG tasks  - Started task[check-network-interfaces]
[2026-03-05 12:59:58,263] <check-network-interfaces> DEBUG tasks  - Finished task[check-network-interfaces] in 2 ms
[2026-03-05 12:59:58,646] <ble_state_check> DEBUG tasks  - Started task[ble_state_check]
[2026-03-05 12:59:58,646] <ble_state_check> DEBUG tasks  - Finished task[ble_state_check] in 0 ms
[2026-03-05 13:00:01,098] <tracer> DEBUG tasks  - Started task[tracer]
[2026-03-05 13:00:01,098] <tracer> DEBUG tasks  - Finished task[tracer] in 0 ms
[2026-03-05 13:00:03,647] <ble_state_check> DEBUG tasks  - Started task[ble_state_check]
[2026-03-05 13:00:03,647] <ble_state_check> DEBUG tasks  - Finished task[ble_state_check] in 0 ms
[2026-03-05 13:00:06,049] <device-state-check> DEBUG tasks  - Started task[device-state-check]
[2026-03-05 13:00:06,050] <device-state-check> DEBUG tasks  - Finished task[device-state-check] in 1 ms
[2026-03-05 13:00:06,099] <tracer> DEBUG tasks  - Started task[tracer]
[2026-03-05 13:00:06,099] <tracer> DEBUG tasks  - Finished task[tracer] in 0 ms
[2026-03-05 13:00:08,238] <stamgr> DEBUG tasks  - Started task[stamgr]
[2026-03-05 13:00:08,238] <stamgr> DEBUG tasks  - Finished task[stamgr] in 0 ms
[2026-03-05 13:00:08,648] <ble_state_check> DEBUG tasks  - Started task[ble_state_check]
[2026-03-05 13:00:08,648] <ble_state_check> DEBUG tasks  - Finished task[ble_state_check] in 0 ms
[2026-03-05 13:00:08,829] <webrtc-connection> DEBUG tasks  - Started task[webrtc-connection]
[2026-03-05 13:00:08,829] <webrtc-connection> DEBUG tasks  - Finished task[webrtc-connection] in 0 ms
[2026-03-05 13:00:11,099] <tracer> DEBUG tasks  - Started task[tracer]
[2026-03-05 13:00:11,100] <tracer> DEBUG tasks  - Finished task[tracer] in 1 ms
[2026-03-05 13:00:13,649] <ble_state_check> DEBUG tasks  - Started task[ble_state_check]
[2026-03-05 13:00:13,649] <ble_state_check> DEBUG tasks  - Finished task[ble_state_check] in 0 ms
[2026-03-05 13:00:16,100] <tracer> DEBUG tasks  - Started task[tracer]
[2026-03-05 13:00:16,101] <tracer> DEBUG tasks  - Finished task[tracer] in 1 ms
[2026-03-05 13:00:18,650] <ble_state_check> DEBUG tasks  - Started task[ble_state_check]
[2026-03-05 13:00:18,650] <ble_state_check> DEBUG tasks  - Finished task[ble_state_check] in 0 ms
[2026-03-05 13:00:21,101] <tracer> DEBUG tasks  - Started task[tracer]
[2026-03-05 13:00:21,101] <tracer> DEBUG tasks  - Finished task[tracer] in 0 ms
[2026-03-05 13:00:23,651] <ble_state_check> DEBUG tasks  - Started task[ble_state_check]
[2026-03-05 13:00:23,651] <ble_state_check> DEBUG tasks  - Finished task[ble_state_check] in 1 ms
[2026-03-05 13:00:26,034] <device-connect-incidents> DEBUG tasks  - Started task[device-connect-incidents]
[2026-03-05 13:00:26,034] <device-connect-incidents> DEBUG tasks  - Finished task[device-connect-incidents] in 0 ms
[2026-03-05 13:00:26,102] <tracer> DEBUG tasks  - Started task[tracer]
[2026-03-05 13:00:26,102] <tracer> DEBUG tasks  - Finished task[tracer] in 0 ms
[2026-03-05 13:00:28,170] <ble_bridge_discovery> DEBUG tasks  - Started task[ble_bridge_discovery]
[2026-03-05 13:00:28,170] <ble_bridge_discovery> DEBUG tasks  - Finished task[ble_bridge_discovery] in 0 ms
[2026-03-05 13:00:28,651] <ble_state_check> DEBUG tasks  - Started task[ble_state_check]
[2026-03-05 13:00:28,652] <ble_state_check> DEBUG tasks  - Finished task[ble_state_check] in 1 ms
[2026-03-05 13:00:31,103] <tracer> DEBUG tasks  - Started task[tracer]
[2026-03-05 13:00:31,103] <tracer> DEBUG tasks  - Finished task[tracer] in 1 ms
[2026-03-05 13:00:33,652] <ble_state_check> DEBUG tasks  - Started task[ble_state_check]
[2026-03-05 13:00:33,653] <ble_state_check> DEBUG tasks  - Finished task[ble_state_check] in 1 ms
[2026-03-05 13:00:36,103] <tracer> DEBUG tasks  - Started task[tracer]
[2026-03-05 13:00:36,104] <tracer> DEBUG tasks  - Finished task[tracer] in 1 ms
[2026-03-05 13:00:38,653] <ble_state_check> DEBUG tasks  - Started task[ble_state_check]
[2026-03-05 13:00:38,653] <ble_state_check> DEBUG tasks  - Finished task[ble_state_check] in 0 ms
[2026-03-05 13:00:41,105] <tracer> DEBUG tasks  - Started task[tracer]
[2026-03-05 13:00:41,105] <tracer> DEBUG tasks  - Finished task[tracer] in 0 ms
[2026-03-05 13:00:43,654] <ble_state_check> DEBUG tasks  - Started task[ble_state_check]
[2026-03-05 13:00:43,654] <ble_state_check> DEBUG tasks  - Finished task[ble_state_check] in 0 ms
[2026-03-05 13:00:46,106] <tracer> DEBUG tasks  - Started task[tracer]
[2026-03-05 13:00:46,106] <tracer> DEBUG tasks  - Finished task[tracer] in 0 ms
[2026-03-05 13:00:48,655] <ble_state_check> DEBUG tasks  - Started task[ble_state_check]
[2026-03-05 13:00:48,655] <ble_state_check> DEBUG tasks  - Finished task[ble_state_check] in 0 ms
[2026-03-05 13:00:51,107] <tracer> DEBUG tasks  - Started task[tracer]
[2026-03-05 13:00:51,107] <tracer> DEBUG tasks  - Finished task[tracer] in 0 ms
[2026-03-05 13:00:53,660] <ble_state_check> DEBUG tasks  - Started task[ble_state_check]
[2026-03-05 13:00:53,660] <ble_state_check> DEBUG tasks  - Finished task[ble_state_check] in 0 ms
[2026-03-05 13:00:56,035] <device-connect-incidents> DEBUG tasks  - Started task[device-connect-incidents]
[2026-03-05 13:00:56,035] <device-connect-incidents> DEBUG tasks  - Finished task[device-connect-incidents] in 0 ms
[2026-03-05 13:00:56,107] <tracer> DEBUG tasks  - Started task[tracer]
[2026-03-05 13:00:56,297] <duplicate-ip-service> DEBUG tasks  - Started task[duplicate-ip-service]
[2026-03-05 13:00:56,298] <duplicate-ip-service> DEBUG tasks  - Finished task[duplicate-ip-service] in 1 ms
[2026-03-05 13:00:56,707] <tracer> DEBUG tasks  - Finished task[tracer] in 600 ms
[2026-03-05 13:00:58,111] <autolink-registry-flush> DEBUG tasks  - Started task[autolink-registry-flush]
[2026-03-05 13:00:58,112] <autolink-registry-flush> DEBUG tasks  - Finished task[autolink-registry-flush] in 1 ms
[2026-03-05 13:00:58,128] <trigger-throttling-cache-flush> DEBUG tasks  - Started task[trigger-throttling-cache-flush]
[2026-03-05 13:00:58,128] <trigger-throttling-cache-flush> DEBUG tasks  - Finished task[trigger-throttling-cache-flush] in 0 ms
[2026-03-05 13:00:58,129] <live-performance-analytics> DEBUG tasks  - Started task[live-performance-analytics]
[2026-03-05 13:00:58,129] <live-performance-analytics> DEBUG tasks  - Finished task[live-performance-analytics] in 0 ms
[2026-03-05 13:00:58,171] <ble_bridge_discovery> DEBUG tasks  - Started task[ble_bridge_discovery]
[2026-03-05 13:00:58,171] <ble_bridge_discovery> DEBUG tasks  - Finished task[ble_bridge_discovery] in 0 ms
[2026-03-05 13:00:58,263] <check-network-interfaces> DEBUG tasks  - Started task[check-network-interfaces]
[2026-03-05 13:00:58,264] <check-network-interfaces> DEBUG tasks  - Finished task[check-network-interfaces] in 1 ms
[2026-03-05 13:00:58,660] <ble_state_check> DEBUG tasks  - Started task[ble_state_check]
[2026-03-05 13:00:58,661] <ble_state_check> DEBUG tasks  - Finished task[ble_state_check] in 1 ms
[2026-03-05 13:01:01,707] <tracer> DEBUG tasks  - Started task[tracer]
[2026-03-05 13:01:01,708] <tracer> DEBUG tasks  - Finished task[tracer] in 1 ms
[2026-03-05 13:01:03,661] <ble_state_check> DEBUG tasks  - Started task[ble_state_check]
[2026-03-05 13:01:03,662] <ble_state_check> DEBUG tasks  - Finished task[ble_state_check] in 1 ms
[2026-03-05 13:01:06,051] <device-state-check> DEBUG tasks  - Started task[device-state-check]
[2026-03-05 13:01:06,052] <device-state-check> DEBUG tasks  - Finished task[device-state-check] in 1 ms
[2026-03-05 13:01:06,708] <tracer> DEBUG tasks  - Started task[tracer]
[2026-03-05 13:01:06,709] <tracer> DEBUG tasks  - Finished task[tracer] in 1 ms
[2026-03-05 13:01:08,239] <stamgr> DEBUG tasks  - Started task[stamgr]
[2026-03-05 13:01:08,239] <stamgr> DEBUG tasks  - Finished task[stamgr] in 0 ms
[2026-03-05 13:01:08,662] <ble_state_check> DEBUG tasks  - Started task[ble_state_check]
[2026-03-05 13:01:08,663] <ble_state_check> DEBUG tasks  - Finished task[ble_state_check] in 1 ms
[2026-03-05 13:01:08,830] <webrtc-connection> DEBUG tasks  - Started task[webrtc-connection]
[2026-03-05 13:01:08,830] <webrtc-connection> DEBUG tasks  - Finished task[webrtc-connection] in 0 ms
[2026-03-05 13:01:11,709] <tracer> DEBUG tasks  - Started task[tracer]
[2026-03-05 13:01:11,709] <tracer> DEBUG tasks  - Finished task[tracer] in 0 ms
[2026-03-05 13:01:13,663] <ble_state_check> DEBUG tasks  - Started task[ble_state_check]
[2026-03-05 13:01:13,663] <ble_state_check> DEBUG tasks  - Finished task[ble_state_check] in 0 ms
[2026-03-05 13:01:16,710] <tracer> DEBUG tasks  - Started task[tracer]
[2026-03-05 13:01:16,710] <tracer> DEBUG tasks  - Finished task[tracer] in 0 ms
[2026-03-05 13:01:18,664] <ble_state_check> DEBUG tasks  - Started task[ble_state_check]
[2026-03-05 13:01:18,664] <ble_state_check> DEBUG tasks  - Finished task[ble_state_check] in 0 ms
[2026-03-05 13:01:21,711] <tracer> DEBUG tasks  - Started task[tracer]
[2026-03-05 13:01:21,711] <tracer> DEBUG tasks  - Finished task[tracer] in 0 ms
[2026-03-05 13:01:23,665] <ble_state_check> DEBUG tasks  - Started task[ble_state_check]
[2026-03-05 13:01:23,665] <ble_state_check> DEBUG tasks  - Finished task[ble_state_check] in 0 ms
[2026-03-05 13:01:26,036] <device-connect-incidents> DEBUG tasks  - Started task[device-connect-incidents]
[2026-03-05 13:01:26,036] <device-connect-incidents> DEBUG tasks  - Finished task[device-connect-incidents] in 0 ms
[2026-03-05 13:01:26,711] <tracer> DEBUG tasks  - Started task[tracer]
[2026-03-05 13:01:26,712] <tracer> DEBUG tasks  - Finished task[tracer] in 1 ms
[2026-03-05 13:01:28,172] <ble_bridge_discovery> DEBUG tasks  - Started task[ble_bridge_discovery]
[2026-03-05 13:01:28,172] <ble_bridge_discovery> DEBUG tasks  - Finished task[ble_bridge_discovery] in 0 ms
[2026-03-05 13:01:28,666] <ble_state_check> DEBUG tasks  - Started task[ble_state_check]
[2026-03-05 13:01:28,666] <ble_state_check> DEBUG tasks  - Finished task[ble_state_check] in 1 ms
[2026-03-05 13:01:31,712] <tracer> DEBUG tasks  - Started task[tracer]
[2026-03-05 13:01:31,713] <tracer> DEBUG tasks  - Finished task[tracer] in 1 ms
[2026-03-05 13:01:33,666] <ble_state_check> DEBUG tasks  - Started task[ble_state_check]
[2026-03-05 13:01:33,667] <ble_state_check> DEBUG tasks  - Finished task[ble_state_check] in 1 ms
[2026-03-05 13:01:36,713] <tracer> DEBUG tasks  - Started task[tracer]
[2026-03-05 13:01:36,714] <tracer> DEBUG tasks  - Finished task[tracer] in 1 ms
[2026-03-05 13:01:38,667] <ble_state_check> DEBUG tasks  - Started task[ble_state_check]
[2026-03-05 13:01:38,668] <ble_state_check> DEBUG tasks  - Finished task[ble_state_check] in 1 ms
[2026-03-05 13:01:41,714] <tracer> DEBUG tasks  - Started task[tracer]
[2026-03-05 13:01:42,331] <tracer> DEBUG tasks  - Finished task[tracer] in 617 ms
[2026-03-05 13:01:43,668] <ble_state_check> DEBUG tasks  - Started task[ble_state_check]
[2026-03-05 13:01:43,668] <ble_state_check> DEBUG tasks  - Finished task[ble_state_check] in 0 ms
[2026-03-05 13:01:47,332] <tracer> DEBUG tasks  - Started task[tracer]
[2026-03-05 13:01:47,332] <tracer> DEBUG tasks  - Finished task[tracer] in 1 ms
[2026-03-05 13:01:48,669] <ble_state_check> DEBUG tasks  - Started task[ble_state_check]
[2026-03-05 13:01:48,669] <ble_state_check> DEBUG tasks  - Finished task[ble_state_check] in 0 ms
[2026-03-05 13:01:52,333] <tracer> DEBUG tasks  - Started task[tracer]
[2026-03-05 13:01:52,333] <tracer> DEBUG tasks  - Finished task[tracer] in 0 ms
[2026-03-05 13:01:53,669] <ble_state_check> DEBUG tasks  - Started task[ble_state_check]
[2026-03-05 13:01:53,670] <ble_state_check> DEBUG tasks  - Finished task[ble_state_check] in 1 ms
[2026-03-05 13:01:56,036] <device-connect-incidents> DEBUG tasks  - Started task[device-connect-incidents]
[2026-03-05 13:01:56,037] <device-connect-incidents> DEBUG tasks  - Finished task[device-connect-incidents] in 1 ms
[2026-03-05 13:01:56,298] <duplicate-ip-service> DEBUG tasks  - Started task[duplicate-ip-service]
[2026-03-05 13:01:56,300] <duplicate-ip-service> DEBUG tasks  - Finished task[duplicate-ip-service] in 2 ms
[2026-03-05 13:01:57,333] <tracer> DEBUG tasks  - Started task[tracer]
[2026-03-05 13:01:57,334] <tracer> DEBUG tasks  - Finished task[tracer] in 1 ms
[2026-03-05 13:01:58,112] <autolink-registry-flush> DEBUG tasks  - Started task[autolink-registry-flush]
[2026-03-05 13:01:58,114] <autolink-registry-flush> DEBUG tasks  - Finished task[autolink-registry-flush] in 2 ms
[2026-03-05 13:01:58,134] <trigger-throttling-cache-flush> DEBUG tasks  - Started task[trigger-throttling-cache-flush]
[2026-03-05 13:01:58,134] <trigger-throttling-cache-flush> DEBUG tasks  - Finished task[trigger-throttling-cache-flush] in 0 ms
[2026-03-05 13:01:58,135] <live-performance-analytics> DEBUG tasks  - Started task[live-performance-analytics]
[2026-03-05 13:01:58,135] <live-performance-analytics> DEBUG tasks  - Finished task[live-performance-analytics] in 0 ms
[2026-03-05 13:01:58,173] <ble_bridge_discovery> DEBUG tasks  - Started task[ble_bridge_discovery]
[2026-03-05 13:01:58,173] <ble_bridge_discovery> DEBUG tasks  - Finished task[ble_bridge_discovery] in 0 ms
[2026-03-05 13:01:58,266] <check-network-interfaces> DEBUG tasks  - Started task[check-network-interfaces]
[2026-03-05 13:01:58,267] <check-network-interfaces> DEBUG tasks  - Finished task[check-network-interfaces] in 1 ms
[2026-03-05 13:01:58,670] <ble_state_check> DEBUG tasks  - Started task[ble_state_check]
[2026-03-05 13:01:58,670] <ble_state_check> DEBUG tasks  - Finished task[ble_state_check] in 0 ms
[2026-03-05 13:02:02,334] <tracer> DEBUG tasks  - Started task[tracer]
[2026-03-05 13:02:02,334] <tracer> DEBUG tasks  - Finished task[tracer] in 0 ms
[2026-03-05 13:02:03,682] <ble_state_check> DEBUG tasks  - Started task[ble_state_check]
[2026-03-05 13:02:03,683] <ble_state_check> DEBUG tasks  - Finished task[ble_state_check] in 1 ms
[2026-03-05 13:02:06,052] <device-state-check> DEBUG tasks  - Started task[device-state-check]
[2026-03-05 13:02:06,053] <device-state-check> DEBUG tasks  - Finished task[device-state-check] in 1 ms
[2026-03-05 13:02:07,335] <tracer> DEBUG tasks  - Started task[tracer]
[2026-03-05 13:02:07,335] <tracer> DEBUG tasks  - Finished task[tracer] in 0 ms
[2026-03-05 13:02:08,240] <stamgr> DEBUG tasks  - Started task[stamgr]
[2026-03-05 13:02:08,240] <stamgr> DEBUG tasks  - Finished task[stamgr] in 0 ms
[2026-03-05 13:02:08,683] <ble_state_check> DEBUG tasks  - Started task[ble_state_check]
[2026-03-05 13:02:08,683] <ble_state_check> DEBUG tasks  - Finished task[ble_state_check] in 0 ms
[2026-03-05 13:02:08,830] <webrtc-connection> DEBUG tasks  - Started task[webrtc-connection]
[2026-03-05 13:02:08,831] <webrtc-connection> DEBUG tasks  - Finished task[webrtc-connection] in 1 ms
[2026-03-05 13:02:12,335] <tracer> DEBUG tasks  - Started task[tracer]
[2026-03-05 13:02:12,336] <tracer> DEBUG tasks  - Finished task[tracer] in 1 ms
[2026-03-05 13:02:13,684] <ble_state_check> DEBUG tasks  - Started task[ble_state_check]
[2026-03-05 13:02:13,684] <ble_state_check> DEBUG tasks  - Finished task[ble_state_check] in 1 ms
[2026-03-05 13:02:17,336] <tracer> DEBUG tasks  - Started task[tracer]
[2026-03-05 13:02:17,336] <tracer> DEBUG tasks  - Finished task[tracer] in 0 ms
[2026-03-05 13:02:18,684] <ble_state_check> DEBUG tasks  - Started task[ble_state_check]
[2026-03-05 13:02:18,685] <ble_state_check> DEBUG tasks  - Finished task[ble_state_check] in 1 ms
[2026-03-05 13:02:22,337] <tracer> DEBUG tasks  - Started task[tracer]
[2026-03-05 13:02:22,337] <tracer> DEBUG tasks  - Finished task[tracer] in 0 ms
[2026-03-05 13:02:23,685] <ble_state_check> DEBUG tasks  - Started task[ble_state_check]
[2026-03-05 13:02:23,685] <ble_state_check> DEBUG tasks  - Finished task[ble_state_check] in 0 ms
[2026-03-05 13:02:26,037] <device-connect-incidents> DEBUG tasks  - Started task[device-connect-incidents]
[2026-03-05 13:02:26,038] <device-connect-incidents> DEBUG tasks  - Finished task[device-connect-incidents] in 1 ms
[2026-03-05 13:02:27,337] <tracer> DEBUG tasks  - Started task[tracer]
[2026-03-05 13:02:27,338] <tracer> DEBUG tasks  - Finished task[tracer] in 1 ms
[2026-03-05 13:02:28,174] <ble_bridge_discovery> DEBUG tasks  - Started task[ble_bridge_discovery]
[2026-03-05 13:02:28,174] <ble_bridge_discovery> DEBUG tasks  - Finished task[ble_bridge_discovery] in 1 ms
[2026-03-05 13:02:28,686] <ble_state_check> DEBUG tasks  - Started task[ble_state_check]
[2026-03-05 13:02:28,686] <ble_state_check> DEBUG tasks  - Finished task[ble_state_check] in 0 ms
[2026-03-05 13:02:32,338] <tracer> DEBUG tasks  - Started task[tracer]
[2026-03-05 13:02:32,338] <tracer> DEBUG tasks  - Finished task[tracer] in 0 ms
[2026-03-05 13:02:33,687] <ble_state_check> DEBUG tasks  - Started task[ble_state_check]
[2026-03-05 13:02:33,687] <ble_state_check> DEBUG tasks  - Finished task[ble_state_check] in 0 ms
[2026-03-05 13:02:37,339] <tracer> DEBUG tasks  - Started task[tracer]
[2026-03-05 13:02:37,339] <tracer> DEBUG tasks  - Finished task[tracer] in 0 ms
[2026-03-05 13:02:38,687] <ble_state_check> DEBUG tasks  - Started task[ble_state_check]
[2026-03-05 13:02:38,687] <ble_state_check> DEBUG tasks  - Finished task[ble_state_check] in 0 ms
[2026-03-05 13:02:42,339] <tracer> DEBUG tasks  - Started task[tracer]
[2026-03-05 13:02:42,340] <tracer> DEBUG tasks  - Finished task[tracer] in 1 ms
[2026-03-05 13:02:43,688] <ble_state_check> DEBUG tasks  - Started task[ble_state_check]
[2026-03-05 13:02:43,688] <ble_state_check> DEBUG tasks  - Finished task[ble_state_check] in 0 ms
[2026-03-05 13:02:47,340] <tracer> DEBUG tasks  - Started task[tracer]
[2026-03-05 13:02:47,340] <tracer> DEBUG tasks  - Finished task[tracer] in 0 ms
[2026-03-05 13:02:48,689] <ble_state_check> DEBUG tasks  - Started task[ble_state_check]
[2026-03-05 13:02:48,689] <ble_state_check> DEBUG tasks  - Finished task[ble_state_check] in 0 ms
[2026-03-05 13:02:52,341] <tracer> DEBUG tasks  - Started task[tracer]
[2026-03-05 13:02:52,341] <tracer> DEBUG tasks  - Finished task[tracer] in 1 ms
[2026-03-05 13:02:53,690] <ble_state_check> DEBUG tasks  - Started task[ble_state_check]
[2026-03-05 13:02:53,690] <ble_state_check> DEBUG tasks  - Finished task[ble_state_check] in 0 ms
[2026-03-05 13:02:56,039] <device-connect-incidents> DEBUG tasks  - Started task[device-connect-incidents]
[2026-03-05 13:02:56,039] <device-connect-incidents> DEBUG tasks  - Finished task[device-connect-incidents] in 0 ms
[2026-03-05 13:02:56,302] <duplicate-ip-service> DEBUG tasks  - Started task[duplicate-ip-service]
[2026-03-05 13:02:56,303] <duplicate-ip-service> DEBUG tasks  - Finished task[duplicate-ip-service] in 1 ms
[2026-03-05 13:02:57,341] <tracer> DEBUG tasks  - Started task[tracer]
[2026-03-05 13:02:57,342] <tracer> DEBUG tasks  - Finished task[tracer] in 1 ms
[2026-03-05 13:02:58,114] <autolink-registry-flush> DEBUG tasks  - Started task[autolink-registry-flush]
[2026-03-05 13:02:58,114] <autolink-registry-flush> DEBUG tasks  - Finished task[autolink-registry-flush] in 0 ms
[2026-03-05 13:02:58,123] <cache-cleanup> DEBUG tasks  - Started task[cache-cleanup]
[2026-03-05 13:02:58,123] <cache-cleanup> DEBUG tasks  - Finished task[cache-cleanup] in 0 ms
[2026-03-05 13:02:58,135] <trigger-throttling-cache-flush> DEBUG tasks  - Started task[trigger-throttling-cache-flush]
[2026-03-05 13:02:58,135] <trigger-throttling-cache-flush> DEBUG tasks  - Finished task[trigger-throttling-cache-flush] in 0 ms
[2026-03-05 13:02:58,135] <live-performance-analytics> DEBUG tasks  - Started task[live-performance-analytics]
[2026-03-05 13:02:58,136] <live-performance-analytics> DEBUG tasks  - Finished task[live-performance-analytics] in 1 ms
[2026-03-05 13:02:58,174] <ble_bridge_discovery> DEBUG tasks  - Started task[ble_bridge_discovery]
[2026-03-05 13:02:58,174] <ble_bridge_discovery> DEBUG tasks  - Finished task[ble_bridge_discovery] in 0 ms
[2026-03-05 13:02:58,267] <check-network-interfaces> DEBUG tasks  - Started task[check-network-interfaces]
[2026-03-05 13:02:58,268] <check-network-interfaces> DEBUG tasks  - Finished task[check-network-interfaces] in 1 ms
[2026-03-05 13:02:58,690] <ble_state_check> DEBUG tasks  - Started task[ble_state_check]
[2026-03-05 13:02:58,690] <ble_state_check> DEBUG tasks  - Finished task[ble_state_check] in 0 ms
[2026-03-05 13:03:02,342] <tracer> DEBUG tasks  - Started task[tracer]
[2026-03-05 13:03:02,342] <tracer> DEBUG tasks  - Finished task[tracer] in 0 ms
[2026-03-05 13:03:03,691] <ble_state_check> DEBUG tasks  - Started task[ble_state_check]
[2026-03-05 13:03:03,691] <ble_state_check> DEBUG tasks  - Finished task[ble_state_check] in 0 ms
[2026-03-05 13:03:05,080] <wifi-connection-events-flush> DEBUG tasks  - Started task[wifi-connection-events-flush]
[2026-03-05 13:03:05,080] <wifi-connection-events-flush> DEBUG tasks  - Finished task[wifi-connection-events-flush] in 0 ms
[2026-03-05 13:03:06,053] <device-state-check> DEBUG tasks  - Started task[device-state-check]
[2026-03-05 13:03:06,054] <device-state-check> DEBUG tasks  - Finished task[device-state-check] in 1 ms
[2026-03-05 13:03:07,342] <tracer> DEBUG tasks  - Started task[tracer]
[2026-03-05 13:03:07,343] <tracer> DEBUG tasks  - Finished task[tracer] in 1 ms
[2026-03-05 13:03:08,205] <wss-connection> DEBUG tasks  - Started task[wss-connection]
[2026-03-05 13:03:08,205] <wss-connection> DEBUG tasks  - Finished task[wss-connection] in 0 ms
[2026-03-05 13:03:08,240] <stamgr> DEBUG tasks  - Started task[stamgr]
[2026-03-05 13:03:08,241] <stamgr> DEBUG tasks  - Finished task[stamgr] in 1 ms
[2026-03-05 13:03:08,692] <ble_state_check> DEBUG tasks  - Started task[ble_state_check]
[2026-03-05 13:03:08,692] <ble_state_check> DEBUG tasks  - Finished task[ble_state_check] in 0 ms
[2026-03-05 13:03:08,831] <webrtc-connection> DEBUG tasks  - Started task[webrtc-connection]
[2026-03-05 13:03:08,831] <webrtc-connection> DEBUG tasks  - Finished task[webrtc-connection] in 0 ms
[2026-03-05 13:03:12,343] <tracer> DEBUG tasks  - Started task[tracer]
[2026-03-05 13:03:12,343] <tracer> DEBUG tasks  - Finished task[tracer] in 0 ms
[2026-03-05 13:03:13,223] <facebook-wifi-token-validation> DEBUG tasks  - Started task[facebook-wifi-token-validation]
[2026-03-05 13:03:13,223] <facebook-wifi-token-validation> DEBUG tasks  - Finished task[facebook-wifi-token-validation] in 0 ms
[2026-03-05 13:03:13,251] <ips-alert-caching> DEBUG tasks  - Started task[ips-alert-caching]
[2026-03-05 13:03:13,252] <ips-alert-caching> DEBUG tasks  - Finished task[ips-alert-caching] in 1 ms
[2026-03-05 13:03:13,692] <ble_state_check> DEBUG tasks  - Started task[ble_state_check]
[2026-03-05 13:03:13,693] <ble_state_check> DEBUG tasks  - Finished task[ble_state_check] in 1 ms
[2026-03-05 13:03:17,344] <tracer> DEBUG tasks  - Started task[tracer]
[2026-03-05 13:03:17,344] <tracer> DEBUG tasks  - Finished task[tracer] in 0 ms
[2026-03-05 13:03:18,693] <ble_state_check> DEBUG tasks  - Started task[ble_state_check]
[2026-03-05 13:03:18,693] <ble_state_check> DEBUG tasks  - Finished task[ble_state_check] in 0 ms
[2026-03-05 13:03:22,344] <tracer> DEBUG tasks  - Started task[tracer]
[2026-03-05 13:03:22,345] <tracer> DEBUG tasks  - Finished task[tracer] in 1 ms
[2026-03-05 13:03:23,694] <ble_state_check> DEBUG tasks  - Started task[ble_state_check]
[2026-03-05 13:03:23,694] <ble_state_check> DEBUG tasks  - Finished task[ble_state_check] in 0 ms
[2026-03-05 13:03:26,039] <device-connect-incidents> DEBUG tasks  - Started task[device-connect-incidents]
[2026-03-05 13:03:26,040] <device-connect-incidents> DEBUG tasks  - Finished task[device-connect-incidents] in 1 ms
[2026-03-05 13:03:26,100] <dpi-tseries> DEBUG tasks  - Started task[dpi-tseries]
[2026-03-05 13:03:26,118] <dpi-tseries> DEBUG tasks  - Finished task[dpi-tseries] in 18 ms
[2026-03-05 13:03:27,345] <tracer> DEBUG tasks  - Started task[tracer]
[2026-03-05 13:03:27,345] <tracer> DEBUG tasks  - Finished task[tracer] in 0 ms
[2026-03-05 13:03:28,175] <ble_bridge_discovery> DEBUG tasks  - Started task[ble_bridge_discovery]
[2026-03-05 13:03:28,175] <ble_bridge_discovery> DEBUG tasks  - Finished task[ble_bridge_discovery] in 0 ms
[2026-03-05 13:03:28,236] <lte-device-license-check> DEBUG tasks  - Started task[lte-device-license-check]
[2026-03-05 13:03:28,237] <lte-device-license-check> DEBUG tasks  - Finished task[lte-device-license-check] in 1 ms
[2026-03-05 13:03:28,695] <ble_state_check> DEBUG tasks  - Started task[ble_state_check]
[2026-03-05 13:03:28,695] <ble_state_check> DEBUG tasks  - Finished task[ble_state_check] in 1 ms
[2026-03-05 13:03:32,346] <tracer> DEBUG tasks  - Started task[tracer]
[2026-03-05 13:03:32,346] <tracer> DEBUG tasks  - Finished task[tracer] in 0 ms
[2026-03-05 13:03:33,695] <ble_state_check> DEBUG tasks  - Started task[ble_state_check]
[2026-03-05 13:03:33,695] <ble_state_check> DEBUG tasks  - Finished task[ble_state_check] in 0 ms
[2026-03-05 13:03:37,347] <tracer> DEBUG tasks  - Started task[tracer]
[2026-03-05 13:03:37,347] <tracer> DEBUG tasks  - Finished task[tracer] in 0 ms
[2026-03-05 13:03:38,696] <ble_state_check> DEBUG tasks  - Started task[ble_state_check]
[2026-03-05 13:03:38,696] <ble_state_check> DEBUG tasks  - Finished task[ble_state_check] in 0 ms
[2026-03-05 13:03:42,348] <tracer> DEBUG tasks  - Started task[tracer]
[2026-03-05 13:03:42,348] <tracer> DEBUG tasks  - Finished task[tracer] in 1 ms
[2026-03-05 13:03:43,696] <ble_state_check> DEBUG tasks  - Started task[ble_state_check]
[2026-03-05 13:03:43,697] <ble_state_check> DEBUG tasks  - Finished task[ble_state_check] in 1 ms
[2026-03-05 13:03:47,348] <tracer> DEBUG tasks  - Started task[tracer]
[2026-03-05 13:03:47,349] <tracer> DEBUG tasks  - Finished task[tracer] in 1 ms
[2026-03-05 13:03:48,697] <ble_state_check> DEBUG tasks  - Started task[ble_state_check]
[2026-03-05 13:03:48,698] <ble_state_check> DEBUG tasks  - Finished task[ble_state_check] in 1 ms
[2026-03-05 13:03:52,349] <tracer> DEBUG tasks  - Started task[tracer]
[2026-03-05 13:03:52,350] <tracer> DEBUG tasks  - Finished task[tracer] in 1 ms
[2026-03-05 13:03:53,698] <ble_state_check> DEBUG tasks  - Started task[ble_state_check]
[2026-03-05 13:03:53,698] <ble_state_check> DEBUG tasks  - Finished task[ble_state_check] in 0 ms
[2026-03-05 13:03:56,040] <device-connect-incidents> DEBUG tasks  - Started task[device-connect-incidents]
[2026-03-05 13:03:56,040] <device-connect-incidents> DEBUG tasks  - Finished task[device-connect-incidents] in 0 ms
[2026-03-05 13:03:56,304] <duplicate-ip-service> DEBUG tasks  - Started task[duplicate-ip-service]
[2026-03-05 13:03:56,304] <duplicate-ip-service> DEBUG tasks  - Finished task[duplicate-ip-service] in 0 ms
[2026-03-05 13:03:57,350] <tracer> DEBUG tasks  - Started task[tracer]
[2026-03-05 13:03:57,350] <tracer> DEBUG tasks  - Finished task[tracer] in 0 ms
[2026-03-05 13:03:58,115] <autolink-registry-flush> DEBUG tasks  - Started task[autolink-registry-flush]
[2026-03-05 13:03:58,115] <autolink-registry-flush> DEBUG tasks  - Finished task[autolink-registry-flush] in 0 ms
[2026-03-05 13:03:58,135] <trigger-throttling-cache-flush> DEBUG tasks  - Started task[trigger-throttling-cache-flush]
[2026-03-05 13:03:58,136] <trigger-throttling-cache-flush> DEBUG tasks  - Finished task[trigger-throttling-cache-flush] in 1 ms
[2026-03-05 13:03:58,136] <live-performance-analytics> DEBUG tasks  - Started task[live-performance-analytics]
[2026-03-05 13:03:58,136] <live-performance-analytics> DEBUG tasks  - Finished task[live-performance-analytics] in 0 ms
[2026-03-05 13:03:58,176] <ble_bridge_discovery> DEBUG tasks  - Started task[ble_bridge_discovery]
[2026-03-05 13:03:58,176] <ble_bridge_discovery> DEBUG tasks  - Finished task[ble_bridge_discovery] in 0 ms
[2026-03-05 13:03:58,220] <cache> DEBUG tasks  - Started task[cache]
[2026-03-05 13:03:58,220] <cache> DEBUG tasks  - Finished task[cache] in 0 ms
[2026-03-05 13:03:58,224] <print-time-series-cache-stats> DEBUG tasks  - Started task[print-time-series-cache-stats]
[2026-03-05 13:03:58,224] <print-time-series-cache-stats> DEBUG tasks  - Finished task[print-time-series-cache-stats] in 1 ms
[2026-03-05 13:03:58,269] <check-network-interfaces> DEBUG tasks  - Started task[check-network-interfaces]
[2026-03-05 13:03:58,270] <check-network-interfaces> DEBUG tasks  - Finished task[check-network-interfaces] in 1 ms
[2026-03-05 13:03:58,699] <ble_state_check> DEBUG tasks  - Started task[ble_state_check]
[2026-03-05 13:03:58,699] <ble_state_check> DEBUG tasks  - Finished task[ble_state_check] in 0 ms
[2026-03-05 13:04:02,351] <tracer> DEBUG tasks  - Started task[tracer]
[2026-03-05 13:04:02,351] <tracer> DEBUG tasks  - Finished task[tracer] in 1 ms
[2026-03-05 13:04:03,699] <ble_state_check> DEBUG tasks  - Started task[ble_state_check]
[2026-03-05 13:04:03,700] <ble_state_check> DEBUG tasks  - Finished task[ble_state_check] in 1 ms
[2026-03-05 13:04:06,054] <device-state-check> DEBUG tasks  - Started task[device-state-check]
[2026-03-05 13:04:06,055] <device-state-check> DEBUG tasks  - Finished task[device-state-check] in 1 ms
[2026-03-05 13:04:07,352] <tracer> DEBUG tasks  - Started task[tracer]
[2026-03-05 13:04:07,353] <tracer> DEBUG tasks  - Finished task[tracer] in 1 ms
[2026-03-05 13:04:08,241] <stamgr> DEBUG tasks  - Started task[stamgr]
[2026-03-05 13:04:08,242] <stamgr> DEBUG tasks  - Finished task[stamgr] in 0 ms
[2026-03-05 13:04:08,700] <ble_state_check> DEBUG tasks  - Started task[ble_state_check]
[2026-03-05 13:04:08,700] <ble_state_check> DEBUG tasks  - Finished task[ble_state_check] in 0 ms
[2026-03-05 13:04:08,832] <webrtc-connection> DEBUG tasks  - Started task[webrtc-connection]
[2026-03-05 13:04:08,832] <webrtc-connection> DEBUG tasks  - Finished task[webrtc-connection] in 0 ms
[2026-03-05 13:04:12,353] <tracer> DEBUG tasks  - Started task[tracer]
[2026-03-05 13:04:12,353] <tracer> DEBUG tasks  - Finished task[tracer] in 0 ms
[2026-03-05 13:04:13,701] <ble_state_check> DEBUG tasks  - Started task[ble_state_check]
[2026-03-05 13:04:13,701] <ble_state_check> DEBUG tasks  - Finished task[ble_state_check] in 0 ms
[2026-03-05 13:04:17,354] <tracer> DEBUG tasks  - Started task[tracer]
[2026-03-05 13:04:17,354] <tracer> DEBUG tasks  - Finished task[tracer] in 0 ms
[2026-03-05 13:04:18,701] <ble_state_check> DEBUG tasks  - Started task[ble_state_check]
[2026-03-05 13:04:18,702] <ble_state_check> DEBUG tasks  - Finished task[ble_state_check] in 1 ms
[2026-03-05 13:04:22,355] <tracer> DEBUG tasks  - Started task[tracer]
[2026-03-05 13:04:22,355] <tracer> DEBUG tasks  - Finished task[tracer] in 0 ms
[2026-03-05 13:04:23,702] <ble_state_check> DEBUG tasks  - Started task[ble_state_check]
[2026-03-05 13:04:23,703] <ble_state_check> DEBUG tasks  - Finished task[ble_state_check] in 1 ms
[2026-03-05 13:04:26,041] <device-connect-incidents> DEBUG tasks  - Started task[device-connect-incidents]
[2026-03-05 13:04:26,041] <device-connect-incidents> DEBUG tasks  - Finished task[device-connect-incidents] in 0 ms
[2026-03-05 13:04:27,355] <tracer> DEBUG tasks  - Started task[tracer]
[2026-03-05 13:04:27,356] <tracer> DEBUG tasks  - Finished task[tracer] in 1 ms
[2026-03-05 13:04:28,176] <ble_bridge_discovery> DEBUG tasks  - Started task[ble_bridge_discovery]
[2026-03-05 13:04:28,177] <ble_bridge_discovery> DEBUG tasks  - Finished task[ble_bridge_discovery] in 1 ms
[2026-03-05 13:04:28,703] <ble_state_check> DEBUG tasks  - Started task[ble_state_check]
[2026-03-05 13:04:28,703] <ble_state_check> DEBUG tasks  - Finished task[ble_state_check] in 0 ms
[2026-03-05 13:04:32,356] <tracer> DEBUG tasks  - Started task[tracer]
[2026-03-05 13:04:32,357] <tracer> DEBUG tasks  - Finished task[tracer] in 1 ms
[2026-03-05 13:04:33,704] <ble_state_check> DEBUG tasks  - Started task[ble_state_check]
[2026-03-05 13:04:33,704] <ble_state_check> DEBUG tasks  - Finished task[ble_state_check] in 0 ms
[2026-03-05 13:04:37,357] <tracer> DEBUG tasks  - Started task[tracer]
[2026-03-05 13:04:37,357] <tracer> DEBUG tasks  - Finished task[tracer] in 0 ms
[2026-03-05 13:04:38,704] <ble_state_check> DEBUG tasks  - Started task[ble_state_check]
[2026-03-05 13:04:38,705] <ble_state_check> DEBUG tasks  - Finished task[ble_state_check] in 1 ms
[2026-03-05 13:04:42,358] <tracer> DEBUG tasks  - Started task[tracer]
[2026-03-05 13:04:42,358] <tracer> DEBUG tasks  - Finished task[tracer] in 0 ms
[2026-03-05 13:04:43,705] <ble_state_check> DEBUG tasks  - Started task[ble_state_check]
[2026-03-05 13:04:43,706] <ble_state_check> DEBUG tasks  - Finished task[ble_state_check] in 1 ms
[2026-03-05 13:04:47,359] <tracer> DEBUG tasks  - Started task[tracer]
[2026-03-05 13:04:47,359] <tracer> DEBUG tasks  - Finished task[tracer] in 0 ms
[2026-03-05 13:04:48,707] <ble_state_check> DEBUG tasks  - Started task[ble_state_check]
[2026-03-05 13:04:48,708] <ble_state_check> DEBUG tasks  - Finished task[ble_state_check] in 0 ms
[2026-03-05 13:04:52,359] <tracer> DEBUG tasks  - Started task[tracer]
[2026-03-05 13:04:52,360] <tracer> DEBUG tasks  - Finished task[tracer] in 1 ms
[2026-03-05 13:04:53,708] <ble_state_check> DEBUG tasks  - Started task[ble_state_check]
[2026-03-05 13:04:53,708] <ble_state_check> DEBUG tasks  - Finished task[ble_state_check] in 0 ms
[2026-03-05 13:04:56,042] <device-connect-incidents> DEBUG tasks  - Started task[device-connect-incidents]
[2026-03-05 13:04:56,042] <device-connect-incidents> DEBUG tasks  - Finished task[device-connect-incidents] in 0 ms
[2026-03-05 13:04:56,305] <duplicate-ip-service> DEBUG tasks  - Started task[duplicate-ip-service]
[2026-03-05 13:04:56,306] <duplicate-ip-service> DEBUG tasks  - Finished task[duplicate-ip-service] in 1 ms
[2026-03-05 13:04:57,360] <tracer> DEBUG tasks  - Started task[tracer]
[2026-03-05 13:04:57,361] <tracer> DEBUG tasks  - Finished task[tracer] in 1 ms
[2026-03-05 13:04:58,116] <autolink-registry-flush> DEBUG tasks  - Started task[autolink-registry-flush]
[2026-03-05 13:04:58,116] <autolink-registry-flush> DEBUG tasks  - Finished task[autolink-registry-flush] in 0 ms
[2026-03-05 13:04:58,136] <trigger-throttling-cache-flush> DEBUG tasks  - Started task[trigger-throttling-cache-flush]
[2026-03-05 13:04:58,136] <trigger-throttling-cache-flush> DEBUG tasks  - Finished task[trigger-throttling-cache-flush] in 0 ms
[2026-03-05 13:04:58,137] <live-performance-analytics> DEBUG tasks  - Started task[live-performance-analytics]
[2026-03-05 13:04:58,137] <live-performance-analytics> DEBUG tasks  - Finished task[live-performance-analytics] in 0 ms
[2026-03-05 13:04:58,177] <ble_bridge_discovery> DEBUG tasks  - Started task[ble_bridge_discovery]
[2026-03-05 13:04:58,178] <ble_bridge_discovery> DEBUG tasks  - Finished task[ble_bridge_discovery] in 1 ms
[2026-03-05 13:04:58,270] <check-network-interfaces> DEBUG tasks  - Started task[check-network-interfaces]
[2026-03-05 13:04:58,271] <check-network-interfaces> DEBUG tasks  - Finished task[check-network-interfaces] in 1 ms
[2026-03-05 13:04:58,709] <ble_state_check> DEBUG tasks  - Started task[ble_state_check]
[2026-03-05 13:04:58,709] <ble_state_check> DEBUG tasks  - Finished task[ble_state_check] in 0 ms
[2026-03-05 13:05:02,361] <tracer> DEBUG tasks  - Started task[tracer]
[2026-03-05 13:05:02,361] <tracer> DEBUG tasks  - Finished task[tracer] in 0 ms
[2026-03-05 13:05:03,709] <ble_state_check> DEBUG tasks  - Started task[ble_state_check]
[2026-03-05 13:05:03,710] <ble_state_check> DEBUG tasks  - Finished task[ble_state_check] in 1 ms
[2026-03-05 13:05:06,055] <device-state-check> DEBUG tasks  - Started task[device-state-check]
[2026-03-05 13:05:06,056] <device-state-check> DEBUG tasks  - Finished task[device-state-check] in 1 ms
[2026-03-05 13:05:07,362] <tracer> DEBUG tasks  - Started task[tracer]
[2026-03-05 13:05:07,362] <tracer> DEBUG tasks  - Finished task[tracer] in 0 ms
[2026-03-05 13:05:08,242] <stamgr> DEBUG tasks  - Started task[stamgr]
[2026-03-05 13:05:08,242] <stamgr> DEBUG tasks  - Finished task[stamgr] in 0 ms
[2026-03-05 13:05:08,711] <ble_state_check> DEBUG tasks  - Started task[ble_state_check]
[2026-03-05 13:05:08,711] <ble_state_check> DEBUG tasks  - Finished task[ble_state_check] in 0 ms
[2026-03-05 13:05:08,832] <webrtc-connection> DEBUG tasks  - Started task[webrtc-connection]
[2026-03-05 13:05:08,833] <webrtc-connection> DEBUG tasks  - Finished task[webrtc-connection] in 1 ms
[2026-03-05 13:05:12,363] <tracer> DEBUG tasks  - Started task[tracer]
[2026-03-05 13:05:12,363] <tracer> DEBUG tasks  - Finished task[tracer] in 0 ms
[2026-03-05 13:05:13,711] <ble_state_check> DEBUG tasks  - Started task[ble_state_check]
[2026-03-05 13:05:13,712] <ble_state_check> DEBUG tasks  - Finished task[ble_state_check] in 1 ms
[2026-03-05 13:05:17,363] <tracer> DEBUG tasks  - Started task[tracer]
[2026-03-05 13:05:17,364] <tracer> DEBUG tasks  - Finished task[tracer] in 1 ms
[2026-03-05 13:05:18,712] <ble_state_check> DEBUG tasks  - Started task[ble_state_check]
[2026-03-05 13:05:18,712] <ble_state_check> DEBUG tasks  - Finished task[ble_state_check] in 0 ms
[2026-03-05 13:05:22,364] <tracer> DEBUG tasks  - Started task[tracer]
[2026-03-05 13:05:22,365] <tracer> DEBUG tasks  - Finished task[tracer] in 1 ms
[2026-03-05 13:05:23,713] <ble_state_check> DEBUG tasks  - Started task[ble_state_check]
[2026-03-05 13:05:23,714] <ble_state_check> DEBUG tasks  - Finished task[ble_state_check] in 1 ms
[2026-03-05 13:05:26,043] <device-connect-incidents> DEBUG tasks  - Started task[device-connect-incidents]
[2026-03-05 13:05:26,043] <device-connect-incidents> DEBUG tasks  - Finished task[device-connect-incidents] in 0 ms
[2026-03-05 13:05:27,365] <tracer> DEBUG tasks  - Started task[tracer]
[2026-03-05 13:05:27,365] <tracer> DEBUG tasks  - Finished task[tracer] in 0 ms
[2026-03-05 13:05:28,178] <ble_bridge_discovery> DEBUG tasks  - Started task[ble_bridge_discovery]
[2026-03-05 13:05:28,179] <ble_bridge_discovery> DEBUG tasks  - Finished task[ble_bridge_discovery] in 1 ms
[2026-03-05 13:05:28,715] <ble_state_check> DEBUG tasks  - Started task[ble_state_check]
[2026-03-05 13:05:28,715] <ble_state_check> DEBUG tasks  - Finished task[ble_state_check] in 0 ms
[2026-03-05 13:05:32,366] <tracer> DEBUG tasks  - Started task[tracer]
[2026-03-05 13:05:32,366] <tracer> DEBUG tasks  - Finished task[tracer] in 0 ms
[2026-03-05 13:05:33,715] <ble_state_check> DEBUG tasks  - Started task[ble_state_check]
[2026-03-05 13:05:33,716] <ble_state_check> DEBUG tasks  - Finished task[ble_state_check] in 1 ms
[2026-03-05 13:05:37,367] <tracer> DEBUG tasks  - Started task[tracer]
[2026-03-05 13:05:37,367] <tracer> DEBUG tasks  - Finished task[tracer] in 0 ms
[2026-03-05 13:05:38,716] <ble_state_check> DEBUG tasks  - Started task[ble_state_check]
[2026-03-05 13:05:38,716] <ble_state_check> DEBUG tasks  - Finished task[ble_state_check] in 0 ms
[2026-03-05 13:05:42,368] <tracer> DEBUG tasks  - Started task[tracer]
[2026-03-05 13:05:42,368] <tracer> DEBUG tasks  - Finished task[tracer] in 1 ms
[2026-03-05 13:05:43,717] <ble_state_check> DEBUG tasks  - Started task[ble_state_check]
[2026-03-05 13:05:43,717] <ble_state_check> DEBUG tasks  - Finished task[ble_state_check] in 0 ms
[2026-03-05 13:05:47,368] <tracer> DEBUG tasks  - Started task[tracer]
[2026-03-05 13:05:47,369] <tracer> DEBUG tasks  - Finished task[tracer] in 1 ms
[2026-03-05 13:05:48,718] <ble_state_check> DEBUG tasks  - Started task[ble_state_check]
[2026-03-05 13:05:48,718] <ble_state_check> DEBUG tasks  - Finished task[ble_state_check] in 0 ms
[2026-03-05 13:05:52,369] <tracer> DEBUG tasks  - Started task[tracer]
[2026-03-05 13:05:52,369] <tracer> DEBUG tasks  - Finished task[tracer] in 0 ms
[2026-03-05 13:05:53,719] <ble_state_check> DEBUG tasks  - Started task[ble_state_check]
[2026-03-05 13:05:53,719] <ble_state_check> DEBUG tasks  - Finished task[ble_state_check] in 1 ms
[2026-03-05 13:05:56,043] <device-connect-incidents> DEBUG tasks  - Started task[device-connect-incidents]
[2026-03-05 13:05:56,044] <device-connect-incidents> DEBUG tasks  - Finished task[device-connect-incidents] in 1 ms
[2026-03-05 13:05:56,306] <duplicate-ip-service> DEBUG tasks  - Started task[duplicate-ip-service]
[2026-03-05 13:05:56,307] <duplicate-ip-service> DEBUG tasks  - Finished task[duplicate-ip-service] in 1 ms
[2026-03-05 13:05:57,370] <tracer> DEBUG tasks  - Started task[tracer]
[2026-03-05 13:05:57,372] <tracer> DEBUG tasks  - Finished task[tracer] in 2 ms
[2026-03-05 13:05:58,116] <autolink-registry-flush> DEBUG tasks  - Started task[autolink-registry-flush]
[2026-03-05 13:05:58,116] <autolink-registry-flush> DEBUG tasks  - Finished task[autolink-registry-flush] in 0 ms
[2026-03-05 13:05:58,137] <live-performance-analytics> DEBUG tasks  - Started task[live-performance-analytics]
[2026-03-05 13:05:58,137] <trigger-throttling-cache-flush> DEBUG tasks  - Started task[trigger-throttling-cache-flush]
[2026-03-05 13:05:58,138] <live-performance-analytics> DEBUG tasks  - Finished task[live-performance-analytics] in 1 ms
[2026-03-05 13:05:58,138] <trigger-throttling-cache-flush> DEBUG tasks  - Finished task[trigger-throttling-cache-flush] in 1 ms
[2026-03-05 13:05:58,179] <ble_bridge_discovery> DEBUG tasks  - Started task[ble_bridge_discovery]
[2026-03-05 13:05:58,179] <ble_bridge_discovery> DEBUG tasks  - Finished task[ble_bridge_discovery] in 0 ms
[2026-03-05 13:05:58,271] <check-network-interfaces> DEBUG tasks  - Started task[check-network-interfaces]
[2026-03-05 13:05:58,272] <check-network-interfaces> DEBUG tasks  - Finished task[check-network-interfaces] in 1 ms
[2026-03-05 13:05:58,719] <ble_state_check> DEBUG tasks  - Started task[ble_state_check]
[2026-03-05 13:05:58,719] <ble_state_check> DEBUG tasks  - Finished task[ble_state_check] in 0 ms
[2026-03-05 13:06:02,372] <tracer> DEBUG tasks  - Started task[tracer]
[2026-03-05 13:06:02,373] <tracer> DEBUG tasks  - Finished task[tracer] in 1 ms
[2026-03-05 13:06:03,720] <ble_state_check> DEBUG tasks  - Started task[ble_state_check]
[2026-03-05 13:06:03,721] <ble_state_check> DEBUG tasks  - Finished task[ble_state_check] in 1 ms
[2026-03-05 13:06:06,057] <device-state-check> DEBUG tasks  - Started task[device-state-check]
[2026-03-05 13:06:06,058] <device-state-check> DEBUG tasks  - Finished task[device-state-check] in 1 ms
[2026-03-05 13:06:07,373] <tracer> DEBUG tasks  - Started task[tracer]
[2026-03-05 13:06:07,374] <tracer> DEBUG tasks  - Finished task[tracer] in 1 ms
[2026-03-05 13:06:08,243] <stamgr> DEBUG tasks  - Started task[stamgr]
[2026-03-05 13:06:08,243] <stamgr> DEBUG tasks  - Finished task[stamgr] in 0 ms
[2026-03-05 13:06:08,721] <ble_state_check> DEBUG tasks  - Started task[ble_state_check]
[2026-03-05 13:06:08,722] <ble_state_check> DEBUG tasks  - Finished task[ble_state_check] in 1 ms
[2026-03-05 13:06:08,833] <webrtc-connection> DEBUG tasks  - Started task[webrtc-connection]
[2026-03-05 13:06:08,833] <webrtc-connection> DEBUG tasks  - Finished task[webrtc-connection] in 0 ms
[2026-03-05 13:06:12,374] <tracer> DEBUG tasks  - Started task[tracer]
[2026-03-05 13:06:12,374] <tracer> DEBUG tasks  - Finished task[tracer] in 0 ms
[2026-03-05 13:06:13,722] <ble_state_check> DEBUG tasks  - Started task[ble_state_check]
[2026-03-05 13:06:13,722] <ble_state_check> DEBUG tasks  - Finished task[ble_state_check] in 0 ms
[2026-03-05 13:06:17,375] <tracer> DEBUG tasks  - Started task[tracer]
[2026-03-05 13:06:17,375] <tracer> DEBUG tasks  - Finished task[tracer] in 0 ms
[2026-03-05 13:06:18,723] <ble_state_check> DEBUG tasks  - Started task[ble_state_check]
[2026-03-05 13:06:18,723] <ble_state_check> DEBUG tasks  - Finished task[ble_state_check] in 0 ms
[2026-03-05 13:06:22,375] <tracer> DEBUG tasks  - Started task[tracer]
[2026-03-05 13:06:22,375] <tracer> DEBUG tasks  - Finished task[tracer] in 0 ms
[2026-03-05 13:06:23,724] <ble_state_check> DEBUG tasks  - Started task[ble_state_check]
[2026-03-05 13:06:23,724] <ble_state_check> DEBUG tasks  - Finished task[ble_state_check] in 0 ms
[2026-03-05 13:06:26,044] <device-connect-incidents> DEBUG tasks  - Started task[device-connect-incidents]
[2026-03-05 13:06:26,044] <device-connect-incidents> DEBUG tasks  - Finished task[device-connect-incidents] in 0 ms
[2026-03-05 13:06:27,376] <tracer> DEBUG tasks  - Started task[tracer]
[2026-03-05 13:06:27,376] <tracer> DEBUG tasks  - Finished task[tracer] in 0 ms
[2026-03-05 13:06:28,180] <ble_bridge_discovery> DEBUG tasks  - Started task[ble_bridge_discovery]
[2026-03-05 13:06:28,180] <ble_bridge_discovery> DEBUG tasks  - Finished task[ble_bridge_discovery] in 0 ms
[2026-03-05 13:06:28,724] <ble_state_check> DEBUG tasks  - Started task[ble_state_check]
[2026-03-05 13:06:28,724] <ble_state_check> DEBUG tasks  - Finished task[ble_state_check] in 0 ms
[2026-03-05 13:06:32,377] <tracer> DEBUG tasks  - Started task[tracer]
[2026-03-05 13:06:32,377] <tracer> DEBUG tasks  - Finished task[tracer] in 0 ms
[2026-03-05 13:06:33,725] <ble_state_check> DEBUG tasks  - Started task[ble_state_check]
[2026-03-05 13:06:33,725] <ble_state_check> DEBUG tasks  - Finished task[ble_state_check] in 0 ms
[2026-03-05 13:06:37,377] <tracer> DEBUG tasks  - Started task[tracer]
[2026-03-05 13:06:37,378] <tracer> DEBUG tasks  - Finished task[tracer] in 1 ms
[2026-03-05 13:06:38,726] <ble_state_check> DEBUG tasks  - Started task[ble_state_check]
[2026-03-05 13:06:38,726] <ble_state_check> DEBUG tasks  - Finished task[ble_state_check] in 1 ms
[2026-03-05 13:06:42,378] <tracer> DEBUG tasks  - Started task[tracer]
[2026-03-05 13:06:42,378] <tracer> DEBUG tasks  - Finished task[tracer] in 0 ms
[2026-03-05 13:06:43,726] <ble_state_check> DEBUG tasks  - Started task[ble_state_check]
[2026-03-05 13:06:43,727] <ble_state_check> DEBUG tasks  - Finished task[ble_state_check] in 1 ms
[2026-03-05 13:06:47,378] <tracer> DEBUG tasks  - Started task[tracer]
[2026-03-05 13:06:47,379] <tracer> DEBUG tasks  - Finished task[tracer] in 1 ms
[2026-03-05 13:06:48,727] <ble_state_check> DEBUG tasks  - Started task[ble_state_check]
[2026-03-05 13:06:48,727] <ble_state_check> DEBUG tasks  - Finished task[ble_state_check] in 0 ms
[2026-03-05 13:06:52,379] <tracer> DEBUG tasks  - Started task[tracer]
[2026-03-05 13:06:52,379] <tracer> DEBUG tasks  - Finished task[tracer] in 0 ms
[2026-03-05 13:06:53,729] <ble_state_check> DEBUG tasks  - Started task[ble_state_check]
[2026-03-05 13:06:53,729] <ble_state_check> DEBUG tasks  - Finished task[ble_state_check] in 0 ms
[2026-03-05 13:06:56,045] <device-connect-incidents> DEBUG tasks  - Started task[device-connect-incidents]
[2026-03-05 13:06:56,045] <device-connect-incidents> DEBUG tasks  - Finished task[device-connect-incidents] in 0 ms
[2026-03-05 13:06:56,308] <duplicate-ip-service> DEBUG tasks  - Started task[duplicate-ip-service]
[2026-03-05 13:06:56,308] <duplicate-ip-service> DEBUG tasks  - Finished task[duplicate-ip-service] in 0 ms
[2026-03-05 13:06:57,380] <tracer> DEBUG tasks  - Started task[tracer]
[2026-03-05 13:06:57,380] <tracer> DEBUG tasks  - Finished task[tracer] in 0 ms
[2026-03-05 13:06:58,117] <autolink-registry-flush> DEBUG tasks  - Started task[autolink-registry-flush]
[2026-03-05 13:06:58,117] <autolink-registry-flush> DEBUG tasks  - Finished task[autolink-registry-flush] in 0 ms
[2026-03-05 13:06:58,138] <live-performance-analytics> DEBUG tasks  - Started task[live-performance-analytics]
[2026-03-05 13:06:58,142] <live-performance-analytics> DEBUG tasks  - Finished task[live-performance-analytics] in 4 ms
[2026-03-05 13:06:58,141] <trigger-throttling-cache-flush> DEBUG tasks  - Started task[trigger-throttling-cache-flush]
[2026-03-05 13:06:58,142] <trigger-throttling-cache-flush> DEBUG tasks  - Finished task[trigger-throttling-cache-flush] in 1 ms
[2026-03-05 13:06:58,180] <ble_bridge_discovery> DEBUG tasks  - Started task[ble_bridge_discovery]
[2026-03-05 13:06:58,181] <ble_bridge_discovery> DEBUG tasks  - Finished task[ble_bridge_discovery] in 1 ms
[2026-03-05 13:06:58,273] <check-network-interfaces> DEBUG tasks  - Started task[check-network-interfaces]
[2026-03-05 13:06:58,275] <check-network-interfaces> DEBUG tasks  - Finished task[check-network-interfaces] in 2 ms
[2026-03-05 13:06:58,730] <ble_state_check> DEBUG tasks  - Started task[ble_state_check]
[2026-03-05 13:06:58,730] <ble_state_check> DEBUG tasks  - Finished task[ble_state_check] in 0 ms
[2026-03-05 13:07:02,380] <tracer> DEBUG tasks  - Started task[tracer]
[2026-03-05 13:07:02,381] <tracer> DEBUG tasks  - Finished task[tracer] in 1 ms
[2026-03-05 13:07:03,731] <ble_state_check> DEBUG tasks  - Started task[ble_state_check]
[2026-03-05 13:07:03,731] <ble_state_check> DEBUG tasks  - Finished task[ble_state_check] in 0 ms
[2026-03-05 13:07:06,058] <device-state-check> DEBUG tasks  - Started task[device-state-check]
[2026-03-05 13:07:06,059] <device-state-check> DEBUG tasks  - Finished task[device-state-check] in 1 ms
[2026-03-05 13:07:07,381] <tracer> DEBUG tasks  - Started task[tracer]
[2026-03-05 13:07:07,381] <tracer> DEBUG tasks  - Finished task[tracer] in 0 ms
[2026-03-05 13:07:08,244] <stamgr> DEBUG tasks  - Started task[stamgr]
[2026-03-05 13:07:08,244] <stamgr> DEBUG tasks  - Finished task[stamgr] in 0 ms
[2026-03-05 13:07:08,734] <ble_state_check> DEBUG tasks  - Started task[ble_state_check]
[2026-03-05 13:07:08,735] <ble_state_check> DEBUG tasks  - Finished task[ble_state_check] in 1 ms
[2026-03-05 13:07:08,834] <webrtc-connection> DEBUG tasks  - Started task[webrtc-connection]
[2026-03-05 13:07:08,834] <webrtc-connection> DEBUG tasks  - Finished task[webrtc-connection] in 0 ms
[2026-03-05 13:07:12,382] <tracer> DEBUG tasks  - Started task[tracer]
[2026-03-05 13:07:12,382] <tracer> DEBUG tasks  - Finished task[tracer] in 0 ms
[2026-03-05 13:07:13,735] <ble_state_check> DEBUG tasks  - Started task[ble_state_check]
[2026-03-05 13:07:13,735] <ble_state_check> DEBUG tasks  - Finished task[ble_state_check] in 0 ms
[2026-03-05 13:07:17,385] <tracer> DEBUG tasks  - Started task[tracer]
[2026-03-05 13:07:17,386] <tracer> DEBUG tasks  - Finished task[tracer] in 1 ms
[2026-03-05 13:07:18,736] <ble_state_check> DEBUG tasks  - Started task[ble_state_check]
[2026-03-05 13:07:18,736] <ble_state_check> DEBUG tasks  - Finished task[ble_state_check] in 0 ms
[2026-03-05 13:07:22,386] <tracer> DEBUG tasks  - Started task[tracer]
[2026-03-05 13:07:22,387] <tracer> DEBUG tasks  - Finished task[tracer] in 1 ms
[2026-03-05 13:07:23,737] <ble_state_check> DEBUG tasks  - Started task[ble_state_check]
[2026-03-05 13:07:23,737] <ble_state_check> DEBUG tasks  - Finished task[ble_state_check] in 0 ms
[2026-03-05 13:07:26,046] <device-connect-incidents> DEBUG tasks  - Started task[device-connect-incidents]
[2026-03-05 13:07:26,046] <device-connect-incidents> DEBUG tasks  - Finished task[device-connect-incidents] in 0 ms
[2026-03-05 13:07:27,388] <tracer> DEBUG tasks  - Started task[tracer]
[2026-03-05 13:07:27,389] <tracer> DEBUG tasks  - Finished task[tracer] in 1 ms
[2026-03-05 13:07:28,181] <ble_bridge_discovery> DEBUG tasks  - Started task[ble_bridge_discovery]
[2026-03-05 13:07:28,181] <ble_bridge_discovery> DEBUG tasks  - Finished task[ble_bridge_discovery] in 0 ms
[2026-03-05 13:07:28,737] <ble_state_check> DEBUG tasks  - Started task[ble_state_check]
[2026-03-05 13:07:28,738] <ble_state_check> DEBUG tasks  - Finished task[ble_state_check] in 1 ms
[2026-03-05 13:07:32,389] <tracer> DEBUG tasks  - Started task[tracer]
[2026-03-05 13:07:32,389] <tracer> DEBUG tasks  - Finished task[tracer] in 0 ms
[2026-03-05 13:07:33,738] <ble_state_check> DEBUG tasks  - Started task[ble_state_check]
[2026-03-05 13:07:33,738] <ble_state_check> DEBUG tasks  - Finished task[ble_state_check] in 0 ms
[2026-03-05 13:07:37,389] <tracer> DEBUG tasks  - Started task[tracer]
[2026-03-05 13:07:37,390] <tracer> DEBUG tasks  - Finished task[tracer] in 1 ms
[2026-03-05 13:07:38,739] <ble_state_check> DEBUG tasks  - Started task[ble_state_check]
[2026-03-05 13:07:38,739] <ble_state_check> DEBUG tasks  - Finished task[ble_state_check] in 0 ms
[2026-03-05 13:07:42,390] <tracer> DEBUG tasks  - Started task[tracer]
[2026-03-05 13:07:42,390] <tracer> DEBUG tasks  - Finished task[tracer] in 0 ms
[2026-03-05 13:07:43,739] <ble_state_check> DEBUG tasks  - Started task[ble_state_check]
[2026-03-05 13:07:43,740] <ble_state_check> DEBUG tasks  - Finished task[ble_state_check] in 1 ms
[2026-03-05 13:07:47,391] <tracer> DEBUG tasks  - Started task[tracer]
[2026-03-05 13:07:47,391] <tracer> DEBUG tasks  - Finished task[tracer] in 0 ms
[2026-03-05 13:07:48,740] <ble_state_check> DEBUG tasks  - Started task[ble_state_check]
[2026-03-05 13:07:48,740] <ble_state_check> DEBUG tasks  - Finished task[ble_state_check] in 0 ms
[2026-03-05 13:07:52,391] <tracer> DEBUG tasks  - Started task[tracer]
[2026-03-05 13:07:52,392] <tracer> DEBUG tasks  - Finished task[tracer] in 1 ms
[2026-03-05 13:07:53,740] <ble_state_check> DEBUG tasks  - Started task[ble_state_check]
[2026-03-05 13:07:53,741] <ble_state_check> DEBUG tasks  - Finished task[ble_state_check] in 1 ms
[2026-03-05 13:07:56,046] <device-connect-incidents> DEBUG tasks  - Started task[device-connect-incidents]
[2026-03-05 13:07:56,047] <device-connect-incidents> DEBUG tasks  - Finished task[device-connect-incidents] in 1 ms
[2026-03-05 13:07:56,309] <duplicate-ip-service> DEBUG tasks  - Started task[duplicate-ip-service]
[2026-03-05 13:07:56,310] <duplicate-ip-service> DEBUG tasks  - Finished task[duplicate-ip-service] in 1 ms
[2026-03-05 13:07:57,392] <tracer> DEBUG tasks  - Started task[tracer]
[2026-03-05 13:07:57,392] <tracer> DEBUG tasks  - Finished task[tracer] in 0 ms
[2026-03-05 13:07:58,117] <autolink-registry-flush> DEBUG tasks  - Started task[autolink-registry-flush]
[2026-03-05 13:07:58,118] <autolink-registry-flush> DEBUG tasks  - Finished task[autolink-registry-flush] in 1 ms
[2026-03-05 13:07:58,124] <cache-cleanup> DEBUG tasks  - Started task[cache-cleanup]
[2026-03-05 13:07:58,125] <cache-cleanup> DEBUG tasks  - Finished task[cache-cleanup] in 1 ms
[2026-03-05 13:07:58,142] <live-performance-analytics> DEBUG tasks  - Started task[live-performance-analytics]
[2026-03-05 13:07:58,142] <trigger-throttling-cache-flush> DEBUG tasks  - Started task[trigger-throttling-cache-flush]
[2026-03-05 13:07:58,143] <live-performance-analytics> DEBUG tasks  - Finished task[live-performance-analytics] in 1 ms
[2026-03-05 13:07:58,143] <trigger-throttling-cache-flush> DEBUG tasks  - Finished task[trigger-throttling-cache-flush] in 1 ms
[2026-03-05 13:07:58,182] <ble_bridge_discovery> DEBUG tasks  - Started task[ble_bridge_discovery]
[2026-03-05 13:07:58,182] <ble_bridge_discovery> DEBUG tasks  - Finished task[ble_bridge_discovery] in 0 ms
[2026-03-05 13:07:58,216] <request-metric-queue-monitor> DEBUG tasks  - Started task[request-metric-queue-monitor]
[2026-03-05 13:07:58,217] <request-metric-queue-monitor> DEBUG tasks  - Finished task[request-metric-queue-monitor] in 1 ms
[2026-03-05 13:07:58,275] <check-network-interfaces> DEBUG tasks  - Started task[check-network-interfaces]
[2026-03-05 13:07:58,276] <check-network-interfaces> DEBUG tasks  - Finished task[check-network-interfaces] in 1 ms
[2026-03-05 13:07:58,741] <ble_state_check> DEBUG tasks  - Started task[ble_state_check]
[2026-03-05 13:07:58,742] <ble_state_check> DEBUG tasks  - Finished task[ble_state_check] in 1 ms
[2026-03-05 13:08:02,392] <tracer> DEBUG tasks  - Started task[tracer]
[2026-03-05 13:08:02,393] <tracer> DEBUG tasks  - Finished task[tracer] in 1 ms
[2026-03-05 13:08:03,742] <ble_state_check> DEBUG tasks  - Started task[ble_state_check]
[2026-03-05 13:08:03,743] <ble_state_check> DEBUG tasks  - Finished task[ble_state_check] in 0 ms
[2026-03-05 13:08:05,080] <wifi-connection-events-flush> DEBUG tasks  - Started task[wifi-connection-events-flush]
[2026-03-05 13:08:05,081] <wifi-connection-events-flush> DEBUG tasks  - Finished task[wifi-connection-events-flush] in 1 ms
[2026-03-05 13:08:06,059] <device-state-check> DEBUG tasks  - Started task[device-state-check]
[2026-03-05 13:08:06,060] <device-state-check> DEBUG tasks  - Finished task[device-state-check] in 1 ms
[2026-03-05 13:08:07,393] <tracer> DEBUG tasks  - Started task[tracer]
[2026-03-05 13:08:07,394] <tracer> DEBUG tasks  - Finished task[tracer] in 1 ms
[2026-03-05 13:08:08,205] <wss-connection> DEBUG tasks  - Started task[wss-connection]
[2026-03-05 13:08:08,206] <wss-connection> DEBUG tasks  - Finished task[wss-connection] in 1 ms
[2026-03-05 13:08:08,245] <stamgr> DEBUG tasks  - Started task[stamgr]
[2026-03-05 13:08:08,294] <stamgr> DEBUG tasks  - Finished task[stamgr] in 49 ms
[2026-03-05 13:08:08,744] <ble_state_check> DEBUG tasks  - Started task[ble_state_check]
[2026-03-05 13:08:08,744] <ble_state_check> DEBUG tasks  - Finished task[ble_state_check] in 0 ms
[2026-03-05 13:08:08,834] <webrtc-connection> DEBUG tasks  - Started task[webrtc-connection]
[2026-03-05 13:08:08,835] <webrtc-connection> DEBUG tasks  - Finished task[webrtc-connection] in 1 ms
[2026-03-05 13:08:12,394] <tracer> DEBUG tasks  - Started task[tracer]
[2026-03-05 13:08:12,395] <tracer> DEBUG tasks  - Finished task[tracer] in 1 ms
[2026-03-05 13:08:13,223] <facebook-wifi-token-validation> DEBUG tasks  - Started task[facebook-wifi-token-validation]
[2026-03-05 13:08:13,224] <facebook-wifi-token-validation> DEBUG tasks  - Finished task[facebook-wifi-token-validation] in 1 ms
[2026-03-05 13:08:13,252] <ips-alert-caching> DEBUG tasks  - Started task[ips-alert-caching]
[2026-03-05 13:08:13,252] <ips-alert-caching> DEBUG tasks  - Finished task[ips-alert-caching] in 0 ms
[2026-03-05 13:08:13,745] <ble_state_check> DEBUG tasks  - Started task[ble_state_check]
[2026-03-05 13:08:13,745] <ble_state_check> DEBUG tasks  - Finished task[ble_state_check] in 0 ms
[2026-03-05 13:08:17,395] <tracer> DEBUG tasks  - Started task[tracer]
[2026-03-05 13:08:17,395] <tracer> DEBUG tasks  - Finished task[tracer] in 0 ms
[2026-03-05 13:08:18,745] <ble_state_check> DEBUG tasks  - Started task[ble_state_check]
[2026-03-05 13:08:18,746] <ble_state_check> DEBUG tasks  - Finished task[ble_state_check] in 1 ms
[2026-03-05 13:08:22,396] <tracer> DEBUG tasks  - Started task[tracer]
[2026-03-05 13:08:22,396] <tracer> DEBUG tasks  - Finished task[tracer] in 0 ms
[2026-03-05 13:08:23,746] <ble_state_check> DEBUG tasks  - Started task[ble_state_check]
[2026-03-05 13:08:23,747] <ble_state_check> DEBUG tasks  - Finished task[ble_state_check] in 1 ms
[2026-03-05 13:08:26,048] <device-connect-incidents> DEBUG tasks  - Started task[device-connect-incidents]
[2026-03-05 13:08:26,048] <device-connect-incidents> DEBUG tasks  - Finished task[device-connect-incidents] in 0 ms
[2026-03-05 13:08:27,396] <tracer> DEBUG tasks  - Started task[tracer]
[2026-03-05 13:08:27,397] <tracer> DEBUG tasks  - Finished task[tracer] in 1 ms
[2026-03-05 13:08:28,182] <ble_bridge_discovery> DEBUG tasks  - Started task[ble_bridge_discovery]
[2026-03-05 13:08:28,183] <ble_bridge_discovery> DEBUG tasks  - Finished task[ble_bridge_discovery] in 1 ms
[2026-03-05 13:08:28,237] <lte-device-license-check> DEBUG tasks  - Started task[lte-device-license-check]
[2026-03-05 13:08:28,238] <lte-device-license-check> DEBUG tasks  - Finished task[lte-device-license-check] in 1 ms
[2026-03-05 13:08:28,747] <ble_state_check> DEBUG tasks  - Started task[ble_state_check]
[2026-03-05 13:08:28,747] <ble_state_check> DEBUG tasks  - Finished task[ble_state_check] in 0 ms
[2026-03-05 13:08:32,398] <tracer> DEBUG tasks  - Started task[tracer]
[2026-03-05 13:08:32,398] <tracer> DEBUG tasks  - Finished task[tracer] in 0 ms
[2026-03-05 13:08:33,747] <ble_state_check> DEBUG tasks  - Started task[ble_state_check]
[2026-03-05 13:08:33,748] <ble_state_check> DEBUG tasks  - Finished task[ble_state_check] in 1 ms
[2026-03-05 13:08:37,398] <tracer> DEBUG tasks  - Started task[tracer]
[2026-03-05 13:08:37,398] <tracer> DEBUG tasks  - Finished task[tracer] in 0 ms
[2026-03-05 13:08:38,748] <ble_state_check> DEBUG tasks  - Started task[ble_state_check]
[2026-03-05 13:08:38,748] <ble_state_check> DEBUG tasks  - Finished task[ble_state_check] in 0 ms
[2026-03-05 13:08:42,399] <tracer> DEBUG tasks  - Started task[tracer]
[2026-03-05 13:08:42,399] <tracer> DEBUG tasks  - Finished task[tracer] in 0 ms
[2026-03-05 13:08:43,749] <ble_state_check> DEBUG tasks  - Started task[ble_state_check]
[2026-03-05 13:08:43,749] <ble_state_check> DEBUG tasks  - Finished task[ble_state_check] in 0 ms
[2026-03-05 13:08:47,400] <tracer> DEBUG tasks  - Started task[tracer]
[2026-03-05 13:08:47,401] <tracer> DEBUG tasks  - Finished task[tracer] in 1 ms
[2026-03-05 13:08:48,749] <ble_state_check> DEBUG tasks  - Started task[ble_state_check]
[2026-03-05 13:08:48,750] <ble_state_check> DEBUG tasks  - Finished task[ble_state_check] in 1 ms
[2026-03-05 13:08:52,401] <tracer> DEBUG tasks  - Started task[tracer]
[2026-03-05 13:08:52,401] <tracer> DEBUG tasks  - Finished task[tracer] in 0 ms
[2026-03-05 13:08:53,750] <ble_state_check> DEBUG tasks  - Started task[ble_state_check]
[2026-03-05 13:08:53,750] <ble_state_check> DEBUG tasks  - Finished task[ble_state_check] in 0 ms
[2026-03-05 13:08:56,049] <device-connect-incidents> DEBUG tasks  - Started task[device-connect-incidents]
[2026-03-05 13:08:56,049] <device-connect-incidents> DEBUG tasks  - Finished task[device-connect-incidents] in 0 ms
[2026-03-05 13:08:56,311] <duplicate-ip-service> DEBUG tasks  - Started task[duplicate-ip-service]
[2026-03-05 13:08:56,312] <duplicate-ip-service> DEBUG tasks  - Finished task[duplicate-ip-service] in 1 ms
[2026-03-05 13:08:57,402] <tracer> DEBUG tasks  - Started task[tracer]
[2026-03-05 13:08:57,402] <tracer> DEBUG tasks  - Finished task[tracer] in 0 ms
[2026-03-05 13:08:58,119] <autolink-registry-flush> DEBUG tasks  - Started task[autolink-registry-flush]
[2026-03-05 13:08:58,119] <autolink-registry-flush> DEBUG tasks  - Finished task[autolink-registry-flush] in 0 ms
[2026-03-05 13:08:58,143] <live-performance-analytics> DEBUG tasks  - Started task[live-performance-analytics]
[2026-03-05 13:08:58,143] <live-performance-analytics> DEBUG tasks  - Finished task[live-performance-analytics] in 0 ms
[2026-03-05 13:08:58,143] <trigger-throttling-cache-flush> DEBUG tasks  - Started task[trigger-throttling-cache-flush]
[2026-03-05 13:08:58,144] <trigger-throttling-cache-flush> DEBUG tasks  - Finished task[trigger-throttling-cache-flush] in 1 ms
[2026-03-05 13:08:58,185] <ble_bridge_discovery> DEBUG tasks  - Started task[ble_bridge_discovery]
[2026-03-05 13:08:58,185] <ble_bridge_discovery> DEBUG tasks  - Finished task[ble_bridge_discovery] in 0 ms
[2026-03-05 13:08:58,202] <sdn-connection> DEBUG tasks  - Started task[sdn-connection]
[2026-03-05 13:08:58,202] <sdn-connection> DEBUG tasks  - Finished task[sdn-connection] in 0 ms
[2026-03-05 13:08:58,220] <cache> DEBUG tasks  - Started task[cache]
[2026-03-05 13:08:58,221] <cache> DEBUG tasks  - Finished task[cache] in 1 ms
[2026-03-05 13:08:58,279] <check-network-interfaces> DEBUG tasks  - Started task[check-network-interfaces]
[2026-03-05 13:08:58,280] <check-network-interfaces> DEBUG tasks  - Finished task[check-network-interfaces] in 1 ms
[2026-03-05 13:08:58,751] <ble_state_check> DEBUG tasks  - Started task[ble_state_check]
[2026-03-05 13:08:58,751] <ble_state_check> DEBUG tasks  - Finished task[ble_state_check] in 0 ms
[2026-03-05 13:09:02,403] <tracer> DEBUG tasks  - Started task[tracer]
[2026-03-05 13:09:02,403] <tracer> DEBUG tasks  - Finished task[tracer] in 0 ms
[2026-03-05 13:09:03,751] <ble_state_check> DEBUG tasks  - Started task[ble_state_check]
[2026-03-05 13:09:03,752] <ble_state_check> DEBUG tasks  - Finished task[ble_state_check] in 1 ms
[2026-03-05 13:09:06,061] <device-state-check> DEBUG tasks  - Started task[device-state-check]
[2026-03-05 13:09:06,061] <device-state-check> DEBUG tasks  - Finished task[device-state-check] in 0 ms
[2026-03-05 13:09:07,404] <tracer> DEBUG tasks  - Started task[tracer]
[2026-03-05 13:09:07,405] <tracer> DEBUG tasks  - Finished task[tracer] in 1 ms
[2026-03-05 13:09:08,295] <stamgr> DEBUG tasks  - Started task[stamgr]
[2026-03-05 13:09:08,295] <stamgr> DEBUG tasks  - Finished task[stamgr] in 0 ms
[2026-03-05 13:09:08,752] <ble_state_check> DEBUG tasks  - Started task[ble_state_check]
[2026-03-05 13:09:08,752] <ble_state_check> DEBUG tasks  - Finished task[ble_state_check] in 0 ms
[2026-03-05 13:09:08,835] <webrtc-connection> DEBUG tasks  - Started task[webrtc-connection]
[2026-03-05 13:09:08,835] <webrtc-connection> DEBUG tasks  - Finished task[webrtc-connection] in 0 ms
[2026-03-05 13:09:12,405] <tracer> DEBUG tasks  - Started task[tracer]
[2026-03-05 13:09:12,405] <tracer> DEBUG tasks  - Finished task[tracer] in 0 ms
[2026-03-05 13:09:13,753] <ble_state_check> DEBUG tasks  - Started task[ble_state_check]
[2026-03-05 13:09:13,753] <ble_state_check> DEBUG tasks  - Finished task[ble_state_check] in 1 ms
[2026-03-05 13:09:17,406] <tracer> DEBUG tasks  - Started task[tracer]
[2026-03-05 13:09:17,406] <tracer> DEBUG tasks  - Finished task[tracer] in 1 ms
[2026-03-05 13:09:18,753] <ble_state_check> DEBUG tasks  - Started task[ble_state_check]
[2026-03-05 13:09:18,753] <ble_state_check> DEBUG tasks  - Finished task[ble_state_check] in 0 ms
[2026-03-05 13:09:22,406] <tracer> DEBUG tasks  - Started task[tracer]
[2026-03-05 13:09:22,407] <tracer> DEBUG tasks  - Finished task[tracer] in 1 ms
[2026-03-05 13:09:23,754] <ble_state_check> DEBUG tasks  - Started task[ble_state_check]
[2026-03-05 13:09:23,754] <ble_state_check> DEBUG tasks  - Finished task[ble_state_check] in 0 ms
[2026-03-05 13:09:26,050] <device-connect-incidents> DEBUG tasks  - Started task[device-connect-incidents]
[2026-03-05 13:09:26,050] <device-connect-incidents> DEBUG tasks  - Finished task[device-connect-incidents] in 0 ms
[2026-03-05 13:09:27,407] <tracer> DEBUG tasks  - Started task[tracer]
[2026-03-05 13:09:27,407] <tracer> DEBUG tasks  - Finished task[tracer] in 0 ms
[2026-03-05 13:09:28,185] <ble_bridge_discovery> DEBUG tasks  - Started task[ble_bridge_discovery]
[2026-03-05 13:09:28,186] <ble_bridge_discovery> DEBUG tasks  - Finished task[ble_bridge_discovery] in 1 ms
[2026-03-05 13:09:28,755] <ble_state_check> DEBUG tasks  - Started task[ble_state_check]
[2026-03-05 13:09:28,755] <ble_state_check> DEBUG tasks  - Finished task[ble_state_check] in 1 ms
[2026-03-05 13:09:32,408] <tracer> DEBUG tasks  - Started task[tracer]
[2026-03-05 13:09:32,408] <tracer> DEBUG tasks  - Finished task[tracer] in 0 ms
[2026-03-05 13:09:33,755] <ble_state_check> DEBUG tasks  - Started task[ble_state_check]
[2026-03-05 13:09:33,755] <ble_state_check> DEBUG tasks  - Finished task[ble_state_check] in 0 ms
[2026-03-05 13:09:37,408] <tracer> DEBUG tasks  - Started task[tracer]
[2026-03-05 13:09:37,409] <tracer> DEBUG tasks  - Finished task[tracer] in 1 ms
[2026-03-05 13:09:38,756] <ble_state_check> DEBUG tasks  - Started task[ble_state_check]
[2026-03-05 13:09:38,756] <ble_state_check> DEBUG tasks  - Finished task[ble_state_check] in 0 ms
[2026-03-05 13:09:42,410] <tracer> DEBUG tasks  - Started task[tracer]
[2026-03-05 13:09:42,410] <tracer> DEBUG tasks  - Finished task[tracer] in 0 ms
[2026-03-05 13:09:43,756] <ble_state_check> DEBUG tasks  - Started task[ble_state_check]
[2026-03-05 13:09:43,757] <ble_state_check> DEBUG tasks  - Finished task[ble_state_check] in 1 ms
[2026-03-05 13:09:47,413] <tracer> DEBUG tasks  - Started task[tracer]
[2026-03-05 13:09:47,413] <tracer> DEBUG tasks  - Finished task[tracer] in 0 ms
[2026-03-05 13:09:48,757] <ble_state_check> DEBUG tasks  - Started task[ble_state_check]
[2026-03-05 13:09:48,758] <ble_state_check> DEBUG tasks  - Finished task[ble_state_check] in 1 ms
[2026-03-05 13:09:52,414] <tracer> DEBUG tasks  - Started task[tracer]
[2026-03-05 13:09:52,414] <tracer> DEBUG tasks  - Finished task[tracer] in 0 ms
[2026-03-05 13:09:53,758] <ble_state_check> DEBUG tasks  - Started task[ble_state_check]
[2026-03-05 13:09:53,758] <ble_state_check> DEBUG tasks  - Finished task[ble_state_check] in 0 ms
[2026-03-05 13:09:56,051] <device-connect-incidents> DEBUG tasks  - Started task[device-connect-incidents]
[2026-03-05 13:09:56,051] <device-connect-incidents> DEBUG tasks  - Finished task[device-connect-incidents] in 0 ms
[2026-03-05 13:09:56,052] <downtime-clean-tseries> DEBUG tasks  - Started task[downtime-clean-tseries]
[2026-03-05 13:09:56,058] <downtime-clean-tseries> DEBUG tasks  - Finished task[downtime-clean-tseries] in 6 ms
[2026-03-05 13:09:56,313] <duplicate-ip-service> DEBUG tasks  - Started task[duplicate-ip-service]
[2026-03-05 13:09:56,313] <duplicate-ip-service> DEBUG tasks  - Finished task[duplicate-ip-service] in 0 ms
[2026-03-05 13:09:57,415] <tracer> DEBUG tasks  - Started task[tracer]
[2026-03-05 13:09:57,415] <tracer> DEBUG tasks  - Finished task[tracer] in 0 ms
[2026-03-05 13:09:58,119] <autolink-registry-flush> DEBUG tasks  - Started task[autolink-registry-flush]
[2026-03-05 13:09:58,120] <autolink-registry-flush> DEBUG tasks  - Finished task[autolink-registry-flush] in 1 ms
[2026-03-05 13:09:58,144] <live-performance-analytics> DEBUG tasks  - Started task[live-performance-analytics]
[2026-03-05 13:09:58,144] <live-performance-analytics> DEBUG tasks  - Finished task[live-performance-analytics] in 0 ms
[2026-03-05 13:09:58,145] <trigger-throttling-cache-flush> DEBUG tasks  - Started task[trigger-throttling-cache-flush]
[2026-03-05 13:09:58,145] <trigger-throttling-cache-flush> DEBUG tasks  - Finished task[trigger-throttling-cache-flush] in 0 ms
[2026-03-05 13:09:58,186] <ble_bridge_discovery> DEBUG tasks  - Started task[ble_bridge_discovery]
[2026-03-05 13:09:58,186] <ble_bridge_discovery> DEBUG tasks  - Finished task[ble_bridge_discovery] in 0 ms
[2026-03-05 13:09:58,280] <check-network-interfaces> DEBUG tasks  - Started task[check-network-interfaces]
[2026-03-05 13:09:58,282] <check-network-interfaces> DEBUG tasks  - Finished task[check-network-interfaces] in 2 ms
[2026-03-05 13:09:58,759] <ble_state_check> DEBUG tasks  - Started task[ble_state_check]
[2026-03-05 13:09:58,759] <ble_state_check> DEBUG tasks  - Finished task[ble_state_check] in 0 ms
[2026-03-05 13:10:02,416] <tracer> DEBUG tasks  - Started task[tracer]
[2026-03-05 13:10:02,416] <tracer> DEBUG tasks  - Finished task[tracer] in 0 ms
[2026-03-05 13:10:03,759] <ble_state_check> DEBUG tasks  - Started task[ble_state_check]
[2026-03-05 13:10:03,760] <ble_state_check> DEBUG tasks  - Finished task[ble_state_check] in 1 ms
[2026-03-05 13:10:06,062] <device-state-check> DEBUG tasks  - Started task[device-state-check]
[2026-03-05 13:10:06,062] <device-state-check> DEBUG tasks  - Finished task[device-state-check] in 0 ms
[2026-03-05 13:10:07,417] <tracer> DEBUG tasks  - Started task[tracer]
[2026-03-05 13:10:07,417] <tracer> DEBUG tasks  - Finished task[tracer] in 0 ms
[2026-03-05 13:10:08,295] <stamgr> DEBUG tasks  - Started task[stamgr]
[2026-03-05 13:10:08,296] <stamgr> DEBUG tasks  - Finished task[stamgr] in 1 ms
[2026-03-05 13:10:08,762] <ble_state_check> DEBUG tasks  - Started task[ble_state_check]
[2026-03-05 13:10:08,766] <ble_state_check> DEBUG tasks  - Finished task[ble_state_check] in 5 ms
[2026-03-05 13:10:08,836] <webrtc-connection> DEBUG tasks  - Started task[webrtc-connection]
[2026-03-05 13:10:08,836] <webrtc-connection> DEBUG tasks  - Finished task[webrtc-connection] in 0 ms
[2026-03-05 13:10:12,417] <tracer> DEBUG tasks  - Started task[tracer]
[2026-03-05 13:10:12,418] <tracer> DEBUG tasks  - Finished task[tracer] in 1 ms
[2026-03-05 13:10:13,766] <ble_state_check> DEBUG tasks  - Started task[ble_state_check]
[2026-03-05 13:10:13,766] <ble_state_check> DEBUG tasks  - Finished task[ble_state_check] in 0 ms
[2026-03-05 13:10:17,419] <tracer> DEBUG tasks  - Started task[tracer]
[2026-03-05 13:10:17,419] <tracer> DEBUG tasks  - Finished task[tracer] in 1 ms
[2026-03-05 13:10:18,767] <ble_state_check> DEBUG tasks  - Started task[ble_state_check]
[2026-03-05 13:10:18,767] <ble_state_check> DEBUG tasks  - Finished task[ble_state_check] in 0 ms
[2026-03-05 13:10:22,419] <tracer> DEBUG tasks  - Started task[tracer]
[2026-03-05 13:10:22,419] <tracer> DEBUG tasks  - Finished task[tracer] in 0 ms
[2026-03-05 13:10:23,767] <ble_state_check> DEBUG tasks  - Started task[ble_state_check]
[2026-03-05 13:10:23,768] <ble_state_check> DEBUG tasks  - Finished task[ble_state_check] in 1 ms
[2026-03-05 13:10:26,052] <device-connect-incidents> DEBUG tasks  - Started task[device-connect-incidents]
[2026-03-05 13:10:26,052] <device-connect-incidents> DEBUG tasks  - Finished task[device-connect-incidents] in 0 ms
[2026-03-05 13:10:27,420] <tracer> DEBUG tasks  - Started task[tracer]
[2026-03-05 13:10:27,420] <tracer> DEBUG tasks  - Finished task[tracer] in 0 ms
[2026-03-05 13:10:28,187] <ble_bridge_discovery> DEBUG tasks  - Started task[ble_bridge_discovery]
[2026-03-05 13:10:28,187] <ble_bridge_discovery> DEBUG tasks  - Finished task[ble_bridge_discovery] in 0 ms
[2026-03-05 13:10:28,768] <ble_state_check> DEBUG tasks  - Started task[ble_state_check]
[2026-03-05 13:10:28,768] <ble_state_check> DEBUG tasks  - Finished task[ble_state_check] in 0 ms
[2026-03-05 13:10:32,420] <tracer> DEBUG tasks  - Started task[tracer]
[2026-03-05 13:10:32,420] <tracer> DEBUG tasks  - Finished task[tracer] in 0 ms
[2026-03-05 13:10:33,769] <ble_state_check> DEBUG tasks  - Started task[ble_state_check]
[2026-03-05 13:10:33,769] <ble_state_check> DEBUG tasks  - Finished task[ble_state_check] in 0 ms
[2026-03-05 13:10:37,421] <tracer> DEBUG tasks  - Started task[tracer]
[2026-03-05 13:10:37,421] <tracer> DEBUG tasks  - Finished task[tracer] in 0 ms
[2026-03-05 13:10:38,769] <ble_state_check> DEBUG tasks  - Started task[ble_state_check]
[2026-03-05 13:10:38,769] <ble_state_check> DEBUG tasks  - Finished task[ble_state_check] in 0 ms
[2026-03-05 13:10:42,421] <tracer> DEBUG tasks  - Started task[tracer]
[2026-03-05 13:10:42,421] <tracer> DEBUG tasks  - Finished task[tracer] in 0 ms
[2026-03-05 13:10:43,770] <ble_state_check> DEBUG tasks  - Started task[ble_state_check]
[2026-03-05 13:10:43,770] <ble_state_check> DEBUG tasks  - Finished task[ble_state_check] in 0 ms
[2026-03-05 13:10:47,422] <tracer> DEBUG tasks  - Started task[tracer]
[2026-03-05 13:10:47,422] <tracer> DEBUG tasks  - Finished task[tracer] in 0 ms
[2026-03-05 13:10:48,771] <ble_state_check> DEBUG tasks  - Started task[ble_state_check]
[2026-03-05 13:10:48,771] <ble_state_check> DEBUG tasks  - Finished task[ble_state_check] in 0 ms
[2026-03-05 13:10:52,422] <tracer> DEBUG tasks  - Started task[tracer]
[2026-03-05 13:10:52,423] <tracer> DEBUG tasks  - Finished task[tracer] in 1 ms
[2026-03-05 13:10:53,774] <ble_state_check> DEBUG tasks  - Started task[ble_state_check]
[2026-03-05 13:10:53,775] <ble_state_check> DEBUG tasks  - Finished task[ble_state_check] in 1 ms
[2026-03-05 13:10:56,053] <device-connect-incidents> DEBUG tasks  - Started task[device-connect-incidents]
[2026-03-05 13:10:56,053] <device-connect-incidents> DEBUG tasks  - Finished task[device-connect-incidents] in 0 ms
[2026-03-05 13:10:56,314] <duplicate-ip-service> DEBUG tasks  - Started task[duplicate-ip-service]
[2026-03-05 13:10:56,315] <duplicate-ip-service> DEBUG tasks  - Finished task[duplicate-ip-service] in 1 ms
[2026-03-05 13:10:57,426] <tracer> DEBUG tasks  - Started task[tracer]
[2026-03-05 13:10:57,426] <tracer> DEBUG tasks  - Finished task[tracer] in 0 ms
[2026-03-05 13:10:58,120] <autolink-registry-flush> DEBUG tasks  - Started task[autolink-registry-flush]
[2026-03-05 13:10:58,121] <autolink-registry-flush> DEBUG tasks  - Finished task[autolink-registry-flush] in 1 ms
[2026-03-05 13:10:58,144] <live-performance-analytics> DEBUG tasks  - Started task[live-performance-analytics]
[2026-03-05 13:10:58,145] <live-performance-analytics> DEBUG tasks  - Finished task[live-performance-analytics] in 1 ms
[2026-03-05 13:10:58,145] <trigger-throttling-cache-flush> DEBUG tasks  - Started task[trigger-throttling-cache-flush]
[2026-03-05 13:10:58,145] <trigger-throttling-cache-flush> DEBUG tasks  - Finished task[trigger-throttling-cache-flush] in 0 ms
[2026-03-05 13:10:58,188] <ble_bridge_discovery> DEBUG tasks  - Started task[ble_bridge_discovery]
[2026-03-05 13:10:58,188] <ble_bridge_discovery> DEBUG tasks  - Finished task[ble_bridge_discovery] in 1 ms
[2026-03-05 13:10:58,282] <check-network-interfaces> DEBUG tasks  - Started task[check-network-interfaces]
[2026-03-05 13:10:58,283] <check-network-interfaces> DEBUG tasks  - Finished task[check-network-interfaces] in 1 ms
[2026-03-05 13:10:58,775] <ble_state_check> DEBUG tasks  - Started task[ble_state_check]
[2026-03-05 13:10:58,775] <ble_state_check> DEBUG tasks  - Finished task[ble_state_check] in 0 ms
[2026-03-05 13:11:02,427] <tracer> DEBUG tasks  - Started task[tracer]
[2026-03-05 13:11:02,427] <tracer> DEBUG tasks  - Finished task[tracer] in 0 ms
[2026-03-05 13:11:03,776] <ble_state_check> DEBUG tasks  - Started task[ble_state_check]
[2026-03-05 13:11:03,776] <ble_state_check> DEBUG tasks  - Finished task[ble_state_check] in 0 ms
[2026-03-05 13:11:06,063] <device-state-check> DEBUG tasks  - Started task[device-state-check]
[2026-03-05 13:11:06,063] <device-state-check> DEBUG tasks  - Finished task[device-state-check] in 0 ms
[2026-03-05 13:11:07,428] <tracer> DEBUG tasks  - Started task[tracer]
[2026-03-05 13:11:07,428] <tracer> DEBUG tasks  - Finished task[tracer] in 0 ms
[2026-03-05 13:11:08,296] <stamgr> DEBUG tasks  - Started task[stamgr]
[2026-03-05 13:11:08,296] <stamgr> DEBUG tasks  - Finished task[stamgr] in 0 ms
[2026-03-05 13:11:08,776] <ble_state_check> DEBUG tasks  - Started task[ble_state_check]
[2026-03-05 13:11:08,776] <ble_state_check> DEBUG tasks  - Finished task[ble_state_check] in 0 ms
[2026-03-05 13:11:08,836] <webrtc-connection> DEBUG tasks  - Started task[webrtc-connection]
[2026-03-05 13:11:08,837] <webrtc-connection> DEBUG tasks  - Finished task[webrtc-connection] in 1 ms
[2026-03-05 13:11:12,428] <tracer> DEBUG tasks  - Started task[tracer]
[2026-03-05 13:11:12,429] <tracer> DEBUG tasks  - Finished task[tracer] in 1 ms
[2026-03-05 13:11:13,777] <ble_state_check> DEBUG tasks  - Started task[ble_state_check]
[2026-03-05 13:11:13,777] <ble_state_check> DEBUG tasks  - Finished task[ble_state_check] in 0 ms
[2026-03-05 13:11:17,429] <tracer> DEBUG tasks  - Started task[tracer]
[2026-03-05 13:11:17,430] <tracer> DEBUG tasks  - Finished task[tracer] in 1 ms
[2026-03-05 13:11:18,777] <ble_state_check> DEBUG tasks  - Started task[ble_state_check]
[2026-03-05 13:11:18,778] <ble_state_check> DEBUG tasks  - Finished task[ble_state_check] in 1 ms
[2026-03-05 13:11:22,430] <tracer> DEBUG tasks  - Started task[tracer]
[2026-03-05 13:11:22,430] <tracer> DEBUG tasks  - Finished task[tracer] in 0 ms
[2026-03-05 13:11:23,779] <ble_state_check> DEBUG tasks  - Started task[ble_state_check]
[2026-03-05 13:11:23,779] <ble_state_check> DEBUG tasks  - Finished task[ble_state_check] in 0 ms
[2026-03-05 13:11:26,053] <device-connect-incidents> DEBUG tasks  - Started task[device-connect-incidents]
[2026-03-05 13:11:26,054] <device-connect-incidents> DEBUG tasks  - Finished task[device-connect-incidents] in 1 ms
[2026-03-05 13:11:27,431] <tracer> DEBUG tasks  - Started task[tracer]
[2026-03-05 13:11:27,431] <tracer> DEBUG tasks  - Finished task[tracer] in 0 ms
[2026-03-05 13:11:28,188] <ble_bridge_discovery> DEBUG tasks  - Started task[ble_bridge_discovery]
[2026-03-05 13:11:28,189] <ble_bridge_discovery> DEBUG tasks  - Finished task[ble_bridge_discovery] in 1 ms
[2026-03-05 13:11:28,779] <ble_state_check> DEBUG tasks  - Started task[ble_state_check]
[2026-03-05 13:11:28,779] <ble_state_check> DEBUG tasks  - Finished task[ble_state_check] in 0 ms
[2026-03-05 13:11:32,432] <tracer> DEBUG tasks  - Started task[tracer]
[2026-03-05 13:11:32,432] <tracer> DEBUG tasks  - Finished task[tracer] in 0 ms
[2026-03-05 13:11:33,780] <ble_state_check> DEBUG tasks  - Started task[ble_state_check]
[2026-03-05 13:11:33,780] <ble_state_check> DEBUG tasks  - Finished task[ble_state_check] in 0 ms
[2026-03-05 13:11:37,432] <tracer> DEBUG tasks  - Started task[tracer]
[2026-03-05 13:11:37,433] <tracer> DEBUG tasks  - Finished task[tracer] in 1 ms
[2026-03-05 13:11:38,780] <ble_state_check> DEBUG tasks  - Started task[ble_state_check]
[2026-03-05 13:11:38,781] <ble_state_check> DEBUG tasks  - Finished task[ble_state_check] in 1 ms
[2026-03-05 13:11:42,433] <tracer> DEBUG tasks  - Started task[tracer]
[2026-03-05 13:11:42,433] <tracer> DEBUG tasks  - Finished task[tracer] in 0 ms
[2026-03-05 13:11:43,781] <ble_state_check> DEBUG tasks  - Started task[ble_state_check]
[2026-03-05 13:11:43,781] <ble_state_check> DEBUG tasks  - Finished task[ble_state_check] in 0 ms
[2026-03-05 13:11:47,434] <tracer> DEBUG tasks  - Started task[tracer]
[2026-03-05 13:11:47,434] <tracer> DEBUG tasks  - Finished task[tracer] in 0 ms
[2026-03-05 13:11:48,782] <ble_state_check> DEBUG tasks  - Started task[ble_state_check]
[2026-03-05 13:11:48,782] <ble_state_check> DEBUG tasks  - Finished task[ble_state_check] in 0 ms
[2026-03-05 13:11:52,434] <tracer> DEBUG tasks  - Started task[tracer]
[2026-03-05 13:11:52,435] <tracer> DEBUG tasks  - Finished task[tracer] in 1 ms
[2026-03-05 13:11:53,782] <ble_state_check> DEBUG tasks  - Started task[ble_state_check]
[2026-03-05 13:11:53,783] <ble_state_check> DEBUG tasks  - Finished task[ble_state_check] in 1 ms
[2026-03-05 13:11:56,056] <device-connect-incidents> DEBUG tasks  - Started task[device-connect-incidents]
[2026-03-05 13:11:56,056] <device-connect-incidents> DEBUG tasks  - Finished task[device-connect-incidents] in 0 ms
[2026-03-05 13:11:56,315] <duplicate-ip-service> DEBUG tasks  - Started task[duplicate-ip-service]
[2026-03-05 13:11:56,316] <duplicate-ip-service> DEBUG tasks  - Finished task[duplicate-ip-service] in 1 ms
[2026-03-05 13:11:57,435] <tracer> DEBUG tasks  - Started task[tracer]
[2026-03-05 13:11:57,435] <tracer> DEBUG tasks  - Finished task[tracer] in 0 ms
[2026-03-05 13:11:58,121] <autolink-registry-flush> DEBUG tasks  - Started task[autolink-registry-flush]
[2026-03-05 13:11:58,121] <autolink-registry-flush> DEBUG tasks  - Finished task[autolink-registry-flush] in 0 ms
[2026-03-05 13:11:58,145] <live-performance-analytics> DEBUG tasks  - Started task[live-performance-analytics]
[2026-03-05 13:11:58,145] <live-performance-analytics> DEBUG tasks  - Finished task[live-performance-analytics] in 0 ms
[2026-03-05 13:11:58,146] <trigger-throttling-cache-flush> DEBUG tasks  - Started task[trigger-throttling-cache-flush]
[2026-03-05 13:11:58,146] <trigger-throttling-cache-flush> DEBUG tasks  - Finished task[trigger-throttling-cache-flush] in 0 ms
[2026-03-05 13:11:58,190] <ble_bridge_discovery> DEBUG tasks  - Started task[ble_bridge_discovery]
[2026-03-05 13:11:58,190] <ble_bridge_discovery> DEBUG tasks  - Finished task[ble_bridge_discovery] in 0 ms
[2026-03-05 13:11:58,283] <check-network-interfaces> DEBUG tasks  - Started task[check-network-interfaces]
[2026-03-05 13:11:58,284] <check-network-interfaces> DEBUG tasks  - Finished task[check-network-interfaces] in 1 ms
[2026-03-05 13:11:58,783] <ble_state_check> DEBUG tasks  - Started task[ble_state_check]
[2026-03-05 13:11:58,784] <ble_state_check> DEBUG tasks  - Finished task[ble_state_check] in 1 ms
[2026-03-05 13:12:02,436] <tracer> DEBUG tasks  - Started task[tracer]
[2026-03-05 13:12:02,437] <tracer> DEBUG tasks  - Finished task[tracer] in 1 ms
[2026-03-05 13:12:03,784] <ble_state_check> DEBUG tasks  - Started task[ble_state_check]
[2026-03-05 13:12:03,784] <ble_state_check> DEBUG tasks  - Finished task[ble_state_check] in 0 ms
[2026-03-05 13:12:06,063] <device-state-check> DEBUG tasks  - Started task[device-state-check]
[2026-03-05 13:12:06,064] <device-state-check> DEBUG tasks  - Finished task[device-state-check] in 1 ms
[2026-03-05 13:12:07,438] <tracer> DEBUG tasks  - Started task[tracer]
[2026-03-05 13:12:07,438] <tracer> DEBUG tasks  - Finished task[tracer] in 0 ms
[2026-03-05 13:12:08,297] <stamgr> DEBUG tasks  - Started task[stamgr]
[2026-03-05 13:12:08,297] <stamgr> DEBUG tasks  - Finished task[stamgr] in 0 ms
[2026-03-05 13:12:08,785] <ble_state_check> DEBUG tasks  - Started task[ble_state_check]
[2026-03-05 13:12:08,785] <ble_state_check> DEBUG tasks  - Finished task[ble_state_check] in 0 ms
[2026-03-05 13:12:08,837] <webrtc-connection> DEBUG tasks  - Started task[webrtc-connection]
[2026-03-05 13:12:08,837] <webrtc-connection> DEBUG tasks  - Finished task[webrtc-connection] in 0 ms
[2026-03-05 13:12:12,439] <tracer> DEBUG tasks  - Started task[tracer]
[2026-03-05 13:12:12,439] <tracer> DEBUG tasks  - Finished task[tracer] in 0 ms
[2026-03-05 13:12:13,785] <ble_state_check> DEBUG tasks  - Started task[ble_state_check]
[2026-03-05 13:12:13,786] <ble_state_check> DEBUG tasks  - Finished task[ble_state_check] in 1 ms
[2026-03-05 13:12:17,440] <tracer> DEBUG tasks  - Started task[tracer]
[2026-03-05 13:12:17,440] <tracer> DEBUG tasks  - Finished task[tracer] in 0 ms
[2026-03-05 13:12:18,786] <ble_state_check> DEBUG tasks  - Started task[ble_state_check]
[2026-03-05 13:12:18,786] <ble_state_check> DEBUG tasks  - Finished task[ble_state_check] in 0 ms
[2026-03-05 13:12:22,440] <tracer> DEBUG tasks  - Started task[tracer]
[2026-03-05 13:12:22,440] <tracer> DEBUG tasks  - Finished task[tracer] in 0 ms
[2026-03-05 13:12:23,787] <ble_state_check> DEBUG tasks  - Started task[ble_state_check]
[2026-03-05 13:12:23,787] <ble_state_check> DEBUG tasks  - Finished task[ble_state_check] in 1 ms
[2026-03-05 13:12:26,057] <device-connect-incidents> DEBUG tasks  - Started task[device-connect-incidents]
[2026-03-05 13:12:26,057] <device-connect-incidents> DEBUG tasks  - Finished task[device-connect-incidents] in 0 ms
[2026-03-05 13:12:27,441] <tracer> DEBUG tasks  - Started task[tracer]
[2026-03-05 13:12:27,441] <tracer> DEBUG tasks  - Finished task[tracer] in 0 ms
[2026-03-05 13:12:28,191] <ble_bridge_discovery> DEBUG tasks  - Started task[ble_bridge_discovery]
[2026-03-05 13:12:28,191] <ble_bridge_discovery> DEBUG tasks  - Finished task[ble_bridge_discovery] in 1 ms
[2026-03-05 13:12:28,787] <ble_state_check> DEBUG tasks  - Started task[ble_state_check]
[2026-03-05 13:12:28,788] <ble_state_check> DEBUG tasks  - Finished task[ble_state_check] in 1 ms
[2026-03-05 13:12:32,441] <tracer> DEBUG tasks  - Started task[tracer]
[2026-03-05 13:12:32,442] <tracer> DEBUG tasks  - Finished task[tracer] in 1 ms
[2026-03-05 13:12:33,788] <ble_state_check> DEBUG tasks  - Started task[ble_state_check]
[2026-03-05 13:12:33,788] <ble_state_check> DEBUG tasks  - Finished task[ble_state_check] in 0 ms
[2026-03-05 13:12:37,442] <tracer> DEBUG tasks  - Started task[tracer]
[2026-03-05 13:12:37,442] <tracer> DEBUG tasks  - Finished task[tracer] in 0 ms
[2026-03-05 13:12:38,789] <ble_state_check> DEBUG tasks  - Started task[ble_state_check]
[2026-03-05 13:12:38,789] <ble_state_check> DEBUG tasks  - Finished task[ble_state_check] in 0 ms
[2026-03-05 13:12:42,443] <tracer> DEBUG tasks  - Started task[tracer]
[2026-03-05 13:12:42,443] <tracer> DEBUG tasks  - Finished task[tracer] in 0 ms
[2026-03-05 13:12:43,789] <ble_state_check> DEBUG tasks  - Started task[ble_state_check]
[2026-03-05 13:12:43,790] <ble_state_check> DEBUG tasks  - Finished task[ble_state_check] in 1 ms
[2026-03-05 13:12:47,443] <tracer> DEBUG tasks  - Started task[tracer]
[2026-03-05 13:12:47,444] <tracer> DEBUG tasks  - Finished task[tracer] in 1 ms
[2026-03-05 13:12:48,790] <ble_state_check> DEBUG tasks  - Started task[ble_state_check]
[2026-03-05 13:12:48,790] <ble_state_check> DEBUG tasks  - Finished task[ble_state_check] in 0 ms
[2026-03-05 13:12:52,444] <tracer> DEBUG tasks  - Started task[tracer]
[2026-03-05 13:12:52,444] <tracer> DEBUG tasks  - Finished task[tracer] in 0 ms
[2026-03-05 13:12:53,791] <ble_state_check> DEBUG tasks  - Started task[ble_state_check]
[2026-03-05 13:12:53,791] <ble_state_check> DEBUG tasks  - Finished task[ble_state_check] in 0 ms
[2026-03-05 13:12:56,057] <device-connect-incidents> DEBUG tasks  - Started task[device-connect-incidents]
[2026-03-05 13:12:56,058] <device-connect-incidents> DEBUG tasks  - Finished task[device-connect-incidents] in 1 ms
[2026-03-05 13:12:56,316] <duplicate-ip-service> DEBUG tasks  - Started task[duplicate-ip-service]
[2026-03-05 13:12:56,317] <duplicate-ip-service> DEBUG tasks  - Finished task[duplicate-ip-service] in 1 ms
[2026-03-05 13:12:57,444] <tracer> DEBUG tasks  - Started task[tracer]
[2026-03-05 13:12:57,445] <tracer> DEBUG tasks  - Finished task[tracer] in 1 ms
[2026-03-05 13:12:58,122] <autolink-registry-flush> DEBUG tasks  - Started task[autolink-registry-flush]
[2026-03-05 13:12:58,122] <autolink-registry-flush> DEBUG tasks  - Finished task[autolink-registry-flush] in 0 ms
[2026-03-05 13:12:58,125] <cache-cleanup> DEBUG tasks  - Started task[cache-cleanup]
[2026-03-05 13:12:58,126] <cache-cleanup> DEBUG tasks  - Finished task[cache-cleanup] in 1 ms
[2026-03-05 13:12:58,146] <live-performance-analytics> DEBUG tasks  - Started task[live-performance-analytics]
[2026-03-05 13:12:58,146] <live-performance-analytics> DEBUG tasks  - Finished task[live-performance-analytics] in 0 ms
[2026-03-05 13:12:58,146] <trigger-throttling-cache-flush> DEBUG tasks  - Started task[trigger-throttling-cache-flush]
[2026-03-05 13:12:58,146] <trigger-throttling-cache-flush> DEBUG tasks  - Finished task[trigger-throttling-cache-flush] in 0 ms
[2026-03-05 13:12:58,191] <ble_bridge_discovery> DEBUG tasks  - Started task[ble_bridge_discovery]
[2026-03-05 13:12:58,191] <ble_bridge_discovery> DEBUG tasks  - Finished task[ble_bridge_discovery] in 0 ms
[2026-03-05 13:12:58,284] <check-network-interfaces> DEBUG tasks  - Started task[check-network-interfaces]
[2026-03-05 13:12:58,285] <check-network-interfaces> DEBUG tasks  - Finished task[check-network-interfaces] in 1 ms
[2026-03-05 13:12:58,792] <ble_state_check> DEBUG tasks  - Started task[ble_state_check]
[2026-03-05 13:12:58,792] <ble_state_check> DEBUG tasks  - Finished task[ble_state_check] in 0 ms
[2026-03-05 13:13:02,445] <tracer> DEBUG tasks  - Started task[tracer]
[2026-03-05 13:13:02,445] <tracer> DEBUG tasks  - Finished task[tracer] in 0 ms
[2026-03-05 13:13:03,792] <ble_state_check> DEBUG tasks  - Started task[ble_state_check]
[2026-03-05 13:13:03,793] <ble_state_check> DEBUG tasks  - Finished task[ble_state_check] in 1 ms
[2026-03-05 13:13:05,081] <wifi-connection-events-flush> DEBUG tasks  - Started task[wifi-connection-events-flush]
[2026-03-05 13:13:05,082] <wifi-connection-events-flush> DEBUG tasks  - Finished task[wifi-connection-events-flush] in 1 ms
[2026-03-05 13:13:06,064] <device-state-check> DEBUG tasks  - Started task[device-state-check]
[2026-03-05 13:13:06,066] <device-state-check> DEBUG tasks  - Finished task[device-state-check] in 2 ms
[2026-03-05 13:13:07,446] <tracer> DEBUG tasks  - Started task[tracer]
[2026-03-05 13:13:07,446] <tracer> DEBUG tasks  - Finished task[tracer] in 0 ms
[2026-03-05 13:13:08,206] <wss-connection> DEBUG tasks  - Started task[wss-connection]
[2026-03-05 13:13:08,206] <wss-connection> DEBUG tasks  - Finished task[wss-connection] in 0 ms
[2026-03-05 13:13:08,297] <stamgr> DEBUG tasks  - Started task[stamgr]
[2026-03-05 13:13:08,298] <stamgr> DEBUG tasks  - Finished task[stamgr] in 1 ms
[2026-03-05 13:13:08,793] <ble_state_check> DEBUG tasks  - Started task[ble_state_check]
[2026-03-05 13:13:08,793] <ble_state_check> DEBUG tasks  - Finished task[ble_state_check] in 0 ms
[2026-03-05 13:13:08,838] <webrtc-connection> DEBUG tasks  - Started task[webrtc-connection]
[2026-03-05 13:13:08,838] <webrtc-connection> DEBUG tasks  - Finished task[webrtc-connection] in 0 ms
[2026-03-05 13:13:12,446] <tracer> DEBUG tasks  - Started task[tracer]
[2026-03-05 13:13:12,447] <tracer> DEBUG tasks  - Finished task[tracer] in 1 ms
[2026-03-05 13:13:13,224] <facebook-wifi-token-validation> DEBUG tasks  - Started task[facebook-wifi-token-validation]
[2026-03-05 13:13:13,224] <facebook-wifi-token-validation> DEBUG tasks  - Finished task[facebook-wifi-token-validation] in 0 ms
[2026-03-05 13:13:13,253] <ips-alert-caching> DEBUG tasks  - Started task[ips-alert-caching]
[2026-03-05 13:13:13,253] <ips-alert-caching> DEBUG tasks  - Finished task[ips-alert-caching] in 0 ms
[2026-03-05 13:13:13,794] <ble_state_check> DEBUG tasks  - Started task[ble_state_check]
[2026-03-05 13:13:13,794] <ble_state_check> DEBUG tasks  - Finished task[ble_state_check] in 0 ms
[2026-03-05 13:13:17,447] <tracer> DEBUG tasks  - Started task[tracer]
[2026-03-05 13:13:17,448] <tracer> DEBUG tasks  - Finished task[tracer] in 1 ms
[2026-03-05 13:13:18,794] <ble_state_check> DEBUG tasks  - Started task[ble_state_check]
[2026-03-05 13:13:18,795] <ble_state_check> DEBUG tasks  - Finished task[ble_state_check] in 1 ms
[2026-03-05 13:13:22,448] <tracer> DEBUG tasks  - Started task[tracer]
[2026-03-05 13:13:22,448] <tracer> DEBUG tasks  - Finished task[tracer] in 0 ms
[2026-03-05 13:13:23,795] <ble_state_check> DEBUG tasks  - Started task[ble_state_check]
[2026-03-05 13:13:23,796] <ble_state_check> DEBUG tasks  - Finished task[ble_state_check] in 1 ms
[2026-03-05 13:13:26,058] <device-connect-incidents> DEBUG tasks  - Started task[device-connect-incidents]
[2026-03-05 13:13:26,059] <device-connect-incidents> DEBUG tasks  - Finished task[device-connect-incidents] in 1 ms
[2026-03-05 13:13:27,449] <tracer> DEBUG tasks  - Started task[tracer]
[2026-03-05 13:13:27,449] <tracer> DEBUG tasks  - Finished task[tracer] in 0 ms
[2026-03-05 13:13:28,192] <ble_bridge_discovery> DEBUG tasks  - Started task[ble_bridge_discovery]
[2026-03-05 13:13:28,192] <ble_bridge_discovery> DEBUG tasks  - Finished task[ble_bridge_discovery] in 0 ms
[2026-03-05 13:13:28,238] <lte-device-license-check> DEBUG tasks  - Started task[lte-device-license-check]
[2026-03-05 13:13:28,238] <lte-device-license-check> DEBUG tasks  - Finished task[lte-device-license-check] in 0 ms
[2026-03-05 13:13:28,796] <ble_state_check> DEBUG tasks  - Started task[ble_state_check]
[2026-03-05 13:13:28,796] <ble_state_check> DEBUG tasks  - Finished task[ble_state_check] in 0 ms
[2026-03-05 13:13:32,450] <tracer> DEBUG tasks  - Started task[tracer]
[2026-03-05 13:13:32,451] <tracer> DEBUG tasks  - Finished task[tracer] in 1 ms
[2026-03-05 13:13:33,797] <ble_state_check> DEBUG tasks  - Started task[ble_state_check]
[2026-03-05 13:13:33,797] <ble_state_check> DEBUG tasks  - Finished task[ble_state_check] in 0 ms
[2026-03-05 13:13:37,451] <tracer> DEBUG tasks  - Started task[tracer]
[2026-03-05 13:13:37,451] <tracer> DEBUG tasks  - Finished task[tracer] in 0 ms
[2026-03-05 13:13:38,798] <ble_state_check> DEBUG tasks  - Started task[ble_state_check]
[2026-03-05 13:13:38,798] <ble_state_check> DEBUG tasks  - Finished task[ble_state_check] in 0 ms
[2026-03-05 13:13:42,452] <tracer> DEBUG tasks  - Started task[tracer]
[2026-03-05 13:13:42,452] <tracer> DEBUG tasks  - Finished task[tracer] in 0 ms
[2026-03-05 13:13:43,799] <ble_state_check> DEBUG tasks  - Started task[ble_state_check]
[2026-03-05 13:13:43,799] <ble_state_check> DEBUG tasks  - Finished task[ble_state_check] in 0 ms
[2026-03-05 13:13:47,454] <tracer> DEBUG tasks  - Started task[tracer]
[2026-03-05 13:13:47,455] <tracer> DEBUG tasks  - Finished task[tracer] in 1 ms
[2026-03-05 13:13:48,799] <ble_state_check> DEBUG tasks  - Started task[ble_state_check]
[2026-03-05 13:13:48,799] <ble_state_check> DEBUG tasks  - Finished task[ble_state_check] in 0 ms
[2026-03-05 13:13:52,455] <tracer> DEBUG tasks  - Started task[tracer]
[2026-03-05 13:13:52,455] <tracer> DEBUG tasks  - Finished task[tracer] in 0 ms
[2026-03-05 13:13:53,800] <ble_state_check> DEBUG tasks  - Started task[ble_state_check]
[2026-03-05 13:13:53,800] <ble_state_check> DEBUG tasks  - Finished task[ble_state_check] in 0 ms
[2026-03-05 13:13:56,059] <device-connect-incidents> DEBUG tasks  - Started task[device-connect-incidents]
[2026-03-05 13:13:56,060] <device-connect-incidents> DEBUG tasks  - Finished task[device-connect-incidents] in 1 ms
[2026-03-05 13:13:56,317] <duplicate-ip-service> DEBUG tasks  - Started task[duplicate-ip-service]
[2026-03-05 13:13:56,318] <duplicate-ip-service> DEBUG tasks  - Finished task[duplicate-ip-service] in 1 ms
[2026-03-05 13:13:57,456] <tracer> DEBUG tasks  - Started task[tracer]
[2026-03-05 13:13:57,456] <tracer> DEBUG tasks  - Finished task[tracer] in 0 ms
[2026-03-05 13:13:58,123] <autolink-registry-flush> DEBUG tasks  - Started task[autolink-registry-flush]
[2026-03-05 13:13:58,123] <autolink-registry-flush> DEBUG tasks  - Finished task[autolink-registry-flush] in 1 ms
[2026-03-05 13:13:58,146] <live-performance-analytics> DEBUG tasks  - Started task[live-performance-analytics]
[2026-03-05 13:13:58,147] <live-performance-analytics> DEBUG tasks  - Finished task[live-performance-analytics] in 1 ms
[2026-03-05 13:13:58,147] <trigger-throttling-cache-flush> DEBUG tasks  - Started task[trigger-throttling-cache-flush]
[2026-03-05 13:13:58,147] <trigger-throttling-cache-flush> DEBUG tasks  - Finished task[trigger-throttling-cache-flush] in 0 ms
[2026-03-05 13:13:58,192] <ble_bridge_discovery> DEBUG tasks  - Started task[ble_bridge_discovery]
[2026-03-05 13:13:58,193] <ble_bridge_discovery> DEBUG tasks  - Finished task[ble_bridge_discovery] in 1 ms
[2026-03-05 13:13:58,221] <cache> DEBUG tasks  - Started task[cache]
[2026-03-05 13:13:58,221] <cache> DEBUG tasks  - Finished task[cache] in 0 ms
[2026-03-05 13:13:58,224] <print-time-series-cache-stats> DEBUG tasks  - Started task[print-time-series-cache-stats]
[2026-03-05 13:13:58,224] <print-time-series-cache-stats> DEBUG tasks  - Finished task[print-time-series-cache-stats] in 0 ms
[2026-03-05 13:13:58,285] <check-network-interfaces> DEBUG tasks  - Started task[check-network-interfaces]
[2026-03-05 13:13:58,287] <check-network-interfaces> DEBUG tasks  - Finished task[check-network-interfaces] in 2 ms
[2026-03-05 13:13:58,801] <ble_state_check> DEBUG tasks  - Started task[ble_state_check]
[2026-03-05 13:13:58,801] <ble_state_check> DEBUG tasks  - Finished task[ble_state_check] in 0 ms
[2026-03-05 13:14:02,457] <tracer> DEBUG tasks  - Started task[tracer]
[2026-03-05 13:14:02,457] <tracer> DEBUG tasks  - Finished task[tracer] in 0 ms
[2026-03-05 13:14:03,801] <ble_state_check> DEBUG tasks  - Started task[ble_state_check]
[2026-03-05 13:14:03,801] <ble_state_check> DEBUG tasks  - Finished task[ble_state_check] in 0 ms
[2026-03-05 13:14:06,067] <device-state-check> DEBUG tasks  - Started task[device-state-check]
[2026-03-05 13:14:06,068] <device-state-check> DEBUG tasks  - Finished task[device-state-check] in 1 ms
[2026-03-05 13:14:07,458] <tracer> DEBUG tasks  - Started task[tracer]
[2026-03-05 13:14:07,461] <tracer> DEBUG tasks  - Finished task[tracer] in 3 ms
[2026-03-05 13:14:08,298] <stamgr> DEBUG tasks  - Started task[stamgr]
[2026-03-05 13:14:08,299] <stamgr> DEBUG tasks  - Finished task[stamgr] in 1 ms
[2026-03-05 13:14:08,802] <ble_state_check> DEBUG tasks  - Started task[ble_state_check]
[2026-03-05 13:14:08,802] <ble_state_check> DEBUG tasks  - Finished task[ble_state_check] in 0 ms
[2026-03-05 13:14:08,839] <webrtc-connection> DEBUG tasks  - Started task[webrtc-connection]
[2026-03-05 13:14:08,839] <webrtc-connection> DEBUG tasks  - Finished task[webrtc-connection] in 0 ms
