2026-03-05 10:29:58,286 <30>Jan 12 01:08:22 BZ2,002722b6662b,v4.0.80.10875: logread[19411]: Logread connected to 192.168.1.133:5514
2026-03-05 10:29:58,287 <14>Jan 12 01:08:22 BZ2,002722b6662b,v4.0.80.10875: : wevent[19417]: ubnt_protocol.ubnt_usr1_handler(): Get DHCP IP
2026-03-05 10:29:58,288 <14>Jan 12 01:08:22 BZ2,002722b6662b,v4.0.80.10875: : wevent[19417]: ubnt_protocol.ubnt_usr1_handler(): my_ip is 192.168.1.20
2026-03-05 10:29:58,289 <11>Jan 12 01:08:22 BZ2,002722b6662b,v4.0.80.10875: : wevent[19417]: ubnt_protocol.ubnt_multicast_socket_init(): already drop membership
2026-03-05 10:29:58,389 <13>Jan 12 01:08:22 BZ2,002722b6662b,v4.0.80.10875: syswrapper: current time is not set yet
2026-03-05 10:29:58,452 <86>Jan 12 01:08:22 BZ2,002722b6662b,v4.0.80.10875: dropbear[19561]: Not backgrounding
2026-03-05 10:29:59,245 <14>Jan 12 01:08:23 BZ2,002722b6662b,v4.0.80.10875: : mca-monitor[19413]: mca-monitor.do_monitor(): mcad.setparam in progress, elapsed=38 (max=300)
2026-03-05 10:30:03,341 <13>Jan 12 01:08:27 BZ2,002722b6662b,v4.0.80.10875: syswrapper: hostapd update: conf=/etc/aaa3.cfg iterface=vwire2 nas_ip=192.168.1.20 res=
2026-03-05 10:30:03,386 <13>Jan 12 01:08:27 BZ2,002722b6662b,v4.0.80.10875: syswrapper: hostapd update: conf=/etc/aaa2.cfg iterface=ath1 nas_ip=192.168.1.20 res=
2026-03-05 10:30:04,007 <13>Jan 12 01:08:27 BZ2,002722b6662b,v4.0.80.10875: syswrapper: current time is not set yet
2026-03-05 10:30:04,147 <13>Jan 12 01:08:28 BZ2,002722b6662b,v4.0.80.10875: syswrapper: [state is locked] skipping reload
2026-03-05 10:30:04,159 <14>Jan 12 01:08:28 BZ2,002722b6662b,v4.0.80.10875: : mcad[19412]: ace_reporter.reporter_set_managed(): [STATE] enter MANAGED
2026-03-05 10:30:04,159 <14>Jan 12 01:08:28 BZ2,002722b6662b,v4.0.80.10875: : mcad[19412]: ace_reporter.reporter_save_config(): Saving stun_url as stun://192.168.1.133/
2026-03-05 10:30:04,161 <14>Jan 12 01:08:28 BZ2,002722b6662b,v4.0.80.10875: : mcad[19412]: ace_reporter.reporter_save_config(): Saving mgmt_url as https://192.168.1.133:8443/manage/site/default
2026-03-05 10:30:08,290 <13>Jan 12 01:08:32 BZ2,002722b6662b,v4.0.80.10875: syswrapper: current time is not set yet
2026-03-05 10:30:09,769 <14>Jan 12 01:08:33 BZ2,002722b6662b,v4.0.80.10875: : mca-ctrl[19441]: mca-client.service_json(): failed to contact mcad
2026-03-05 10:30:49,400 <11>Jan 12 01:09:13 BZ2,002722b6662b,v4.0.80.10875: : uplink-monitor[19421]: uplink-monitor.get_link_info(): uplink addr is null
2026-03-05 10:30:49,607 <13>Jan 12 01:09:13 BZ2,002722b6662b,v4.0.80.10875: syswrapper: current time is not set yet
2026-03-05 10:30:58,817 <27>Jan 12 01:09:22 BZ2,002722b6662b,v4.0.80.10875: rmmod: module is not loaded
2026-03-05 10:30:58,864 <6>Jan 12 01:09:22 BZ2,002722b6662b,v4.0.80.10875: kernel: [ 4063.084976] netpoll: netconsole: local port 514
2026-03-05 10:30:58,865 <6>Jan 12 01:09:22 BZ2,002722b6662b,v4.0.80.10875: kernel: [ 4063.085011] netpoll: netconsole: local IPv4 address 192.168.1.20
2026-03-05 10:30:58,866 <6>Jan 12 01:09:22 BZ2,002722b6662b,v4.0.80.10875: kernel: [ 4063.085029] netpoll: netconsole: interface 'eth0'
2026-03-05 10:30:58,867 <6>Jan 12 01:09:22 BZ2,002722b6662b,v4.0.80.10875: kernel: [ 4063.085046] netpoll: netconsole: remote port 5514
2026-03-05 10:30:58,868 <6>Jan 12 01:09:22 BZ2,002722b6662b,v4.0.80.10875: kernel: [ 4063.085065] netpoll: netconsole: remote IPv4 address 192.168.1.133
2026-03-05 10:30:58,869 <6>Jan 12 01:09:22 BZ2,002722b6662b,v4.0.80.10875: kernel: [ 4063.085085] netpoll: netconsole: remote ethernet address 00:16:d3:ce:53:94
2026-03-05 10:30:58,872 {f705 e502} [ 4063.096845] console [netcon0] enabled
2026-03-05 10:30:58,874 {f705 e502} [ 4063.097262] netconsole: network logging started
2026-03-05 10:30:58,875 <6>Jan 12 01:09:22 BZ2,002722b6662b,v4.0.80.10875: kernel: [ 4063.096845] console [netcon0] enabled
2026-03-05 10:30:58,876 <6>Jan 12 01:09:22 BZ2,002722b6662b,v4.0.80.10875: kernel: [ 4063.097262] netconsole: network logging started
2026-03-05 10:31:04,816 <11>Jan 12 01:09:28 BZ2,002722b6662b,v4.0.80.10875: : uplink-monitor[19421]: uplink-monitor.get_link_info(): uplink addr is null
2026-03-05 10:31:05,022 <13>Jan 12 01:09:28 BZ2,002722b6662b,v4.0.80.10875: syswrapper: current time is not set yet
2026-03-05 10:31:20,206 <11>Jan 12 01:09:44 BZ2,002722b6662b,v4.0.80.10875: : uplink-monitor[19421]: uplink-monitor.get_link_info(): uplink addr is null
2026-03-05 10:31:20,210 <14>Jan 12 01:09:44 BZ2,002722b6662b,v4.0.80.10875: : uplink-monitor[19421]: uplink-monitor.update(): entering isolated state
2026-03-05 10:31:20,411 {f705 e502} [ 4084.635895] br0: port 3(ath1) entered disabled state
2026-03-05 10:31:20,414 <6>Jan 12 01:09:44 BZ2,002722b6662b,v4.0.80.10875: kernel: [ 4084.635895] br0: port 3(ath1) entered disabled state
2026-03-05 10:31:20,427 {f705 e502} [ 4084.651708] br0: port 4(vwire2) entered disabled state
2026-03-05 10:31:20,435 <6>Jan 12 01:09:44 BZ2,002722b6662b,v4.0.80.10875: kernel: [ 4084.651708] br0: port 4(vwire2) entered disabled state
2026-03-05 10:31:20,446 {f705 e502} [ 4084.670583] br0: port 2(ath0) entered blocking state
2026-03-05 10:31:20,446 {f705 e502} [ 4084.670868] br0: port 2(ath0) entered forwarding state
2026-03-05 10:31:20,454 <6>Jan 12 01:09:44 BZ2,002722b6662b,v4.0.80.10875: kernel: [ 4084.670583] br0: port 2(ath0) entered blocking state
2026-03-05 10:31:20,455 <6>Jan 12 01:09:44 BZ2,002722b6662b,v4.0.80.10875: kernel: [ 4084.670868] br0: port 2(ath0) entered forwarding state
2026-03-05 10:31:21,435 {f705 e502} [ 4085.655323] ieee80211_ioctl_getparam : parameter 0x284 not supported
2026-03-05 10:31:21,436 <4>Jan 12 01:09:45 BZ2,002722b6662b,v4.0.80.10875: kernel: [ 4085.655323] ieee80211_ioctl_getparam : parameter 0x284 not supported
2026-03-05 10:31:21,440 {f705 e502} [ 4085.664421] br0: port 2(ath0) entered disabled state
2026-03-05 10:31:21,445 <6>Jan 12 01:09:45 BZ2,002722b6662b,v4.0.80.10875: kernel: [ 4085.664421] br0: port 2(ath0) entered disabled state
2026-03-05 10:31:27,670 <14>Jan 12 01:09:51 BZ2,002722b6662b,v4.0.80.10875: : mcad[19412]: ace_reporter.reporter_handle_response(): cfgversion: ac4979e3ddcf0e44 -> 6891d5aece1a3f5b
2026-03-05 10:31:27,831 <14>Jan 12 01:09:51 BZ2,002722b6662b,v4.0.80.10875: : mcad[19412]: ace_reporter.reporter_save_config(): Saving stun_url as stun://192.168.1.133/
2026-03-05 10:31:27,832 <14>Jan 12 01:09:51 BZ2,002722b6662b,v4.0.80.10875: : mcad[19412]: ace_reporter.reporter_save_config(): Saving mgmt_url as https://192.168.1.133:8443/manage/site/default
2026-03-05 10:31:32,068 <14>Jan 12 01:09:56 BZ2,002722b6662b,v4.0.80.10875: : mcad[19412]: ace_reporter.reporter_handle_response(): [setparam] applying new system.cfg
2026-03-05 10:31:36,634 <11>Jan 12 01:10:00 BZ2,002722b6662b,v4.0.80.10875: : uplink-monitor[19421]: uplink-monitor.get_link_info(): uplink addr is null
2026-03-05 10:31:36,907 <13>Jan 12 01:10:00 BZ2,002722b6662b,v4.0.80.10875: syswrapper: [state is locked] skipping reload
2026-03-05 10:31:39,505 <14>Jan 12 01:10:03 BZ2,002722b6662b,v4.0.80.10875: : mca-monitor[19413]: mca-monitor.do_monitor(): mcad.setparam in progress, elapsed=7 (max=300)
2026-03-05 10:31:39,976 <13>Jan 12 01:10:03 BZ2,002722b6662b,v4.0.80.10875: syswrapper: [apply-config] using fast apply
2026-03-05 10:31:51,919 <11>Jan 12 01:10:15 BZ2,002722b6662b,v4.0.80.10875: : uplink-monitor[19421]: uplink-monitor.get_link_info(): uplink addr is null
2026-03-05 10:31:59,518 <14>Jan 12 01:10:23 BZ2,002722b6662b,v4.0.80.10875: : mca-monitor[19413]: mca-monitor.do_monitor(): mcad.checkin is 12 ago (max=200)
2026-03-05 10:32:00,351 <14>Jan 12 01:10:24 BZ2,002722b6662b,v4.0.80.10875: : mca-ctrl[20180]: mca-client.service_json(): failed to contact mcad
2026-03-05 10:32:07,319 <11>Jan 12 01:10:31 BZ2,002722b6662b,v4.0.80.10875: : uplink-monitor[19421]: uplink-monitor.get_link_info(): uplink addr is null
2026-03-05 10:32:22,742 <11>Jan 12 01:10:46 BZ2,002722b6662b,v4.0.80.10875: : uplink-monitor[19421]: uplink-monitor.get_link_info(): uplink addr is null
2026-03-05 10:32:38,160 <11>Jan 12 01:11:02 BZ2,002722b6662b,v4.0.80.10875: : uplink-monitor[19421]: uplink-monitor.get_link_info(): uplink addr is null
2026-03-05 10:32:53,588 <11>Jan 12 01:11:17 BZ2,002722b6662b,v4.0.80.10875: : uplink-monitor[19421]: uplink-monitor.get_link_info(): uplink addr is null
2026-03-05 10:33:09,003 <11>Jan 12 01:11:32 BZ2,002722b6662b,v4.0.80.10875: : uplink-monitor[19421]: uplink-monitor.get_link_info(): uplink addr is null
2026-03-05 10:33:24,411 <11>Jan 12 01:11:48 BZ2,002722b6662b,v4.0.80.10875: : uplink-monitor[19421]: uplink-monitor.get_link_info(): uplink addr is null
2026-03-05 10:33:39,817 <11>Jan 12 01:12:03 BZ2,002722b6662b,v4.0.80.10875: : uplink-monitor[19421]: uplink-monitor.get_link_info(): uplink addr is null
2026-03-05 10:33:55,236 <11>Jan 12 01:12:19 BZ2,002722b6662b,v4.0.80.10875: : uplink-monitor[19421]: uplink-monitor.get_link_info(): uplink addr is null
2026-03-05 10:34:10,649 <11>Jan 12 01:12:34 BZ2,002722b6662b,v4.0.80.10875: : uplink-monitor[19421]: uplink-monitor.get_link_info(): uplink addr is null
2026-03-05 10:34:26,084 <11>Jan 12 01:12:50 BZ2,002722b6662b,v4.0.80.10875: : uplink-monitor[19421]: uplink-monitor.get_link_info(): uplink addr is null
2026-03-05 10:34:41,523 <11>Jan 12 01:13:05 BZ2,002722b6662b,v4.0.80.10875: : uplink-monitor[19421]: uplink-monitor.get_link_info(): uplink addr is null
2026-03-05 10:34:56,932 <11>Jan 12 01:13:20 BZ2,002722b6662b,v4.0.80.10875: : uplink-monitor[19421]: uplink-monitor.get_link_info(): uplink addr is null
2026-03-05 10:35:12,341 <11>Jan 12 01:13:36 BZ2,002722b6662b,v4.0.80.10875: : uplink-monitor[19421]: uplink-monitor.get_link_info(): uplink addr is null
2026-03-05 10:35:27,759 <11>Jan 12 01:13:51 BZ2,002722b6662b,v4.0.80.10875: : uplink-monitor[19421]: uplink-monitor.get_link_info(): uplink addr is null
2026-03-05 10:35:43,180 <11>Jan 12 01:14:07 BZ2,002722b6662b,v4.0.80.10875: : uplink-monitor[19421]: uplink-monitor.get_link_info(): uplink addr is null
2026-03-05 10:35:58,773 <11>Jan 12 01:14:22 BZ2,002722b6662b,v4.0.80.10875: : uplink-monitor[19421]: uplink-monitor.get_link_info(): uplink addr is null
2026-03-05 10:36:14,303 <11>Jan 12 01:14:38 BZ2,002722b6662b,v4.0.80.10875: : uplink-monitor[19421]: uplink-monitor.get_link_info(): uplink addr is null
2026-03-05 10:36:29,843 <11>Jan 12 01:14:53 BZ2,002722b6662b,v4.0.80.10875: : uplink-monitor[19421]: uplink-monitor.get_link_info(): uplink addr is null
2026-03-05 10:36:45,380 <11>Jan 12 01:15:09 BZ2,002722b6662b,v4.0.80.10875: : uplink-monitor[19421]: uplink-monitor.get_link_info(): uplink addr is null
2026-03-05 10:36:46,860 <14>Jan 12 01:15:10 BZ2,002722b6662b,v4.0.80.10875: : mcad[19412]: ace_reporter.reporter_handle_response(): [upgrade] download https://fw-download.ubnt.com/data/unifi-firmware/8822-BZ2-4.3.28-3a44dd116c8645ef8d4e5dbb91349ea7.bin
2026-03-05 10:36:47,205 <13>Jan 12 01:15:11 BZ2,002722b6662b,v4.0.80.10875: IOC: Upgrade Firmware Downloading:
2026-03-05 10:37:00,873 <11>Jan 12 01:15:24 BZ2,002722b6662b,v4.0.80.10875: : uplink-monitor[19421]: uplink-monitor.get_link_info(): uplink addr is null
2026-03-05 10:37:16,282 <13>Jan 12 01:15:40 BZ2,002722b6662b,v4.0.80.10875: IOC: unable to download fw (rc: 6 http: 000)
2026-03-05 10:37:16,504 <11>Jan 12 01:15:40 BZ2,002722b6662b,v4.0.80.10875: : uplink-monitor[19421]: uplink-monitor.get_link_info(): uplink addr is null
2026-03-05 10:37:32,035 <11>Jan 12 01:15:56 BZ2,002722b6662b,v4.0.80.10875: : uplink-monitor[19421]: uplink-monitor.get_link_info(): uplink addr is null
2026-03-05 10:37:47,439 <11>Jan 12 01:16:11 BZ2,002722b6662b,v4.0.80.10875: : uplink-monitor[19421]: uplink-monitor.get_link_info(): uplink addr is null
2026-03-05 10:37:55,361 <13>Jan 12 01:16:19 BZ2,002722b6662b,v4.0.80.10875: IOC: unable to download fw (rc: 6 http: 000)
2026-03-05 10:38:02,845 <11>Jan 12 01:16:26 BZ2,002722b6662b,v4.0.80.10875: : uplink-monitor[19421]: uplink-monitor.get_link_info(): uplink addr is null
2026-03-05 10:38:18,258 <11>Jan 12 01:16:42 BZ2,002722b6662b,v4.0.80.10875: : uplink-monitor[19421]: uplink-monitor.get_link_info(): uplink addr is null
2026-03-05 10:38:33,664 <11>Jan 12 01:16:57 BZ2,002722b6662b,v4.0.80.10875: : uplink-monitor[19421]: uplink-monitor.get_link_info(): uplink addr is null
2026-03-05 10:38:34,442 <13>Jan 12 01:16:58 BZ2,002722b6662b,v4.0.80.10875: IOC: unable to download fw (rc: 6 http: 000)
2026-03-05 10:38:49,106 <11>Jan 12 01:17:13 BZ2,002722b6662b,v4.0.80.10875: : uplink-monitor[19421]: uplink-monitor.get_link_info(): uplink addr is null
2026-03-05 10:39:04,519 <11>Jan 12 01:17:28 BZ2,002722b6662b,v4.0.80.10875: : uplink-monitor[19421]: uplink-monitor.get_link_info(): uplink addr is null
2026-03-05 10:39:13,522 <13>Jan 12 01:17:37 BZ2,002722b6662b,v4.0.80.10875: IOC: unable to download fw (rc: 6 http: 000)
2026-03-05 10:39:19,926 <11>Jan 12 01:17:43 BZ2,002722b6662b,v4.0.80.10875: : uplink-monitor[19421]: uplink-monitor.get_link_info(): uplink addr is null
2026-03-05 10:39:35,336 <11>Jan 12 01:17:59 BZ2,002722b6662b,v4.0.80.10875: : uplink-monitor[19421]: uplink-monitor.get_link_info(): uplink addr is null
2026-03-05 10:39:50,746 <11>Jan 12 01:18:14 BZ2,002722b6662b,v4.0.80.10875: : uplink-monitor[19421]: uplink-monitor.get_link_info(): uplink addr is null
2026-03-05 10:39:52,602 <13>Jan 12 01:18:16 BZ2,002722b6662b,v4.0.80.10875: IOC: unable to download fw (rc: 6 http: 000)
2026-03-05 10:40:06,159 <11>Jan 12 01:18:30 BZ2,002722b6662b,v4.0.80.10875: : uplink-monitor[19421]: uplink-monitor.get_link_info(): uplink addr is null
2026-03-05 10:40:21,576 <11>Jan 12 01:18:45 BZ2,002722b6662b,v4.0.80.10875: : uplink-monitor[19421]: uplink-monitor.get_link_info(): uplink addr is null
2026-03-05 10:40:31,694 <13>Jan 12 01:18:55 BZ2,002722b6662b,v4.0.80.10875: IOC: unable to download fw (rc: 6 http: 000)
2026-03-05 10:40:37,016 <11>Jan 12 01:19:00 BZ2,002722b6662b,v4.0.80.10875: : uplink-monitor[19421]: uplink-monitor.get_link_info(): uplink addr is null
2026-03-05 10:40:52,428 <11>Jan 12 01:19:16 BZ2,002722b6662b,v4.0.80.10875: : uplink-monitor[19421]: uplink-monitor.get_link_info(): uplink addr is null
2026-03-05 10:41:07,847 <11>Jan 12 01:19:31 BZ2,002722b6662b,v4.0.80.10875: : uplink-monitor[19421]: uplink-monitor.get_link_info(): uplink addr is null
2026-03-05 10:41:10,777 <13>Jan 12 01:19:34 BZ2,002722b6662b,v4.0.80.10875: IOC: unable to download fw (rc: 6 http: 000)
2026-03-05 10:41:23,264 <11>Jan 12 01:19:47 BZ2,002722b6662b,v4.0.80.10875: : uplink-monitor[19421]: uplink-monitor.get_link_info(): uplink addr is null
2026-03-05 10:41:38,673 <11>Jan 12 01:20:02 BZ2,002722b6662b,v4.0.80.10875: : uplink-monitor[19421]: uplink-monitor.get_link_info(): uplink addr is null
2026-03-05 10:41:49,857 <13>Jan 12 01:20:13 BZ2,002722b6662b,v4.0.80.10875: IOC: unable to download fw (rc: 6 http: 000)
2026-03-05 10:41:54,088 <11>Jan 12 01:20:18 BZ2,002722b6662b,v4.0.80.10875: : uplink-monitor[19421]: uplink-monitor.get_link_info(): uplink addr is null
2026-03-05 10:42:09,548 <11>Jan 12 01:20:33 BZ2,002722b6662b,v4.0.80.10875: : uplink-monitor[19421]: uplink-monitor.get_link_info(): uplink addr is null
2026-03-05 10:42:24,971 <11>Jan 12 01:20:48 BZ2,002722b6662b,v4.0.80.10875: : uplink-monitor[19421]: uplink-monitor.get_link_info(): uplink addr is null
2026-03-05 10:42:28,938 <13>Jan 12 01:20:52 BZ2,002722b6662b,v4.0.80.10875: IOC: unable to download fw (rc: 6 http: 000)
2026-03-05 10:42:40,372 <11>Jan 12 01:21:04 BZ2,002722b6662b,v4.0.80.10875: : uplink-monitor[19421]: uplink-monitor.get_link_info(): uplink addr is null
2026-03-05 10:42:55,796 <11>Jan 12 01:21:19 BZ2,002722b6662b,v4.0.80.10875: : uplink-monitor[19421]: uplink-monitor.get_link_info(): uplink addr is null
2026-03-05 10:43:08,018 <13>Jan 12 01:21:31 BZ2,002722b6662b,v4.0.80.10875: IOC: unable to download fw (rc: 6 http: 000)
2026-03-05 10:43:11,205 <11>Jan 12 01:21:35 BZ2,002722b6662b,v4.0.80.10875: : uplink-monitor[19421]: uplink-monitor.get_link_info(): uplink addr is null
2026-03-05 10:43:26,637 <11>Jan 12 01:21:50 BZ2,002722b6662b,v4.0.80.10875: : uplink-monitor[19421]: uplink-monitor.get_link_info(): uplink addr is null
2026-03-05 10:43:42,056 <11>Jan 12 01:22:06 BZ2,002722b6662b,v4.0.80.10875: : uplink-monitor[19421]: uplink-monitor.get_link_info(): uplink addr is null
2026-03-05 10:43:47,097 <13>Jan 12 01:22:11 BZ2,002722b6662b,v4.0.80.10875: IOC: unable to download fw (rc: 6 http: 000)
2026-03-05 10:43:57,485 <11>Jan 12 01:22:21 BZ2,002722b6662b,v4.0.80.10875: : uplink-monitor[19421]: uplink-monitor.get_link_info(): uplink addr is null
2026-03-05 10:44:12,886 <11>Jan 12 01:22:36 BZ2,002722b6662b,v4.0.80.10875: : uplink-monitor[19421]: uplink-monitor.get_link_info(): uplink addr is null
2026-03-05 10:44:26,176 <13>Jan 12 01:22:50 BZ2,002722b6662b,v4.0.80.10875: IOC: unable to download fw (rc: 6 http: 000)
2026-03-05 10:44:28,299 <11>Jan 12 01:22:52 BZ2,002722b6662b,v4.0.80.10875: : uplink-monitor[19421]: uplink-monitor.get_link_info(): uplink addr is null
2026-03-05 10:44:43,707 <11>Jan 12 01:23:07 BZ2,002722b6662b,v4.0.80.10875: : uplink-monitor[19421]: uplink-monitor.get_link_info(): uplink addr is null
2026-03-05 10:44:59,106 <11>Jan 12 01:23:23 BZ2,002722b6662b,v4.0.80.10875: : uplink-monitor[19421]: uplink-monitor.get_link_info(): uplink addr is null
2026-03-05 10:45:05,272 <13>Jan 12 01:23:29 BZ2,002722b6662b,v4.0.80.10875: IOC: unable to download fw (rc: 6 http: 000)
2026-03-05 10:45:14,518 <11>Jan 12 01:23:38 BZ2,002722b6662b,v4.0.80.10875: : uplink-monitor[19421]: uplink-monitor.get_link_info(): uplink addr is null
2026-03-05 10:45:29,950 <11>Jan 12 01:23:53 BZ2,002722b6662b,v4.0.80.10875: : uplink-monitor[19421]: uplink-monitor.get_link_info(): uplink addr is null
2026-03-05 10:45:44,347 <13>Jan 12 01:24:08 BZ2,002722b6662b,v4.0.80.10875: IOC: unable to download fw (rc: 6 http: 000)
2026-03-05 10:45:45,365 <11>Jan 12 01:24:09 BZ2,002722b6662b,v4.0.80.10875: : uplink-monitor[19421]: uplink-monitor.get_link_info(): uplink addr is null
2026-03-05 10:46:00,773 <11>Jan 12 01:24:24 BZ2,002722b6662b,v4.0.80.10875: : uplink-monitor[19421]: uplink-monitor.get_link_info(): uplink addr is null
2026-03-05 10:46:16,181 <11>Jan 12 01:24:40 BZ2,002722b6662b,v4.0.80.10875: : uplink-monitor[19421]: uplink-monitor.get_link_info(): uplink addr is null
2026-03-05 10:46:23,430 <13>Jan 12 01:24:47 BZ2,002722b6662b,v4.0.80.10875: IOC: unable to download fw (rc: 6 http: 000)
2026-03-05 10:46:31,581 <11>Jan 12 01:24:55 BZ2,002722b6662b,v4.0.80.10875: : uplink-monitor[19421]: uplink-monitor.get_link_info(): uplink addr is null
2026-03-05 10:46:46,992 <11>Jan 12 01:25:10 BZ2,002722b6662b,v4.0.80.10875: : uplink-monitor[19421]: uplink-monitor.get_link_info(): uplink addr is null
2026-03-05 10:47:02,412 <11>Jan 12 01:25:26 BZ2,002722b6662b,v4.0.80.10875: : uplink-monitor[19421]: uplink-monitor.get_link_info(): uplink addr is null
2026-03-05 10:47:02,521 <13>Jan 12 01:25:26 BZ2,002722b6662b,v4.0.80.10875: IOC: unable to download fw (rc: 6 http: 000)
2026-03-05 10:47:17,858 <11>Jan 12 01:25:41 BZ2,002722b6662b,v4.0.80.10875: : uplink-monitor[19421]: uplink-monitor.get_link_info(): uplink addr is null
2026-03-05 10:47:33,292 <11>Jan 12 01:25:57 BZ2,002722b6662b,v4.0.80.10875: : uplink-monitor[19421]: uplink-monitor.get_link_info(): uplink addr is null
2026-03-05 10:47:41,613 <13>Jan 12 01:26:05 BZ2,002722b6662b,v4.0.80.10875: IOC: unable to download fw (rc: 6 http: 000)
2026-03-05 10:47:48,723 <11>Jan 12 01:26:12 BZ2,002722b6662b,v4.0.80.10875: : uplink-monitor[19421]: uplink-monitor.get_link_info(): uplink addr is null
2026-03-05 10:48:04,142 <11>Jan 12 01:26:28 BZ2,002722b6662b,v4.0.80.10875: : uplink-monitor[19421]: uplink-monitor.get_link_info(): uplink addr is null
2026-03-05 10:48:19,554 <11>Jan 12 01:26:43 BZ2,002722b6662b,v4.0.80.10875: : uplink-monitor[19421]: uplink-monitor.get_link_info(): uplink addr is null
2026-03-05 10:48:20,703 <13>Jan 12 01:26:44 BZ2,002722b6662b,v4.0.80.10875: IOC: unable to download fw (rc: 6 http: 000)
2026-03-05 10:48:20,720 <13>Jan 12 01:26:44 BZ2,002722b6662b,v4.0.80.10875: IOC: error http code: 000
2026-03-05 10:48:28,597 {f705 e502} [ 5112.807937] reboot: Restarting system
2026-03-05 10:49:39,665 <30>Jan 12 01:27:16 BZ2,002722b6662b,v4.0.80.10875: logread[1123]: Logread connected to 192.168.1.133:5514
2026-03-05 10:49:39,774 <29>Jan 12 01:27:16 BZ2,002722b6662b,v4.0.80.10875: procd: Process '/usr/sbin/dropbear -F -d /var/run/dropbear_dss_host_key -r /var/run/dropbear_rsa_host_key -p br0:22' (pid 1120, uid 0, pending 0) exited with status 9. Scheduling for restart (no alert sent).
2026-03-05 10:49:40,054 <11>Jan 12 01:27:17 BZ2,002722b6662b,v4.0.80.10875: : uplink-monitor[1131]: uplink-monitor.get_link_info(): uplink addr is null
2026-03-05 10:49:40,056 <14>Jan 12 01:27:17 BZ2,002722b6662b,v4.0.80.10875: : uplink-monitor[1131]: uplink-monitor.process_info(): ethernet link up
2026-03-05 10:49:40,264 <14>Jan 12 01:27:17 BZ2,002722b6662b,v4.0.80.10875: : wevent[1129]: ubnt_protocol.ubnt_usr1_handler(): Get DHCP IP
2026-03-05 10:49:40,266 <14>Jan 12 01:27:17 BZ2,002722b6662b,v4.0.80.10875: : wevent[1129]: ubnt_protocol.ubnt_usr1_handler(): my_ip is 192.168.1.20
2026-03-05 10:49:40,267 <11>Jan 12 01:27:17 BZ2,002722b6662b,v4.0.80.10875: : wevent[1129]: ubnt_protocol.ubnt_multicast_socket_init(): already drop membership
2026-03-05 10:49:40,338 <86>Jan 12 01:27:17 BZ2,002722b6662b,v4.0.80.10875: dropbear[1301]: Not backgrounding
2026-03-05 10:49:40,578 <13>Jan 12 01:27:17 BZ2,002722b6662b,v4.0.80.10875: syswrapper: current time is not set yet
2026-03-05 10:49:45,431 <13>Jan 12 01:27:22 BZ2,002722b6662b,v4.0.80.10875: syswrapper: hostapd update: conf=/etc/aaa3.cfg iterface=vwire2 nas_ip=192.168.1.20 res=
2026-03-05 10:49:45,511 <13>Jan 12 01:27:22 BZ2,002722b6662b,v4.0.80.10875: syswrapper: hostapd update: conf=/etc/aaa2.cfg iterface=ath1 nas_ip=192.168.1.20 res=
2026-03-05 10:49:46,551 <13>Jan 12 01:27:23 BZ2,002722b6662b,v4.0.80.10875: syswrapper: current time is not set yet
2026-03-05 10:49:46,724 <13>Jan 12 01:27:23 BZ2,002722b6662b,v4.0.80.10875: syswrapper: [state is locked] skipping reload
2026-03-05 10:49:46,734 <14>Jan 12 01:27:23 BZ2,002722b6662b,v4.0.80.10875: : mcad[1124]: ace_reporter.reporter_save_config(): Saving stun_url as stun://192.168.1.133/
2026-03-05 10:49:46,737 <14>Jan 12 01:27:23 BZ2,002722b6662b,v4.0.80.10875: : mcad[1124]: ace_reporter.reporter_save_config(): Saving mgmt_url as https://192.168.1.133:8443/manage/site/default
2026-03-05 10:49:54,418 <13>Jan 12 01:27:31 BZ2,002722b6662b,v4.0.80.10875: syswrapper: current time is not set yet
2026-03-05 10:49:54,733 <14>Jan 12 01:27:31 BZ2,002722b6662b,v4.0.80.10875: : mcad[1124]: ace_reporter.reporter_handle_response(): [upgrade] download http://192.168.1.133:8080/dl/firmware-cached/BZ2/4.3.28.11361/8822-BZ2-4.3.28-3a44dd116c8645ef8d4e5dbb91349ea7.bin
2026-03-05 10:49:55,211 <13>Jan 12 01:27:32 BZ2,002722b6662b,v4.0.80.10875: IOC: Upgrade Firmware Downloading:
2026-03-05 10:49:56,393 <13>Jan 12 01:27:33 BZ2,002722b6662b,v4.0.80.10875: IOC: Download ...OK
2026-03-05 10:50:08,197 <13>Jan 12 01:27:45 BZ2,002722b6662b,v4.0.80.10875: IOC: Upgrade Firmware Check:
2026-03-05 10:50:08,210 <13>Jan 12 01:27:45 BZ2,002722b6662b,v4.0.80.10875: IOC: Check ...OK
2026-03-05 10:50:11,750 <14>Jan 12 01:27:48 BZ2,002722b6662b,v4.0.80.10875: : mcad[1124]: ace_reporter.reporter_inform(): [upgrade] flash firmware
2026-03-05 10:50:12,165 <86>Jan 12 01:27:49 BZ2,002722b6662b,v4.0.80.10875: dropbear[1301]: Early exit: Terminated by signal
2026-03-05 10:53:16,495 {d879 e502} [  112.588731] console [netcon0] enabled
2026-03-05 10:53:16,496 {d879 e502} [  112.589170] netconsole: network logging started
2026-03-05 10:53:37,477 {d879 e502} [  133.573593] br0: port 3(ath1) entered disabled state
2026-03-05 10:53:37,493 {d879 e502} [  133.589024] br0: port 4(vwire2) entered disabled state
2026-03-05 10:53:37,919 {d879 e502} [  134.015587] ieee80211_ioctl_getparam : parameter 0x284 not supported
2026-03-05 10:53:37,926 {d879 e502} [  134.022218] br0: port 2(ath0) entered blocking state
2026-03-05 10:53:37,926 {d879 e502} [  134.022477] br0: port 2(ath0) entered forwarding state
2026-03-05 10:53:37,960 {d879 e502} [  134.055812] br0: port 2(ath0) entered disabled state
2026-03-05 10:53:38,065 {d879 e502} [  134.161612] HSM: scan: transition IDLE => FOREIGN_CHANNEL
2026-03-05 10:53:38,191 {d879 e502} [  134.287691] HSM: scan: transition FOREIGN_CHANNEL => BSS_CHANNEL
2026-03-05 10:53:39,822 {d879 e502} [  135.917638] HSM: scan: transition BSS_CHANNEL => FOREIGN_CHANNEL
2026-03-05 10:53:39,952 {d879 e502} [  136.047636] HSM: scan: transition FOREIGN_CHANNEL => BSS_CHANNEL
2026-03-05 10:53:41,571 {d879 e502} [  137.667610] HSM: scan: transition BSS_CHANNEL => FOREIGN_CHANNEL
2026-03-05 10:53:41,702 {d879 e502} [  137.797629] HSM: scan: transition FOREIGN_CHANNEL => BSS_CHANNEL
2026-03-05 10:53:43,322 {d879 e502} [  139.417627] HSM: scan: transition BSS_CHANNEL => FOREIGN_CHANNEL
2026-03-05 10:53:43,451 {d879 e502} [  139.547634] HSM: scan: transition FOREIGN_CHANNEL => BSS_CHANNEL
2026-03-05 10:53:45,073 {d879 e502} [  141.167620] HSM: scan: transition BSS_CHANNEL => FOREIGN_CHANNEL
2026-03-05 10:53:45,201 {d879 e502} [  141.297638] HSM: scan: transition FOREIGN_CHANNEL => BSS_CHANNEL
2026-03-05 10:53:46,822 {d879 e502} [  142.917616] HSM: scan: transition BSS_CHANNEL => FOREIGN_CHANNEL
2026-03-05 10:53:46,952 {d879 e502} [  143.047636] HSM: scan: transition FOREIGN_CHANNEL => BSS_CHANNEL
2026-03-05 10:53:48,572 {d879 e502} [  144.667620] HSM: scan: transition BSS_CHANNEL => FOREIGN_CHANNEL
2026-03-05 10:53:48,702 {d879 e502} [  144.797628] HSM: scan: transition FOREIGN_CHANNEL => BSS_CHANNEL
2026-03-05 10:53:50,322 {d879 e502} [  146.417642] HSM: scan: transition BSS_CHANNEL => FOREIGN_CHANNEL
2026-03-05 10:53:50,452 {d879 e502} [  146.547634] HSM: scan: transition FOREIGN_CHANNEL => BSS_CHANNEL
2026-03-05 10:53:52,072 {d879 e502} [  148.167616] HSM: scan: transition BSS_CHANNEL => FOREIGN_CHANNEL
2026-03-05 10:53:52,202 {d879 e502} [  148.297634] HSM: scan: transition FOREIGN_CHANNEL => BSS_CHANNEL
2026-03-05 10:53:53,822 {d879 e502} [  149.917616] HSM: scan: transition BSS_CHANNEL => FOREIGN_CHANNEL
2026-03-05 10:53:53,952 {d879 e502} [  150.047637] HSM: scan: transition FOREIGN_CHANNEL => BSS_CHANNEL
2026-03-05 10:53:55,572 {d879 e502} [  151.667627] HSM: scan: transition BSS_CHANNEL => FOREIGN_CHANNEL
2026-03-05 10:53:55,702 {d879 e502} [  151.797638] HSM: scan: transition FOREIGN_CHANNEL => BSS_CHANNEL
2026-03-05 10:53:57,322 {d879 e502} [  153.417665] HSM: scan: transition BSS_CHANNEL => FOREIGN_CHANNEL
2026-03-05 10:53:57,452 {d879 e502} [  153.547668] HSM: scan: transition FOREIGN_CHANNEL => BSS_CHANNEL
2026-03-05 10:53:59,072 {d879 e502} [  155.167626] HSM: scan: transition BSS_CHANNEL => FOREIGN_CHANNEL
2026-03-05 10:53:59,207 {d879 e502} [  155.302488] HSM: scan: transition FOREIGN_CHANNEL => IDLE
2026-03-05 10:54:00,236 {d879 e502} [  156.331547] HSM: scan: transition IDLE => BSS_CHANNEL
2026-03-05 10:54:00,712 {d879 e502} [  156.807619] HSM: scan: transition BSS_CHANNEL => FOREIGN_CHANNEL
2026-03-05 10:54:00,842 {d879 e502} [  156.937628] HSM: scan: transition FOREIGN_CHANNEL => BSS_CHANNEL
2026-03-05 10:54:02,472 {d879 e502} [  158.567617] HSM: scan: transition BSS_CHANNEL => FOREIGN_CHANNEL
2026-03-05 10:54:02,602 {d879 e502} [  158.697631] HSM: scan: transition FOREIGN_CHANNEL => BSS_CHANNEL
2026-03-05 10:54:04,222 {d879 e502} [  160.317610] HSM: scan: transition BSS_CHANNEL => FOREIGN_CHANNEL
2026-03-05 10:54:04,352 {d879 e502} [  160.447665] HSM: scan: transition FOREIGN_CHANNEL => BSS_CHANNEL
2026-03-05 10:54:05,972 {d879 e502} [  162.067619] HSM: scan: transition BSS_CHANNEL => FOREIGN_CHANNEL
2026-03-05 10:54:06,102 {d879 e502} [  162.197635] HSM: scan: transition FOREIGN_CHANNEL => BSS_CHANNEL
2026-03-05 10:54:07,722 {d879 e502} [  163.817623] HSM: scan: transition BSS_CHANNEL => FOREIGN_CHANNEL
2026-03-05 10:54:07,852 {d879 e502} [  163.947690] HSM: scan: transition FOREIGN_CHANNEL => BSS_CHANNEL
2026-03-05 10:54:09,472 {d879 e502} [  165.567620] HSM: scan: transition BSS_CHANNEL => FOREIGN_CHANNEL
2026-03-05 10:54:09,602 {d879 e502} [  165.697629] HSM: scan: transition FOREIGN_CHANNEL => BSS_CHANNEL
2026-03-05 10:54:11,222 {d879 e502} [  167.317625] HSM: scan: transition BSS_CHANNEL => FOREIGN_CHANNEL
2026-03-05 10:54:11,352 {d879 e502} [  167.447807] HSM: scan: transition FOREIGN_CHANNEL => BSS_CHANNEL
2026-03-05 10:54:12,972 {d879 e502} [  169.067618] HSM: scan: transition BSS_CHANNEL => FOREIGN_CHANNEL
2026-03-05 10:54:13,102 {d879 e502} [  169.197627] HSM: scan: transition FOREIGN_CHANNEL => BSS_CHANNEL
2026-03-05 10:54:14,722 {d879 e502} [  170.817617] HSM: scan: transition BSS_CHANNEL => FOREIGN_CHANNEL
2026-03-05 10:54:14,852 {d879 e502} [  170.947634] HSM: scan: transition FOREIGN_CHANNEL => BSS_CHANNEL
2026-03-05 10:54:16,472 {d879 e502} [  172.567624] HSM: scan: transition BSS_CHANNEL => FOREIGN_CHANNEL
2026-03-05 10:54:16,602 {d879 e502} [  172.697635] HSM: scan: transition FOREIGN_CHANNEL => BSS_CHANNEL
2026-03-05 10:54:18,222 {d879 e502} [  174.317654] HSM: scan: transition BSS_CHANNEL => FOREIGN_CHANNEL
2026-03-05 10:54:18,352 {d879 e502} [  174.447659] HSM: scan: transition FOREIGN_CHANNEL => BSS_CHANNEL
2026-03-05 10:54:19,972 {d879 e502} [  176.067623] HSM: scan: transition BSS_CHANNEL => FOREIGN_CHANNEL
2026-03-05 10:54:20,102 {d879 e502} [  176.197699] HSM: scan: transition FOREIGN_CHANNEL => BSS_CHANNEL
2026-03-05 10:54:21,722 {d879 e502} [  177.817627] HSM: scan: transition BSS_CHANNEL => FOREIGN_CHANNEL
2026-03-05 10:54:21,857 {d879 e502} [  177.952500] HSM: scan: transition FOREIGN_CHANNEL => IDLE
2026-03-05 10:54:22,886 {d879 e502} [  178.981536] HSM: scan: transition IDLE => BSS_CHANNEL
2026-03-05 10:54:23,362 {d879 e502} [  179.457622] HSM: scan: transition BSS_CHANNEL => FOREIGN_CHANNEL
2026-03-05 10:54:23,492 {d879 e502} [  179.587628] HSM: scan: transition FOREIGN_CHANNEL => BSS_CHANNEL
2026-03-05 10:54:25,107 <30>Jan 29 06:32:00 BZ2,002722b6662b,v4.3.28.11361: logread[1140]: Logread connected to 192.168.1.133:5514
2026-03-05 10:54:25,122 {d879 e502} [  181.217628] HSM: scan: transition BSS_CHANNEL => FOREIGN_CHANNEL
2026-03-05 10:54:25,137 <4>Jan 29 06:32:00 BZ2,002722b6662b,v4.3.28.11361: kernel: [  181.217628] HSM: scan: transition BSS_CHANNEL => FOREIGN_CHANNEL
2026-03-05 10:54:25,252 {d879 e502} [  181.347673] HSM: scan: transition FOREIGN_CHANNEL => BSS_CHANNEL
2026-03-05 10:54:25,263 <4>Jan 29 06:32:01 BZ2,002722b6662b,v4.3.28.11361: kernel: [  181.347673] HSM: scan: transition FOREIGN_CHANNEL => BSS_CHANNEL
2026-03-05 10:54:26,872 {d879 e502} [  182.967619] HSM: scan: transition BSS_CHANNEL => FOREIGN_CHANNEL
2026-03-05 10:54:26,886 <4>Jan 29 06:32:02 BZ2,002722b6662b,v4.3.28.11361: kernel: [  182.967619] HSM: scan: transition BSS_CHANNEL => FOREIGN_CHANNEL
2026-03-05 10:54:27,002 {d879 e502} [  183.097644] HSM: scan: transition FOREIGN_CHANNEL => BSS_CHANNEL
2026-03-05 10:54:27,013 <4>Jan 29 06:32:02 BZ2,002722b6662b,v4.3.28.11361: kernel: [  183.097644] HSM: scan: transition FOREIGN_CHANNEL => BSS_CHANNEL
2026-03-05 10:54:28,622 {d879 e502} [  184.717640] HSM: scan: transition BSS_CHANNEL => FOREIGN_CHANNEL
2026-03-05 10:54:28,636 <4>Jan 29 06:32:04 BZ2,002722b6662b,v4.3.28.11361: kernel: [  184.717640] HSM: scan: transition BSS_CHANNEL => FOREIGN_CHANNEL
2026-03-05 10:54:28,752 {d879 e502} [  184.847659] HSM: scan: transition FOREIGN_CHANNEL => BSS_CHANNEL
2026-03-05 10:54:28,763 <4>Jan 29 06:32:04 BZ2,002722b6662b,v4.3.28.11361: kernel: [  184.847659] HSM: scan: transition FOREIGN_CHANNEL => BSS_CHANNEL
2026-03-05 10:54:30,372 {d879 e502} [  186.467621] HSM: scan: transition BSS_CHANNEL => FOREIGN_CHANNEL
2026-03-05 10:54:30,386 <4>Jan 29 06:32:06 BZ2,002722b6662b,v4.3.28.11361: kernel: [  186.467621] HSM: scan: transition BSS_CHANNEL => FOREIGN_CHANNEL
2026-03-05 10:54:30,502 {d879 e502} [  186.597633] HSM: scan: transition FOREIGN_CHANNEL => BSS_CHANNEL
2026-03-05 10:54:30,513 <4>Jan 29 06:32:06 BZ2,002722b6662b,v4.3.28.11361: kernel: [  186.597633] HSM: scan: transition FOREIGN_CHANNEL => BSS_CHANNEL
2026-03-05 10:54:32,122 {d879 e502} [  188.217622] HSM: scan: transition BSS_CHANNEL => FOREIGN_CHANNEL
2026-03-05 10:54:32,136 <4>Jan 29 06:32:07 BZ2,002722b6662b,v4.3.28.11361: kernel: [  188.217622] HSM: scan: transition BSS_CHANNEL => FOREIGN_CHANNEL
2026-03-05 10:54:32,252 {d879 e502} [  188.347627] HSM: scan: transition FOREIGN_CHANNEL => BSS_CHANNEL
2026-03-05 10:54:32,263 <4>Jan 29 06:32:08 BZ2,002722b6662b,v4.3.28.11361: kernel: [  188.347627] HSM: scan: transition FOREIGN_CHANNEL => BSS_CHANNEL
2026-03-05 10:54:33,872 {d879 e502} [  189.967622] HSM: scan: transition BSS_CHANNEL => FOREIGN_CHANNEL
2026-03-05 10:54:33,887 <4>Jan 29 06:32:09 BZ2,002722b6662b,v4.3.28.11361: kernel: [  189.967622] HSM: scan: transition BSS_CHANNEL => FOREIGN_CHANNEL
2026-03-05 10:54:34,007 {d879 e502} [  190.097635] HSM: scan: transition FOREIGN_CHANNEL => BSS_CHANNEL
2026-03-05 10:54:34,014 <4>Jan 29 06:32:09 BZ2,002722b6662b,v4.3.28.11361: kernel: [  190.097635] HSM: scan: transition FOREIGN_CHANNEL => BSS_CHANNEL
2026-03-05 10:54:35,623 {d879 e502} [  191.717618] HSM: scan: transition BSS_CHANNEL => FOREIGN_CHANNEL
2026-03-05 10:54:35,636 <4>Jan 29 06:32:11 BZ2,002722b6662b,v4.3.28.11361: kernel: [  191.717618] HSM: scan: transition BSS_CHANNEL => FOREIGN_CHANNEL
2026-03-05 10:54:35,753 {d879 e502} [  191.847633] HSM: scan: transition FOREIGN_CHANNEL => BSS_CHANNEL
2026-03-05 10:54:35,764 <4>Jan 29 06:32:11 BZ2,002722b6662b,v4.3.28.11361: kernel: [  191.847633] HSM: scan: transition FOREIGN_CHANNEL => BSS_CHANNEL
2026-03-05 10:54:37,373 {d879 e502} [  193.467624] HSM: scan: transition BSS_CHANNEL => FOREIGN_CHANNEL
2026-03-05 10:54:37,386 <4>Jan 29 06:32:13 BZ2,002722b6662b,v4.3.28.11361: kernel: [  193.467624] HSM: scan: transition BSS_CHANNEL => FOREIGN_CHANNEL
2026-03-05 10:54:37,502 {d879 e502} [  193.597636] HSM: scan: transition FOREIGN_CHANNEL => BSS_CHANNEL
2026-03-05 10:54:37,514 <4>Jan 29 06:32:13 BZ2,002722b6662b,v4.3.28.11361: kernel: [  193.597636] HSM: scan: transition FOREIGN_CHANNEL => BSS_CHANNEL
2026-03-05 10:54:39,123 {d879 e502} [  195.217730] HSM: scan: transition BSS_CHANNEL => FOREIGN_CHANNEL
2026-03-05 10:54:39,136 <4>Jan 29 06:32:14 BZ2,002722b6662b,v4.3.28.11361: kernel: [  195.217730] HSM: scan: transition BSS_CHANNEL => FOREIGN_CHANNEL
2026-03-05 10:54:39,252 {d879 e502} [  195.347647] HSM: scan: transition FOREIGN_CHANNEL => BSS_CHANNEL
2026-03-05 10:54:39,263 <4>Jan 29 06:32:15 BZ2,002722b6662b,v4.3.28.11361: kernel: [  195.347647] HSM: scan: transition FOREIGN_CHANNEL => BSS_CHANNEL
2026-03-05 10:54:39,518 <11>Jan 29 06:32:15 BZ2,002722b6662b,v4.3.28.11361: : uplink-monitor[1148]: uplink-monitor.get_link_info(): uplink addr is null
2026-03-05 10:54:40,872 {d879 e502} [  196.967616] HSM: scan: transition BSS_CHANNEL => FOREIGN_CHANNEL
2026-03-05 10:54:40,886 <4>Jan 29 06:32:16 BZ2,002722b6662b,v4.3.28.11361: kernel: [  196.967616] HSM: scan: transition BSS_CHANNEL => FOREIGN_CHANNEL
2026-03-05 10:54:41,002 {d879 e502} [  197.097639] HSM: scan: transition FOREIGN_CHANNEL => BSS_CHANNEL
2026-03-05 10:54:41,013 <4>Jan 29 06:32:16 BZ2,002722b6662b,v4.3.28.11361: kernel: [  197.097639] HSM: scan: transition FOREIGN_CHANNEL => BSS_CHANNEL
2026-03-05 10:54:42,622 {d879 e502} [  198.717617] HSM: scan: transition BSS_CHANNEL => FOREIGN_CHANNEL
2026-03-05 10:54:42,636 <4>Jan 29 06:32:18 BZ2,002722b6662b,v4.3.28.11361: kernel: [  198.717617] HSM: scan: transition BSS_CHANNEL => FOREIGN_CHANNEL
2026-03-05 10:54:42,753 {d879 e502} [  198.847680] HSM: scan: transition FOREIGN_CHANNEL => BSS_CHANNEL
2026-03-05 10:54:42,763 <4>Jan 29 06:32:18 BZ2,002722b6662b,v4.3.28.11361: kernel: [  198.847680] HSM: scan: transition FOREIGN_CHANNEL => BSS_CHANNEL
2026-03-05 10:54:44,372 {d879 e502} [  200.467623] HSM: scan: transition BSS_CHANNEL => FOREIGN_CHANNEL
2026-03-05 10:54:44,386 <4>Jan 29 06:32:20 BZ2,002722b6662b,v4.3.28.11361: kernel: [  200.467623] HSM: scan: transition BSS_CHANNEL => FOREIGN_CHANNEL
2026-03-05 10:54:44,507 {d879 e502} [  200.602482] HSM: scan: transition FOREIGN_CHANNEL => IDLE
2026-03-05 10:54:44,514 <27>Jan 29 06:32:20 BZ2,002722b6662b,v4.3.28.11361: wpa_supplicant[1919]: driver_atheros_event_wireless: scan result event - SIOCGIWSCAN
2026-03-05 10:54:44,515 <4>Jan 29 06:32:20 BZ2,002722b6662b,v4.3.28.11361: kernel: [  200.602482] HSM: scan: transition FOREIGN_CHANNEL => IDLE
2026-03-05 10:54:45,536 {d879 e502} [  201.631544] HSM: scan: transition IDLE => BSS_CHANNEL
2026-03-05 10:54:45,543 <4>Jan 29 06:32:21 BZ2,002722b6662b,v4.3.28.11361: kernel: [  201.631544] HSM: scan: transition IDLE => BSS_CHANNEL
2026-03-05 10:54:46,013 {d879 e502} [  202.107623] HSM: scan: transition BSS_CHANNEL => FOREIGN_CHANNEL
2026-03-05 10:54:46,026 <4>Jan 29 06:32:21 BZ2,002722b6662b,v4.3.28.11361: kernel: [  202.107623] HSM: scan: transition BSS_CHANNEL => FOREIGN_CHANNEL
2026-03-05 10:54:46,142 {d879 e502} [  202.237632] HSM: scan: transition FOREIGN_CHANNEL => BSS_CHANNEL
2026-03-05 10:54:46,157 <4>Jan 29 06:32:21 BZ2,002722b6662b,v4.3.28.11361: kernel: [  202.237632] HSM: scan: transition FOREIGN_CHANNEL => BSS_CHANNEL
2026-03-05 10:54:47,773 {d879 e502} [  203.867880] HSM: scan: transition BSS_CHANNEL => FOREIGN_CHANNEL
2026-03-05 10:54:47,786 <4>Jan 29 06:32:23 BZ2,002722b6662b,v4.3.28.11361: kernel: [  203.867880] HSM: scan: transition BSS_CHANNEL => FOREIGN_CHANNEL
2026-03-05 10:54:47,903 {d879 e502} [  203.997643] HSM: scan: transition FOREIGN_CHANNEL => BSS_CHANNEL
2026-03-05 10:54:47,913 <4>Jan 29 06:32:23 BZ2,002722b6662b,v4.3.28.11361: kernel: [  203.997643] HSM: scan: transition FOREIGN_CHANNEL => BSS_CHANNEL
2026-03-05 10:54:49,523 {d879 e502} [  205.617855] HSM: scan: transition BSS_CHANNEL => FOREIGN_CHANNEL
2026-03-05 10:54:49,536 <4>Jan 29 06:32:25 BZ2,002722b6662b,v4.3.28.11361: kernel: [  205.617855] HSM: scan: transition BSS_CHANNEL => FOREIGN_CHANNEL
2026-03-05 10:54:49,652 {d879 e502} [  205.747636] HSM: scan: transition FOREIGN_CHANNEL => BSS_CHANNEL
2026-03-05 10:54:49,663 <4>Jan 29 06:32:25 BZ2,002722b6662b,v4.3.28.11361: kernel: [  205.747636] HSM: scan: transition FOREIGN_CHANNEL => BSS_CHANNEL
2026-03-05 10:54:51,272 {d879 e502} [  207.367617] HSM: scan: transition BSS_CHANNEL => FOREIGN_CHANNEL
2026-03-05 10:54:51,286 <4>Jan 29 06:32:27 BZ2,002722b6662b,v4.3.28.11361: kernel: [  207.367617] HSM: scan: transition BSS_CHANNEL => FOREIGN_CHANNEL
2026-03-05 10:54:51,402 {d879 e502} [  207.497649] HSM: scan: transition FOREIGN_CHANNEL => BSS_CHANNEL
2026-03-05 10:54:51,413 <4>Jan 29 06:32:27 BZ2,002722b6662b,v4.3.28.11361: kernel: [  207.497649] HSM: scan: transition FOREIGN_CHANNEL => BSS_CHANNEL
2026-03-05 10:54:53,022 {d879 e502} [  209.117619] HSM: scan: transition BSS_CHANNEL => FOREIGN_CHANNEL
2026-03-05 10:54:53,037 <4>Jan 29 06:32:28 BZ2,002722b6662b,v4.3.28.11361: kernel: [  209.117619] HSM: scan: transition BSS_CHANNEL => FOREIGN_CHANNEL
2026-03-05 10:54:53,153 {d879 e502} [  209.247638] HSM: scan: transition FOREIGN_CHANNEL => BSS_CHANNEL
2026-03-05 10:54:53,164 <4>Jan 29 06:32:28 BZ2,002722b6662b,v4.3.28.11361: kernel: [  209.247638] HSM: scan: transition FOREIGN_CHANNEL => BSS_CHANNEL
2026-03-05 10:54:54,772 {d879 e502} [  210.867617] HSM: scan: transition BSS_CHANNEL => FOREIGN_CHANNEL
2026-03-05 10:54:54,786 <4>Jan 29 06:32:30 BZ2,002722b6662b,v4.3.28.11361: kernel: [  210.867617] HSM: scan: transition BSS_CHANNEL => FOREIGN_CHANNEL
2026-03-05 10:54:54,902 {d879 e502} [  210.997627] HSM: scan: transition FOREIGN_CHANNEL => BSS_CHANNEL
2026-03-05 10:54:54,920 <4>Jan 29 06:32:30 BZ2,002722b6662b,v4.3.28.11361: kernel: [  210.997627] HSM: scan: transition FOREIGN_CHANNEL => BSS_CHANNEL
2026-03-05 10:54:54,920 <11>Jan 29 06:32:30 BZ2,002722b6662b,v4.3.28.11361: : uplink-monitor[1148]: uplink-monitor.get_link_info(): uplink addr is null
2026-03-05 10:54:56,522 {d879 e502} [  212.617626] HSM: scan: transition BSS_CHANNEL => FOREIGN_CHANNEL
2026-03-05 10:54:56,536 <4>Jan 29 06:32:32 BZ2,002722b6662b,v4.3.28.11361: kernel: [  212.617626] HSM: scan: transition BSS_CHANNEL => FOREIGN_CHANNEL
2026-03-05 10:54:56,652 {d879 e502} [  212.747632] HSM: scan: transition FOREIGN_CHANNEL => BSS_CHANNEL
2026-03-05 10:54:56,663 <4>Jan 29 06:32:32 BZ2,002722b6662b,v4.3.28.11361: kernel: [  212.747632] HSM: scan: transition FOREIGN_CHANNEL => BSS_CHANNEL
2026-03-05 10:54:58,273 {d879 e502} [  214.367618] HSM: scan: transition BSS_CHANNEL => FOREIGN_CHANNEL
2026-03-05 10:54:58,286 <4>Jan 29 06:32:34 BZ2,002722b6662b,v4.3.28.11361: kernel: [  214.367618] HSM: scan: transition BSS_CHANNEL => FOREIGN_CHANNEL
2026-03-05 10:54:58,403 {d879 e502} [  214.497631] HSM: scan: transition FOREIGN_CHANNEL => BSS_CHANNEL
2026-03-05 10:54:58,414 <4>Jan 29 06:32:34 BZ2,002722b6662b,v4.3.28.11361: kernel: [  214.497631] HSM: scan: transition FOREIGN_CHANNEL => BSS_CHANNEL
2026-03-05 10:55:00,022 {d879 e502} [  216.117617] HSM: scan: transition BSS_CHANNEL => FOREIGN_CHANNEL
2026-03-05 10:55:00,036 <4>Jan 29 06:32:35 BZ2,002722b6662b,v4.3.28.11361: kernel: [  216.117617] HSM: scan: transition BSS_CHANNEL => FOREIGN_CHANNEL
2026-03-05 10:55:00,153 {d879 e502} [  216.247629] HSM: scan: transition FOREIGN_CHANNEL => BSS_CHANNEL
2026-03-05 10:55:00,164 <4>Jan 29 06:32:35 BZ2,002722b6662b,v4.3.28.11361: kernel: [  216.247629] HSM: scan: transition FOREIGN_CHANNEL => BSS_CHANNEL
2026-03-05 10:55:01,773 {d879 e502} [  217.867617] HSM: scan: transition BSS_CHANNEL => FOREIGN_CHANNEL
2026-03-05 10:55:01,786 <4>Jan 29 06:32:37 BZ2,002722b6662b,v4.3.28.11361: kernel: [  217.867617] HSM: scan: transition BSS_CHANNEL => FOREIGN_CHANNEL
2026-03-05 10:55:01,903 {d879 e502} [  217.997635] HSM: scan: transition FOREIGN_CHANNEL => BSS_CHANNEL
2026-03-05 10:55:01,914 <4>Jan 29 06:32:37 BZ2,002722b6662b,v4.3.28.11361: kernel: [  217.997635] HSM: scan: transition FOREIGN_CHANNEL => BSS_CHANNEL
2026-03-05 10:55:03,523 {d879 e502} [  219.617624] HSM: scan: transition BSS_CHANNEL => FOREIGN_CHANNEL
2026-03-05 10:55:03,536 <4>Jan 29 06:32:39 BZ2,002722b6662b,v4.3.28.11361: kernel: [  219.617624] HSM: scan: transition BSS_CHANNEL => FOREIGN_CHANNEL
2026-03-05 10:55:03,653 {d879 e502} [  219.747638] HSM: scan: transition FOREIGN_CHANNEL => BSS_CHANNEL
2026-03-05 10:55:03,663 <4>Jan 29 06:32:39 BZ2,002722b6662b,v4.3.28.11361: kernel: [  219.747638] HSM: scan: transition FOREIGN_CHANNEL => BSS_CHANNEL
2026-03-05 10:55:05,273 {d879 e502} [  221.367622] HSM: scan: transition BSS_CHANNEL => FOREIGN_CHANNEL
2026-03-05 10:55:05,286 <4>Jan 29 06:32:41 BZ2,002722b6662b,v4.3.28.11361: kernel: [  221.367622] HSM: scan: transition BSS_CHANNEL => FOREIGN_CHANNEL
2026-03-05 10:55:05,403 {d879 e502} [  221.497673] HSM: scan: transition FOREIGN_CHANNEL => BSS_CHANNEL
2026-03-05 10:55:05,413 <4>Jan 29 06:32:41 BZ2,002722b6662b,v4.3.28.11361: kernel: [  221.497673] HSM: scan: transition FOREIGN_CHANNEL => BSS_CHANNEL
2026-03-05 10:55:07,023 {d879 e502} [  223.117617] HSM: scan: transition BSS_CHANNEL => FOREIGN_CHANNEL
2026-03-05 10:55:07,036 <4>Jan 29 06:32:42 BZ2,002722b6662b,v4.3.28.11361: kernel: [  223.117617] HSM: scan: transition BSS_CHANNEL => FOREIGN_CHANNEL
2026-03-05 10:55:07,158 {d879 e502} [  223.252462] HSM: scan: transition FOREIGN_CHANNEL => IDLE
2026-03-05 10:55:07,165 <27>Jan 29 06:32:42 BZ2,002722b6662b,v4.3.28.11361: wpa_supplicant[1919]: driver_atheros_event_wireless: scan result event - SIOCGIWSCAN
2026-03-05 10:55:07,165 <4>Jan 29 06:32:42 BZ2,002722b6662b,v4.3.28.11361: kernel: [  223.252462] HSM: scan: transition FOREIGN_CHANNEL => IDLE
2026-03-05 10:55:08,187 {d879 e502} [  224.281591] HSM: scan: transition IDLE => BSS_CHANNEL
2026-03-05 10:55:08,193 <4>Jan 29 06:32:43 BZ2,002722b6662b,v4.3.28.11361: kernel: [  224.281591] HSM: scan: transition IDLE => BSS_CHANNEL
2026-03-05 10:55:08,663 {d879 e502} [  224.757622] HSM: scan: transition BSS_CHANNEL => FOREIGN_CHANNEL
2026-03-05 10:55:08,676 <4>Jan 29 06:32:44 BZ2,002722b6662b,v4.3.28.11361: kernel: [  224.757622] HSM: scan: transition BSS_CHANNEL => FOREIGN_CHANNEL
2026-03-05 10:55:08,792 {d879 e502} [  224.887628] HSM: scan: transition FOREIGN_CHANNEL => BSS_CHANNEL
2026-03-05 10:55:08,807 <4>Jan 29 06:32:44 BZ2,002722b6662b,v4.3.28.11361: kernel: [  224.887628] HSM: scan: transition FOREIGN_CHANNEL => BSS_CHANNEL
2026-03-05 10:55:10,416 <11>Jan 29 06:32:46 BZ2,002722b6662b,v4.3.28.11361: : uplink-monitor[1148]: uplink-monitor.get_link_info(): uplink addr is null
2026-03-05 10:55:10,423 {d879 e502} [  226.517683] HSM: scan: transition BSS_CHANNEL => FOREIGN_CHANNEL
2026-03-05 10:55:10,436 <4>Jan 29 06:32:46 BZ2,002722b6662b,v4.3.28.11361: kernel: [  226.517683] HSM: scan: transition BSS_CHANNEL => FOREIGN_CHANNEL
2026-03-05 10:55:10,553 {d879 e502} [  226.647667] HSM: scan: transition FOREIGN_CHANNEL => BSS_CHANNEL
2026-03-05 10:55:10,563 <4>Jan 29 06:32:46 BZ2,002722b6662b,v4.3.28.11361: kernel: [  226.647667] HSM: scan: transition FOREIGN_CHANNEL => BSS_CHANNEL
2026-03-05 10:55:12,173 {d879 e502} [  228.267621] HSM: scan: transition BSS_CHANNEL => FOREIGN_CHANNEL
2026-03-05 10:55:12,187 <4>Jan 29 06:32:47 BZ2,002722b6662b,v4.3.28.11361: kernel: [  228.267621] HSM: scan: transition BSS_CHANNEL => FOREIGN_CHANNEL
2026-03-05 10:55:12,303 {d879 e502} [  228.397630] HSM: scan: transition FOREIGN_CHANNEL => BSS_CHANNEL
2026-03-05 10:55:12,314 <4>Jan 29 06:32:48 BZ2,002722b6662b,v4.3.28.11361: kernel: [  228.397630] HSM: scan: transition FOREIGN_CHANNEL => BSS_CHANNEL
2026-03-05 10:55:13,923 {d879 e502} [  230.017620] HSM: scan: transition BSS_CHANNEL => FOREIGN_CHANNEL
2026-03-05 10:55:13,936 <4>Jan 29 06:32:49 BZ2,002722b6662b,v4.3.28.11361: kernel: [  230.017620] HSM: scan: transition BSS_CHANNEL => FOREIGN_CHANNEL
2026-03-05 10:55:14,053 {d879 e502} [  230.147635] HSM: scan: transition FOREIGN_CHANNEL => BSS_CHANNEL
2026-03-05 10:55:14,064 <4>Jan 29 06:32:49 BZ2,002722b6662b,v4.3.28.11361: kernel: [  230.147635] HSM: scan: transition FOREIGN_CHANNEL => BSS_CHANNEL
2026-03-05 10:55:15,673 {d879 e502} [  231.767621] HSM: scan: transition BSS_CHANNEL => FOREIGN_CHANNEL
2026-03-05 10:55:15,686 <4>Jan 29 06:32:51 BZ2,002722b6662b,v4.3.28.11361: kernel: [  231.767621] HSM: scan: transition BSS_CHANNEL => FOREIGN_CHANNEL
2026-03-05 10:55:15,803 {d879 e502} [  231.897638] HSM: scan: transition FOREIGN_CHANNEL => BSS_CHANNEL
2026-03-05 10:55:15,814 <4>Jan 29 06:32:51 BZ2,002722b6662b,v4.3.28.11361: kernel: [  231.897638] HSM: scan: transition FOREIGN_CHANNEL => BSS_CHANNEL
2026-03-05 10:55:17,423 {d879 e502} [  233.517626] HSM: scan: transition BSS_CHANNEL => FOREIGN_CHANNEL
2026-03-05 10:55:17,436 <4>Jan 29 06:32:53 BZ2,002722b6662b,v4.3.28.11361: kernel: [  233.517626] HSM: scan: transition BSS_CHANNEL => FOREIGN_CHANNEL
2026-03-05 10:55:17,553 {d879 e502} [  233.647628] HSM: scan: transition FOREIGN_CHANNEL => BSS_CHANNEL
2026-03-05 10:55:17,564 <4>Jan 29 06:32:53 BZ2,002722b6662b,v4.3.28.11361: kernel: [  233.647628] HSM: scan: transition FOREIGN_CHANNEL => BSS_CHANNEL
2026-03-05 10:55:19,173 {d879 e502} [  235.267618] HSM: scan: transition BSS_CHANNEL => FOREIGN_CHANNEL
2026-03-05 10:55:19,186 <4>Jan 29 06:32:54 BZ2,002722b6662b,v4.3.28.11361: kernel: [  235.267618] HSM: scan: transition BSS_CHANNEL => FOREIGN_CHANNEL
2026-03-05 10:55:19,303 {d879 e502} [  235.397633] HSM: scan: transition FOREIGN_CHANNEL => BSS_CHANNEL
2026-03-05 10:55:19,314 <4>Jan 29 06:32:55 BZ2,002722b6662b,v4.3.28.11361: kernel: [  235.397633] HSM: scan: transition FOREIGN_CHANNEL => BSS_CHANNEL
2026-03-05 10:55:20,923 {d879 e502} [  237.017617] HSM: scan: transition BSS_CHANNEL => FOREIGN_CHANNEL
2026-03-05 10:55:20,936 <4>Jan 29 06:32:56 BZ2,002722b6662b,v4.3.28.11361: kernel: [  237.017617] HSM: scan: transition BSS_CHANNEL => FOREIGN_CHANNEL
2026-03-05 10:55:21,053 {d879 e502} [  237.147627] HSM: scan: transition FOREIGN_CHANNEL => BSS_CHANNEL
2026-03-05 10:55:21,064 <4>Jan 29 06:32:56 BZ2,002722b6662b,v4.3.28.11361: kernel: [  237.147627] HSM: scan: transition FOREIGN_CHANNEL => BSS_CHANNEL
2026-03-05 10:55:22,673 {d879 e502} [  238.767618] HSM: scan: transition BSS_CHANNEL => FOREIGN_CHANNEL
2026-03-05 10:55:22,686 <4>Jan 29 06:32:58 BZ2,002722b6662b,v4.3.28.11361: kernel: [  238.767618] HSM: scan: transition BSS_CHANNEL => FOREIGN_CHANNEL
2026-03-05 10:55:22,803 {d879 e502} [  238.897629] HSM: scan: transition FOREIGN_CHANNEL => BSS_CHANNEL
2026-03-05 10:55:22,814 <4>Jan 29 06:32:58 BZ2,002722b6662b,v4.3.28.11361: kernel: [  238.897629] HSM: scan: transition FOREIGN_CHANNEL => BSS_CHANNEL
2026-03-05 10:55:24,423 {d879 e502} [  240.517626] HSM: scan: transition BSS_CHANNEL => FOREIGN_CHANNEL
2026-03-05 10:55:24,436 <4>Jan 29 06:33:00 BZ2,002722b6662b,v4.3.28.11361: kernel: [  240.517626] HSM: scan: transition BSS_CHANNEL => FOREIGN_CHANNEL
2026-03-05 10:55:24,553 {d879 e502} [  240.647635] HSM: scan: transition FOREIGN_CHANNEL => BSS_CHANNEL
2026-03-05 10:55:24,564 <4>Jan 29 06:33:00 BZ2,002722b6662b,v4.3.28.11361: kernel: [  240.647635] HSM: scan: transition FOREIGN_CHANNEL => BSS_CHANNEL
2026-03-05 10:55:25,865 <11>Jan 29 06:33:01 BZ2,002722b6662b,v4.3.28.11361: : uplink-monitor[1148]: uplink-monitor.get_link_info(): uplink addr is null
2026-03-05 10:55:26,173 {d879 e502} [  242.267686] HSM: scan: transition BSS_CHANNEL => FOREIGN_CHANNEL
2026-03-05 10:55:26,187 <4>Jan 29 06:33:01 BZ2,002722b6662b,v4.3.28.11361: kernel: [  242.267686] HSM: scan: transition BSS_CHANNEL => FOREIGN_CHANNEL
2026-03-05 10:55:26,303 {d879 e502} [  242.397635] HSM: scan: transition FOREIGN_CHANNEL => BSS_CHANNEL
2026-03-05 10:55:26,314 <4>Jan 29 06:33:02 BZ2,002722b6662b,v4.3.28.11361: kernel: [  242.397635] HSM: scan: transition FOREIGN_CHANNEL => BSS_CHANNEL
2026-03-05 10:55:27,923 {d879 e502} [  244.017623] HSM: scan: transition BSS_CHANNEL => FOREIGN_CHANNEL
2026-03-05 10:55:27,937 <4>Jan 29 06:33:03 BZ2,002722b6662b,v4.3.28.11361: kernel: [  244.017623] HSM: scan: transition BSS_CHANNEL => FOREIGN_CHANNEL
2026-03-05 10:55:28,053 {d879 e502} [  244.147662] HSM: scan: transition FOREIGN_CHANNEL => BSS_CHANNEL
2026-03-05 10:55:28,064 <4>Jan 29 06:33:03 BZ2,002722b6662b,v4.3.28.11361: kernel: [  244.147662] HSM: scan: transition FOREIGN_CHANNEL => BSS_CHANNEL
2026-03-05 10:55:29,673 {d879 e502} [  245.767615] HSM: scan: transition BSS_CHANNEL => FOREIGN_CHANNEL
2026-03-05 10:55:29,686 <4>Jan 29 06:33:05 BZ2,002722b6662b,v4.3.28.11361: kernel: [  245.767615] HSM: scan: transition BSS_CHANNEL => FOREIGN_CHANNEL
2026-03-05 10:55:29,808 {d879 e502} [  245.902470] HSM: scan: transition FOREIGN_CHANNEL => IDLE
2026-03-05 10:55:29,815 <27>Jan 29 06:33:05 BZ2,002722b6662b,v4.3.28.11361: wpa_supplicant[1919]: driver_atheros_event_wireless: scan result event - SIOCGIWSCAN
2026-03-05 10:55:29,816 <4>Jan 29 06:33:05 BZ2,002722b6662b,v4.3.28.11361: kernel: [  245.902470] HSM: scan: transition FOREIGN_CHANNEL => IDLE
2026-03-05 10:55:30,838 {d879 e502} [  246.931581] HSM: scan: transition IDLE => BSS_CHANNEL
2026-03-05 10:55:30,844 <4>Jan 29 06:33:06 BZ2,002722b6662b,v4.3.28.11361: kernel: [  246.931581] HSM: scan: transition IDLE => BSS_CHANNEL
2026-03-05 10:55:31,313 {d879 e502} [  247.407620] HSM: scan: transition BSS_CHANNEL => FOREIGN_CHANNEL
2026-03-05 10:55:31,327 <4>Jan 29 06:33:07 BZ2,002722b6662b,v4.3.28.11361: kernel: [  247.407620] HSM: scan: transition BSS_CHANNEL => FOREIGN_CHANNEL
2026-03-05 10:55:31,443 {d879 e502} [  247.537630] HSM: scan: transition FOREIGN_CHANNEL => BSS_CHANNEL
2026-03-05 10:55:31,457 <4>Jan 29 06:33:07 BZ2,002722b6662b,v4.3.28.11361: kernel: [  247.537630] HSM: scan: transition FOREIGN_CHANNEL => BSS_CHANNEL
2026-03-05 10:55:33,073 {d879 e502} [  249.167616] HSM: scan: transition BSS_CHANNEL => FOREIGN_CHANNEL
2026-03-05 10:55:33,087 <4>Jan 29 06:33:08 BZ2,002722b6662b,v4.3.28.11361: kernel: [  249.167616] HSM: scan: transition BSS_CHANNEL => FOREIGN_CHANNEL
2026-03-05 10:55:33,203 {d879 e502} [  249.297637] HSM: scan: transition FOREIGN_CHANNEL => BSS_CHANNEL
2026-03-05 10:55:33,214 <4>Jan 29 06:33:08 BZ2,002722b6662b,v4.3.28.11361: kernel: [  249.297637] HSM: scan: transition FOREIGN_CHANNEL => BSS_CHANNEL
2026-03-05 10:55:34,823 {d879 e502} [  250.917623] HSM: scan: transition BSS_CHANNEL => FOREIGN_CHANNEL
2026-03-05 10:55:34,837 <4>Jan 29 06:33:10 BZ2,002722b6662b,v4.3.28.11361: kernel: [  250.917623] HSM: scan: transition BSS_CHANNEL => FOREIGN_CHANNEL
2026-03-05 10:55:34,961 {d879 e502} [  251.055359] HSM: scan: transition FOREIGN_CHANNEL => BSS_CHANNEL
2026-03-05 10:55:34,967 <4>Jan 29 06:33:10 BZ2,002722b6662b,v4.3.28.11361: kernel: [  251.055359] HSM: scan: transition FOREIGN_CHANNEL => BSS_CHANNEL
2026-03-05 10:55:36,583 {d879 e502} [  252.677622] HSM: scan: transition BSS_CHANNEL => FOREIGN_CHANNEL
2026-03-05 10:55:36,596 <4>Jan 29 06:33:12 BZ2,002722b6662b,v4.3.28.11361: kernel: [  252.677622] HSM: scan: transition BSS_CHANNEL => FOREIGN_CHANNEL
2026-03-05 10:55:36,713 {d879 e502} [  252.807636] HSM: scan: transition FOREIGN_CHANNEL => BSS_CHANNEL
2026-03-05 10:55:36,724 <4>Jan 29 06:33:12 BZ2,002722b6662b,v4.3.28.11361: kernel: [  252.807636] HSM: scan: transition FOREIGN_CHANNEL => BSS_CHANNEL
2026-03-05 10:55:38,333 {d879 e502} [  254.427622] HSM: scan: transition BSS_CHANNEL => FOREIGN_CHANNEL
2026-03-05 10:55:38,347 <4>Jan 29 06:33:14 BZ2,002722b6662b,v4.3.28.11361: kernel: [  254.427622] HSM: scan: transition BSS_CHANNEL => FOREIGN_CHANNEL
2026-03-05 10:55:38,463 {d879 e502} [  254.557628] HSM: scan: transition FOREIGN_CHANNEL => BSS_CHANNEL
2026-03-05 10:55:38,474 <4>Jan 29 06:33:14 BZ2,002722b6662b,v4.3.28.11361: kernel: [  254.557628] HSM: scan: transition FOREIGN_CHANNEL => BSS_CHANNEL
2026-03-05 10:55:40,083 {d879 e502} [  256.177624] HSM: scan: transition BSS_CHANNEL => FOREIGN_CHANNEL
2026-03-05 10:55:40,097 <4>Jan 29 06:33:15 BZ2,002722b6662b,v4.3.28.11361: kernel: [  256.177624] HSM: scan: transition BSS_CHANNEL => FOREIGN_CHANNEL
2026-03-05 10:55:40,213 {d879 e502} [  256.307628] HSM: scan: transition FOREIGN_CHANNEL => BSS_CHANNEL
2026-03-05 10:55:40,225 <4>Jan 29 06:33:15 BZ2,002722b6662b,v4.3.28.11361: kernel: [  256.307628] HSM: scan: transition FOREIGN_CHANNEL => BSS_CHANNEL
2026-03-05 10:55:41,299 <11>Jan 29 06:33:17 BZ2,002722b6662b,v4.3.28.11361: : uplink-monitor[1148]: uplink-monitor.get_link_info(): uplink addr is null
2026-03-05 10:55:41,833 {d879 e502} [  257.927617] HSM: scan: transition BSS_CHANNEL => FOREIGN_CHANNEL
2026-03-05 10:55:41,847 <4>Jan 29 06:33:17 BZ2,002722b6662b,v4.3.28.11361: kernel: [  257.927617] HSM: scan: transition BSS_CHANNEL => FOREIGN_CHANNEL
2026-03-05 10:55:41,963 {d879 e502} [  258.057633] HSM: scan: transition FOREIGN_CHANNEL => BSS_CHANNEL
2026-03-05 10:55:41,974 <4>Jan 29 06:33:17 BZ2,002722b6662b,v4.3.28.11361: kernel: [  258.057633] HSM: scan: transition FOREIGN_CHANNEL => BSS_CHANNEL
2026-03-05 10:55:43,583 {d879 e502} [  259.677625] HSM: scan: transition BSS_CHANNEL => FOREIGN_CHANNEL
2026-03-05 10:55:43,597 <4>Jan 29 06:33:19 BZ2,002722b6662b,v4.3.28.11361: kernel: [  259.677625] HSM: scan: transition BSS_CHANNEL => FOREIGN_CHANNEL
2026-03-05 10:55:43,713 {d879 e502} [  259.807628] HSM: scan: transition FOREIGN_CHANNEL => BSS_CHANNEL
2026-03-05 10:55:43,724 <4>Jan 29 06:33:19 BZ2,002722b6662b,v4.3.28.11361: kernel: [  259.807628] HSM: scan: transition FOREIGN_CHANNEL => BSS_CHANNEL
2026-03-05 10:55:45,333 {d879 e502} [  261.427617] HSM: scan: transition BSS_CHANNEL => FOREIGN_CHANNEL
2026-03-05 10:55:45,347 <4>Jan 29 06:33:21 BZ2,002722b6662b,v4.3.28.11361: kernel: [  261.427617] HSM: scan: transition BSS_CHANNEL => FOREIGN_CHANNEL
2026-03-05 10:55:45,463 {d879 e502} [  261.557634] HSM: scan: transition FOREIGN_CHANNEL => BSS_CHANNEL
2026-03-05 10:55:45,474 <4>Jan 29 06:33:21 BZ2,002722b6662b,v4.3.28.11361: kernel: [  261.557634] HSM: scan: transition FOREIGN_CHANNEL => BSS_CHANNEL
2026-03-05 10:55:47,083 {d879 e502} [  263.177618] HSM: scan: transition BSS_CHANNEL => FOREIGN_CHANNEL
2026-03-05 10:55:47,097 <4>Jan 29 06:33:22 BZ2,002722b6662b,v4.3.28.11361: kernel: [  263.177618] HSM: scan: transition BSS_CHANNEL => FOREIGN_CHANNEL
2026-03-05 10:55:47,213 {d879 e502} [  263.307636] HSM: scan: transition FOREIGN_CHANNEL => BSS_CHANNEL
2026-03-05 10:55:47,224 <4>Jan 29 06:33:22 BZ2,002722b6662b,v4.3.28.11361: kernel: [  263.307636] HSM: scan: transition FOREIGN_CHANNEL => BSS_CHANNEL
2026-03-05 10:55:48,833 {d879 e502} [  264.927623] HSM: scan: transition BSS_CHANNEL => FOREIGN_CHANNEL
2026-03-05 10:55:48,847 <4>Jan 29 06:33:24 BZ2,002722b6662b,v4.3.28.11361: kernel: [  264.927623] HSM: scan: transition BSS_CHANNEL => FOREIGN_CHANNEL
2026-03-05 10:55:48,963 {d879 e502} [  265.057640] HSM: scan: transition FOREIGN_CHANNEL => BSS_CHANNEL
2026-03-05 10:55:48,974 <4>Jan 29 06:33:24 BZ2,002722b6662b,v4.3.28.11361: kernel: [  265.057640] HSM: scan: transition FOREIGN_CHANNEL => BSS_CHANNEL
2026-03-05 10:55:50,583 {d879 e502} [  266.677616] HSM: scan: transition BSS_CHANNEL => FOREIGN_CHANNEL
2026-03-05 10:55:50,597 <4>Jan 29 06:33:26 BZ2,002722b6662b,v4.3.28.11361: kernel: [  266.677616] HSM: scan: transition BSS_CHANNEL => FOREIGN_CHANNEL
2026-03-05 10:55:50,713 {d879 e502} [  266.807642] HSM: scan: transition FOREIGN_CHANNEL => BSS_CHANNEL
2026-03-05 10:55:50,724 <4>Jan 29 06:33:26 BZ2,002722b6662b,v4.3.28.11361: kernel: [  266.807642] HSM: scan: transition FOREIGN_CHANNEL => BSS_CHANNEL
2026-03-05 10:55:52,333 {d879 e502} [  268.427616] HSM: scan: transition BSS_CHANNEL => FOREIGN_CHANNEL
2026-03-05 10:55:52,347 <4>Jan 29 06:33:28 BZ2,002722b6662b,v4.3.28.11361: kernel: [  268.427616] HSM: scan: transition BSS_CHANNEL => FOREIGN_CHANNEL
2026-03-05 10:55:52,468 {d879 e502} [  268.562472] HSM: scan: transition FOREIGN_CHANNEL => IDLE
2026-03-05 10:55:52,475 <27>Jan 29 06:33:28 BZ2,002722b6662b,v4.3.28.11361: wpa_supplicant[1919]: driver_atheros_event_wireless: scan result event - SIOCGIWSCAN
2026-03-05 10:55:52,476 <4>Jan 29 06:33:28 BZ2,002722b6662b,v4.3.28.11361: kernel: [  268.562472] HSM: scan: transition FOREIGN_CHANNEL => IDLE
2026-03-05 10:55:53,497 {d879 e502} [  269.591600] HSM: scan: transition IDLE => BSS_CHANNEL
2026-03-05 10:55:53,504 <4>Jan 29 06:33:29 BZ2,002722b6662b,v4.3.28.11361: kernel: [  269.591600] HSM: scan: transition IDLE => BSS_CHANNEL
2026-03-05 10:55:53,973 {d879 e502} [  270.067623] HSM: scan: transition BSS_CHANNEL => FOREIGN_CHANNEL
2026-03-05 10:55:53,987 <4>Jan 29 06:33:29 BZ2,002722b6662b,v4.3.28.11361: kernel: [  270.067623] HSM: scan: transition BSS_CHANNEL => FOREIGN_CHANNEL
2026-03-05 10:55:54,103 {d879 e502} [  270.197627] HSM: scan: transition FOREIGN_CHANNEL => BSS_CHANNEL
2026-03-05 10:55:54,117 <4>Jan 29 06:33:29 BZ2,002722b6662b,v4.3.28.11361: kernel: [  270.197627] HSM: scan: transition FOREIGN_CHANNEL => BSS_CHANNEL
2026-03-05 10:55:55,733 {d879 e502} [  271.827618] HSM: scan: transition BSS_CHANNEL => FOREIGN_CHANNEL
2026-03-05 10:55:55,747 <4>Jan 29 06:33:31 BZ2,002722b6662b,v4.3.28.11361: kernel: [  271.827618] HSM: scan: transition BSS_CHANNEL => FOREIGN_CHANNEL
2026-03-05 10:55:55,863 {d879 e502} [  271.957742] HSM: scan: transition FOREIGN_CHANNEL => BSS_CHANNEL
2026-03-05 10:55:55,874 <4>Jan 29 06:33:31 BZ2,002722b6662b,v4.3.28.11361: kernel: [  271.957742] HSM: scan: transition FOREIGN_CHANNEL => BSS_CHANNEL
2026-03-05 10:55:56,701 <11>Jan 29 06:33:32 BZ2,002722b6662b,v4.3.28.11361: : uplink-monitor[1148]: uplink-monitor.get_link_info(): uplink addr is null
2026-03-05 10:55:57,483 {d879 e502} [  273.577622] HSM: scan: transition BSS_CHANNEL => FOREIGN_CHANNEL
2026-03-05 10:55:57,497 <4>Jan 29 06:33:33 BZ2,002722b6662b,v4.3.28.11361: kernel: [  273.577622] HSM: scan: transition BSS_CHANNEL => FOREIGN_CHANNEL
2026-03-05 10:55:57,613 {d879 e502} [  273.707634] HSM: scan: transition FOREIGN_CHANNEL => BSS_CHANNEL
2026-03-05 10:55:57,624 <4>Jan 29 06:33:33 BZ2,002722b6662b,v4.3.28.11361: kernel: [  273.707634] HSM: scan: transition FOREIGN_CHANNEL => BSS_CHANNEL
2026-03-05 10:55:59,233 {d879 e502} [  275.327620] HSM: scan: transition BSS_CHANNEL => FOREIGN_CHANNEL
2026-03-05 10:55:59,247 <4>Jan 29 06:33:35 BZ2,002722b6662b,v4.3.28.11361: kernel: [  275.327620] HSM: scan: transition BSS_CHANNEL => FOREIGN_CHANNEL
2026-03-05 10:55:59,363 {d879 e502} [  275.457634] HSM: scan: transition FOREIGN_CHANNEL => BSS_CHANNEL
2026-03-05 10:55:59,374 <4>Jan 29 06:33:35 BZ2,002722b6662b,v4.3.28.11361: kernel: [  275.457634] HSM: scan: transition FOREIGN_CHANNEL => BSS_CHANNEL
2026-03-05 10:56:00,983 {d879 e502} [  277.077619] HSM: scan: transition BSS_CHANNEL => FOREIGN_CHANNEL
2026-03-05 10:56:00,997 <4>Jan 29 06:33:36 BZ2,002722b6662b,v4.3.28.11361: kernel: [  277.077619] HSM: scan: transition BSS_CHANNEL => FOREIGN_CHANNEL
2026-03-05 10:56:01,113 {d879 e502} [  277.207634] HSM: scan: transition FOREIGN_CHANNEL => BSS_CHANNEL
2026-03-05 10:56:01,125 <4>Jan 29 06:33:36 BZ2,002722b6662b,v4.3.28.11361: kernel: [  277.207634] HSM: scan: transition FOREIGN_CHANNEL => BSS_CHANNEL
2026-03-05 10:56:02,733 {d879 e502} [  278.827622] HSM: scan: transition BSS_CHANNEL => FOREIGN_CHANNEL
2026-03-05 10:56:02,747 <4>Jan 29 06:33:38 BZ2,002722b6662b,v4.3.28.11361: kernel: [  278.827622] HSM: scan: transition BSS_CHANNEL => FOREIGN_CHANNEL
2026-03-05 10:56:02,863 {d879 e502} [  278.957635] HSM: scan: transition FOREIGN_CHANNEL => BSS_CHANNEL
2026-03-05 10:56:02,874 <4>Jan 29 06:33:38 BZ2,002722b6662b,v4.3.28.11361: kernel: [  278.957635] HSM: scan: transition FOREIGN_CHANNEL => BSS_CHANNEL
2026-03-05 10:56:04,483 {d879 e502} [  280.577623] HSM: scan: transition BSS_CHANNEL => FOREIGN_CHANNEL
2026-03-05 10:56:04,498 <4>Jan 29 06:33:40 BZ2,002722b6662b,v4.3.28.11361: kernel: [  280.577623] HSM: scan: transition BSS_CHANNEL => FOREIGN_CHANNEL
2026-03-05 10:56:04,613 {d879 e502} [  280.707634] HSM: scan: transition FOREIGN_CHANNEL => BSS_CHANNEL
2026-03-05 10:56:04,624 <4>Jan 29 06:33:40 BZ2,002722b6662b,v4.3.28.11361: kernel: [  280.707634] HSM: scan: transition FOREIGN_CHANNEL => BSS_CHANNEL
2026-03-05 10:56:06,234 {d879 e502} [  282.327620] HSM: scan: transition BSS_CHANNEL => FOREIGN_CHANNEL
2026-03-05 10:56:06,247 <4>Jan 29 06:33:42 BZ2,002722b6662b,v4.3.28.11361: kernel: [  282.327620] HSM: scan: transition BSS_CHANNEL => FOREIGN_CHANNEL
2026-03-05 10:56:06,363 {d879 e502} [  282.457631] HSM: scan: transition FOREIGN_CHANNEL => BSS_CHANNEL
2026-03-05 10:56:06,374 <4>Jan 29 06:33:42 BZ2,002722b6662b,v4.3.28.11361: kernel: [  282.457631] HSM: scan: transition FOREIGN_CHANNEL => BSS_CHANNEL
2026-03-05 10:56:07,984 {d879 e502} [  284.077619] HSM: scan: transition BSS_CHANNEL => FOREIGN_CHANNEL
2026-03-05 10:56:07,997 <4>Jan 29 06:33:43 BZ2,002722b6662b,v4.3.28.11361: kernel: [  284.077619] HSM: scan: transition BSS_CHANNEL => FOREIGN_CHANNEL
2026-03-05 10:56:08,114 {d879 e502} [  284.207637] HSM: scan: transition FOREIGN_CHANNEL => BSS_CHANNEL
2026-03-05 10:56:08,124 <4>Jan 29 06:33:43 BZ2,002722b6662b,v4.3.28.11361: kernel: [  284.207637] HSM: scan: transition FOREIGN_CHANNEL => BSS_CHANNEL
2026-03-05 10:56:09,733 {d879 e502} [  285.827623] HSM: scan: transition BSS_CHANNEL => FOREIGN_CHANNEL
2026-03-05 10:56:09,747 <4>Jan 29 06:33:45 BZ2,002722b6662b,v4.3.28.11361: kernel: [  285.827623] HSM: scan: transition BSS_CHANNEL => FOREIGN_CHANNEL
2026-03-05 10:56:09,864 {d879 e502} [  285.957820] HSM: scan: transition FOREIGN_CHANNEL => BSS_CHANNEL
2026-03-05 10:56:09,874 <4>Jan 29 06:33:45 BZ2,002722b6662b,v4.3.28.11361: kernel: [  285.957820] HSM: scan: transition FOREIGN_CHANNEL => BSS_CHANNEL
2026-03-05 10:56:11,484 {d879 e502} [  287.577627] HSM: scan: transition BSS_CHANNEL => FOREIGN_CHANNEL
2026-03-05 10:56:11,497 <4>Jan 29 06:33:47 BZ2,002722b6662b,v4.3.28.11361: kernel: [  287.577627] HSM: scan: transition BSS_CHANNEL => FOREIGN_CHANNEL
2026-03-05 10:56:11,613 {d879 e502} [  287.707651] HSM: scan: transition FOREIGN_CHANNEL => BSS_CHANNEL
2026-03-05 10:56:11,624 <4>Jan 29 06:33:47 BZ2,002722b6662b,v4.3.28.11361: kernel: [  287.707651] HSM: scan: transition FOREIGN_CHANNEL => BSS_CHANNEL
2026-03-05 10:56:12,113 <11>Jan 29 06:33:47 BZ2,002722b6662b,v4.3.28.11361: : uplink-monitor[1148]: uplink-monitor.get_link_info(): uplink addr is null
2026-03-05 10:56:13,234 {d879 e502} [  289.327703] HSM: scan: transition BSS_CHANNEL => FOREIGN_CHANNEL
2026-03-05 10:56:13,247 <4>Jan 29 06:33:49 BZ2,002722b6662b,v4.3.28.11361: kernel: [  289.327703] HSM: scan: transition BSS_CHANNEL => FOREIGN_CHANNEL
2026-03-05 10:56:13,364 {d879 e502} [  289.458305] HSM: scan: transition FOREIGN_CHANNEL => BSS_CHANNEL
2026-03-05 10:56:13,374 <4>Jan 29 06:33:49 BZ2,002722b6662b,v4.3.28.11361: kernel: [  289.458305] HSM: scan: transition FOREIGN_CHANNEL => BSS_CHANNEL
2026-03-05 10:56:14,984 {d879 e502} [  291.077621] HSM: scan: transition BSS_CHANNEL => FOREIGN_CHANNEL
2026-03-05 10:56:14,997 <4>Jan 29 06:33:50 BZ2,002722b6662b,v4.3.28.11361: kernel: [  291.077621] HSM: scan: transition BSS_CHANNEL => FOREIGN_CHANNEL
2026-03-05 10:56:15,118 {d879 e502} [  291.212501] HSM: scan: transition FOREIGN_CHANNEL => IDLE
2026-03-05 10:56:15,125 <27>Jan 29 06:33:50 BZ2,002722b6662b,v4.3.28.11361: wpa_supplicant[1919]: driver_atheros_event_wireless: scan result event - SIOCGIWSCAN
2026-03-05 10:56:15,125 <4>Jan 29 06:33:50 BZ2,002722b6662b,v4.3.28.11361: kernel: [  291.212501] HSM: scan: transition FOREIGN_CHANNEL => IDLE
2026-03-05 10:56:16,148 {d879 e502} [  292.241552] HSM: scan: transition IDLE => BSS_CHANNEL
2026-03-05 10:56:16,154 <4>Jan 29 06:33:51 BZ2,002722b6662b,v4.3.28.11361: kernel: [  292.241552] HSM: scan: transition IDLE => BSS_CHANNEL
2026-03-05 10:56:16,624 {d879 e502} [  292.717618] HSM: scan: transition BSS_CHANNEL => FOREIGN_CHANNEL
2026-03-05 10:56:16,638 <4>Jan 29 06:33:52 BZ2,002722b6662b,v4.3.28.11361: kernel: [  292.717618] HSM: scan: transition BSS_CHANNEL => FOREIGN_CHANNEL
2026-03-05 10:56:16,753 {d879 e502} [  292.847627] HSM: scan: transition FOREIGN_CHANNEL => BSS_CHANNEL
2026-03-05 10:56:16,767 <4>Jan 29 06:33:52 BZ2,002722b6662b,v4.3.28.11361: kernel: [  292.847627] HSM: scan: transition FOREIGN_CHANNEL => BSS_CHANNEL
2026-03-05 10:56:18,384 {d879 e502} [  294.477624] HSM: scan: transition BSS_CHANNEL => FOREIGN_CHANNEL
2026-03-05 10:56:18,397 <4>Jan 29 06:33:54 BZ2,002722b6662b,v4.3.28.11361: kernel: [  294.477624] HSM: scan: transition BSS_CHANNEL => FOREIGN_CHANNEL
2026-03-05 10:56:18,513 {d879 e502} [  294.607649] HSM: scan: transition FOREIGN_CHANNEL => BSS_CHANNEL
2026-03-05 10:56:18,525 <4>Jan 29 06:33:54 BZ2,002722b6662b,v4.3.28.11361: kernel: [  294.607649] HSM: scan: transition FOREIGN_CHANNEL => BSS_CHANNEL
2026-03-05 10:56:20,134 {d879 e502} [  296.227626] HSM: scan: transition BSS_CHANNEL => FOREIGN_CHANNEL
2026-03-05 10:56:20,148 <4>Jan 29 06:33:55 BZ2,002722b6662b,v4.3.28.11361: kernel: [  296.227626] HSM: scan: transition BSS_CHANNEL => FOREIGN_CHANNEL
2026-03-05 10:56:20,264 {d879 e502} [  296.357817] HSM: scan: transition FOREIGN_CHANNEL => BSS_CHANNEL
2026-03-05 10:56:20,274 <4>Jan 29 06:33:56 BZ2,002722b6662b,v4.3.28.11361: kernel: [  296.357817] HSM: scan: transition FOREIGN_CHANNEL => BSS_CHANNEL
2026-03-05 10:56:21,884 {d879 e502} [  297.977626] HSM: scan: transition BSS_CHANNEL => FOREIGN_CHANNEL
2026-03-05 10:56:21,897 <4>Jan 29 06:33:57 BZ2,002722b6662b,v4.3.28.11361: kernel: [  297.977626] HSM: scan: transition BSS_CHANNEL => FOREIGN_CHANNEL
2026-03-05 10:56:22,014 {d879 e502} [  298.107647] HSM: scan: transition FOREIGN_CHANNEL => BSS_CHANNEL
2026-03-05 10:56:22,024 <4>Jan 29 06:33:57 BZ2,002722b6662b,v4.3.28.11361: kernel: [  298.107647] HSM: scan: transition FOREIGN_CHANNEL => BSS_CHANNEL
2026-03-05 10:56:23,634 {d879 e502} [  299.727617] HSM: scan: transition BSS_CHANNEL => FOREIGN_CHANNEL
2026-03-05 10:56:23,647 <4>Jan 29 06:33:59 BZ2,002722b6662b,v4.3.28.11361: kernel: [  299.727617] HSM: scan: transition BSS_CHANNEL => FOREIGN_CHANNEL
2026-03-05 10:56:23,764 {d879 e502} [  299.857634] HSM: scan: transition FOREIGN_CHANNEL => BSS_CHANNEL
2026-03-05 10:56:23,775 <4>Jan 29 06:33:59 BZ2,002722b6662b,v4.3.28.11361: kernel: [  299.857634] HSM: scan: transition FOREIGN_CHANNEL => BSS_CHANNEL
2026-03-05 10:56:25,384 {d879 e502} [  301.477623] HSM: scan: transition BSS_CHANNEL => FOREIGN_CHANNEL
2026-03-05 10:56:25,397 <4>Jan 29 06:34:01 BZ2,002722b6662b,v4.3.28.11361: kernel: [  301.477623] HSM: scan: transition BSS_CHANNEL => FOREIGN_CHANNEL
2026-03-05 10:56:25,514 {d879 e502} [  301.607634] HSM: scan: transition FOREIGN_CHANNEL => BSS_CHANNEL
2026-03-05 10:56:25,525 <4>Jan 29 06:34:01 BZ2,002722b6662b,v4.3.28.11361: kernel: [  301.607634] HSM: scan: transition FOREIGN_CHANNEL => BSS_CHANNEL
2026-03-05 10:56:27,134 {d879 e502} [  303.227625] HSM: scan: transition BSS_CHANNEL => FOREIGN_CHANNEL
2026-03-05 10:56:27,147 <4>Jan 29 06:34:02 BZ2,002722b6662b,v4.3.28.11361: kernel: [  303.227625] HSM: scan: transition BSS_CHANNEL => FOREIGN_CHANNEL
2026-03-05 10:56:27,264 {d879 e502} [  303.357636] HSM: scan: transition FOREIGN_CHANNEL => BSS_CHANNEL
2026-03-05 10:56:27,275 <4>Jan 29 06:34:03 BZ2,002722b6662b,v4.3.28.11361: kernel: [  303.357636] HSM: scan: transition FOREIGN_CHANNEL => BSS_CHANNEL
2026-03-05 10:56:27,539 <11>Jan 29 06:34:03 BZ2,002722b6662b,v4.3.28.11361: : uplink-monitor[1148]: uplink-monitor.get_link_info(): uplink addr is null
2026-03-05 10:56:28,884 {d879 e502} [  304.977625] HSM: scan: transition BSS_CHANNEL => FOREIGN_CHANNEL
2026-03-05 10:56:28,897 <4>Jan 29 06:34:04 BZ2,002722b6662b,v4.3.28.11361: kernel: [  304.977625] HSM: scan: transition BSS_CHANNEL => FOREIGN_CHANNEL
2026-03-05 10:56:29,014 {d879 e502} [  305.107640] HSM: scan: transition FOREIGN_CHANNEL => BSS_CHANNEL
2026-03-05 10:56:29,025 <4>Jan 29 06:34:04 BZ2,002722b6662b,v4.3.28.11361: kernel: [  305.107640] HSM: scan: transition FOREIGN_CHANNEL => BSS_CHANNEL
2026-03-05 10:56:30,634 {d879 e502} [  306.727623] HSM: scan: transition BSS_CHANNEL => FOREIGN_CHANNEL
2026-03-05 10:56:30,648 <4>Jan 29 06:34:06 BZ2,002722b6662b,v4.3.28.11361: kernel: [  306.727623] HSM: scan: transition BSS_CHANNEL => FOREIGN_CHANNEL
2026-03-05 10:56:30,764 {d879 e502} [  306.857636] HSM: scan: transition FOREIGN_CHANNEL => BSS_CHANNEL
2026-03-05 10:56:30,775 <4>Jan 29 06:34:06 BZ2,002722b6662b,v4.3.28.11361: kernel: [  306.857636] HSM: scan: transition FOREIGN_CHANNEL => BSS_CHANNEL
2026-03-05 10:56:32,384 {d879 e502} [  308.477621] HSM: scan: transition BSS_CHANNEL => FOREIGN_CHANNEL
2026-03-05 10:56:32,397 <4>Jan 29 06:34:08 BZ2,002722b6662b,v4.3.28.11361: kernel: [  308.477621] HSM: scan: transition BSS_CHANNEL => FOREIGN_CHANNEL
2026-03-05 10:56:32,514 {d879 e502} [  308.607679] HSM: scan: transition FOREIGN_CHANNEL => BSS_CHANNEL
2026-03-05 10:56:32,525 <4>Jan 29 06:34:08 BZ2,002722b6662b,v4.3.28.11361: kernel: [  308.607679] HSM: scan: transition FOREIGN_CHANNEL => BSS_CHANNEL
2026-03-05 10:56:34,134 {d879 e502} [  310.227626] HSM: scan: transition BSS_CHANNEL => FOREIGN_CHANNEL
2026-03-05 10:56:34,147 <4>Jan 29 06:34:09 BZ2,002722b6662b,v4.3.28.11361: kernel: [  310.227626] HSM: scan: transition BSS_CHANNEL => FOREIGN_CHANNEL
2026-03-05 10:56:34,264 {d879 e502} [  310.357645] HSM: scan: transition FOREIGN_CHANNEL => BSS_CHANNEL
2026-03-05 10:56:34,275 <4>Jan 29 06:34:10 BZ2,002722b6662b,v4.3.28.11361: kernel: [  310.357645] HSM: scan: transition FOREIGN_CHANNEL => BSS_CHANNEL
2026-03-05 10:56:35,884 {d879 e502} [  311.977626] HSM: scan: transition BSS_CHANNEL => FOREIGN_CHANNEL
2026-03-05 10:56:35,897 <4>Jan 29 06:34:11 BZ2,002722b6662b,v4.3.28.11361: kernel: [  311.977626] HSM: scan: transition BSS_CHANNEL => FOREIGN_CHANNEL
2026-03-05 10:56:36,014 {d879 e502} [  312.107645] HSM: scan: transition FOREIGN_CHANNEL => BSS_CHANNEL
2026-03-05 10:56:36,024 <4>Jan 29 06:34:11 BZ2,002722b6662b,v4.3.28.11361: kernel: [  312.107645] HSM: scan: transition FOREIGN_CHANNEL => BSS_CHANNEL
2026-03-05 10:56:37,634 {d879 e502} [  313.727625] HSM: scan: transition BSS_CHANNEL => FOREIGN_CHANNEL
2026-03-05 10:56:37,647 <4>Jan 29 06:34:13 BZ2,002722b6662b,v4.3.28.11361: kernel: [  313.727625] HSM: scan: transition BSS_CHANNEL => FOREIGN_CHANNEL
2026-03-05 10:56:37,769 {d879 e502} [  313.862591] HSM: scan: transition FOREIGN_CHANNEL => IDLE
2026-03-05 10:56:37,778 <4>Jan 29 06:34:13 BZ2,002722b6662b,v4.3.28.11361: kernel: [  313.862591] HSM: scan: transition FOREIGN_CHANNEL => IDLE
2026-03-05 10:56:37,780 <27>Jan 29 06:34:13 BZ2,002722b6662b,v4.3.28.11361: wpa_supplicant[1919]: driver_atheros_event_wireless: scan result event - SIOCGIWSCAN
2026-03-05 10:56:38,798 {d879 e502} [  314.891544] HSM: scan: transition IDLE => BSS_CHANNEL
2026-03-05 10:56:38,804 <4>Jan 29 06:34:14 BZ2,002722b6662b,v4.3.28.11361: kernel: [  314.891544] HSM: scan: transition IDLE => BSS_CHANNEL
2026-03-05 10:56:39,274 {d879 e502} [  315.367619] HSM: scan: transition BSS_CHANNEL => FOREIGN_CHANNEL
2026-03-05 10:56:39,287 <4>Jan 29 06:34:15 BZ2,002722b6662b,v4.3.28.11361: kernel: [  315.367619] HSM: scan: transition BSS_CHANNEL => FOREIGN_CHANNEL
2026-03-05 10:56:39,404 {d879 e502} [  315.497628] HSM: scan: transition FOREIGN_CHANNEL => BSS_CHANNEL
2026-03-05 10:56:39,418 <4>Jan 29 06:34:15 BZ2,002722b6662b,v4.3.28.11361: kernel: [  315.497628] HSM: scan: transition FOREIGN_CHANNEL => BSS_CHANNEL
2026-03-05 10:56:41,034 {d879 e502} [  317.127624] HSM: scan: transition BSS_CHANNEL => FOREIGN_CHANNEL
2026-03-05 10:56:41,047 <4>Jan 29 06:34:16 BZ2,002722b6662b,v4.3.28.11361: kernel: [  317.127624] HSM: scan: transition BSS_CHANNEL => FOREIGN_CHANNEL
2026-03-05 10:56:41,164 {d879 e502} [  317.257924] HSM: scan: transition FOREIGN_CHANNEL => BSS_CHANNEL
2026-03-05 10:56:41,174 <4>Jan 29 06:34:16 BZ2,002722b6662b,v4.3.28.11361: kernel: [  317.257924] HSM: scan: transition FOREIGN_CHANNEL => BSS_CHANNEL
2026-03-05 10:56:42,784 {d879 e502} [  318.877624] HSM: scan: transition BSS_CHANNEL => FOREIGN_CHANNEL
2026-03-05 10:56:42,797 <4>Jan 29 06:34:18 BZ2,002722b6662b,v4.3.28.11361: kernel: [  318.877624] HSM: scan: transition BSS_CHANNEL => FOREIGN_CHANNEL
2026-03-05 10:56:42,914 {d879 e502} [  319.007648] HSM: scan: transition FOREIGN_CHANNEL => BSS_CHANNEL
2026-03-05 10:56:42,925 <4>Jan 29 06:34:18 BZ2,002722b6662b,v4.3.28.11361: kernel: [  319.007648] HSM: scan: transition FOREIGN_CHANNEL => BSS_CHANNEL
2026-03-05 10:56:42,956 <11>Jan 29 06:34:18 BZ2,002722b6662b,v4.3.28.11361: : uplink-monitor[1148]: uplink-monitor.get_link_info(): uplink addr is null
2026-03-05 10:56:44,534 {d879 e502} [  320.627621] HSM: scan: transition BSS_CHANNEL => FOREIGN_CHANNEL
2026-03-05 10:56:44,548 <4>Jan 29 06:34:20 BZ2,002722b6662b,v4.3.28.11361: kernel: [  320.627621] HSM: scan: transition BSS_CHANNEL => FOREIGN_CHANNEL
2026-03-05 10:56:44,664 {d879 e502} [  320.757724] HSM: scan: transition FOREIGN_CHANNEL => BSS_CHANNEL
2026-03-05 10:56:44,674 <4>Jan 29 06:34:20 BZ2,002722b6662b,v4.3.28.11361: kernel: [  320.757724] HSM: scan: transition FOREIGN_CHANNEL => BSS_CHANNEL
2026-03-05 10:56:46,284 {d879 e502} [  322.377611] HSM: scan: transition BSS_CHANNEL => FOREIGN_CHANNEL
2026-03-05 10:56:46,298 <4>Jan 29 06:34:22 BZ2,002722b6662b,v4.3.28.11361: kernel: [  322.377611] HSM: scan: transition BSS_CHANNEL => FOREIGN_CHANNEL
2026-03-05 10:56:46,414 {d879 e502} [  322.507645] HSM: scan: transition FOREIGN_CHANNEL => BSS_CHANNEL
2026-03-05 10:56:46,425 <4>Jan 29 06:34:22 BZ2,002722b6662b,v4.3.28.11361: kernel: [  322.507645] HSM: scan: transition FOREIGN_CHANNEL => BSS_CHANNEL
2026-03-05 10:56:48,034 {d879 e502} [  324.127621] HSM: scan: transition BSS_CHANNEL => FOREIGN_CHANNEL
2026-03-05 10:56:48,048 <4>Jan 29 06:34:23 BZ2,002722b6662b,v4.3.28.11361: kernel: [  324.127621] HSM: scan: transition BSS_CHANNEL => FOREIGN_CHANNEL
2026-03-05 10:56:48,164 {d879 e502} [  324.257635] HSM: scan: transition FOREIGN_CHANNEL => BSS_CHANNEL
2026-03-05 10:56:48,175 <4>Jan 29 06:34:23 BZ2,002722b6662b,v4.3.28.11361: kernel: [  324.257635] HSM: scan: transition FOREIGN_CHANNEL => BSS_CHANNEL
2026-03-05 10:56:49,789 {d879 e502} [  325.877667] HSM: scan: transition BSS_CHANNEL => FOREIGN_CHANNEL
2026-03-05 10:56:49,801 <4>Jan 29 06:34:25 BZ2,002722b6662b,v4.3.28.11361: kernel: [  325.877667] HSM: scan: transition BSS_CHANNEL => FOREIGN_CHANNEL
2026-03-05 10:56:49,919 {d879 e502} [  326.007639] HSM: scan: transition FOREIGN_CHANNEL => BSS_CHANNEL
2026-03-05 10:56:49,925 <4>Jan 29 06:34:25 BZ2,002722b6662b,v4.3.28.11361: kernel: [  326.007639] HSM: scan: transition FOREIGN_CHANNEL => BSS_CHANNEL
2026-03-05 10:56:51,534 {d879 e502} [  327.627627] HSM: scan: transition BSS_CHANNEL => FOREIGN_CHANNEL
2026-03-05 10:56:51,548 <4>Jan 29 06:34:27 BZ2,002722b6662b,v4.3.28.11361: kernel: [  327.627627] HSM: scan: transition BSS_CHANNEL => FOREIGN_CHANNEL
2026-03-05 10:56:51,664 {d879 e502} [  327.757636] HSM: scan: transition FOREIGN_CHANNEL => BSS_CHANNEL
2026-03-05 10:56:51,676 <4>Jan 29 06:34:27 BZ2,002722b6662b,v4.3.28.11361: kernel: [  327.757636] HSM: scan: transition FOREIGN_CHANNEL => BSS_CHANNEL
2026-03-05 10:56:53,284 {d879 e502} [  329.377625] HSM: scan: transition BSS_CHANNEL => FOREIGN_CHANNEL
2026-03-05 10:56:53,298 <4>Jan 29 06:34:29 BZ2,002722b6662b,v4.3.28.11361: kernel: [  329.377625] HSM: scan: transition BSS_CHANNEL => FOREIGN_CHANNEL
2026-03-05 10:56:53,414 {d879 e502} [  329.507649] HSM: scan: transition FOREIGN_CHANNEL => BSS_CHANNEL
2026-03-05 10:56:53,425 <4>Jan 29 06:34:29 BZ2,002722b6662b,v4.3.28.11361: kernel: [  329.507649] HSM: scan: transition FOREIGN_CHANNEL => BSS_CHANNEL
2026-03-05 10:56:55,034 {d879 e502} [  331.127623] HSM: scan: transition BSS_CHANNEL => FOREIGN_CHANNEL
2026-03-05 10:56:55,048 <4>Jan 29 06:34:30 BZ2,002722b6662b,v4.3.28.11361: kernel: [  331.127623] HSM: scan: transition BSS_CHANNEL => FOREIGN_CHANNEL
2026-03-05 10:56:55,164 {d879 e502} [  331.257640] HSM: scan: transition FOREIGN_CHANNEL => BSS_CHANNEL
2026-03-05 10:56:55,175 <4>Jan 29 06:34:30 BZ2,002722b6662b,v4.3.28.11361: kernel: [  331.257640] HSM: scan: transition FOREIGN_CHANNEL => BSS_CHANNEL
2026-03-05 10:56:56,784 {d879 e502} [  332.877654] HSM: scan: transition BSS_CHANNEL => FOREIGN_CHANNEL
2026-03-05 10:56:56,798 <4>Jan 29 06:34:32 BZ2,002722b6662b,v4.3.28.11361: kernel: [  332.877654] HSM: scan: transition BSS_CHANNEL => FOREIGN_CHANNEL
2026-03-05 10:56:56,914 {d879 e502} [  333.007645] HSM: scan: transition FOREIGN_CHANNEL => BSS_CHANNEL
2026-03-05 10:56:56,925 <4>Jan 29 06:34:32 BZ2,002722b6662b,v4.3.28.11361: kernel: [  333.007645] HSM: scan: transition FOREIGN_CHANNEL => BSS_CHANNEL
2026-03-05 10:56:58,534 {d879 e502} [  334.627634] HSM: scan: transition BSS_CHANNEL => FOREIGN_CHANNEL
2026-03-05 10:56:58,552 <4>Jan 29 06:34:34 BZ2,002722b6662b,v4.3.28.11361: kernel: [  334.627634] HSM: scan: transition BSS_CHANNEL => FOREIGN_CHANNEL
2026-03-05 10:56:58,664 {d879 e502} [  334.757669] HSM: scan: transition FOREIGN_CHANNEL => BSS_CHANNEL
2026-03-05 10:56:58,675 <4>Jan 29 06:34:34 BZ2,002722b6662b,v4.3.28.11361: kernel: [  334.757669] HSM: scan: transition FOREIGN_CHANNEL => BSS_CHANNEL
2026-03-05 10:56:58,716 <11>Jan 29 06:34:34 BZ2,002722b6662b,v4.3.28.11361: : uplink-monitor[1148]: uplink-monitor.get_link_info(): uplink addr is null
2026-03-05 10:57:00,284 {d879 e502} [  336.377618] HSM: scan: transition BSS_CHANNEL => FOREIGN_CHANNEL
2026-03-05 10:57:00,298 <4>Jan 29 06:34:36 BZ2,002722b6662b,v4.3.28.11361: kernel: [  336.377618] HSM: scan: transition BSS_CHANNEL => FOREIGN_CHANNEL
2026-03-05 10:57:00,419 {d879 e502} [  336.512496] HSM: scan: transition FOREIGN_CHANNEL => IDLE
2026-03-05 10:57:00,426 <27>Jan 29 06:34:36 BZ2,002722b6662b,v4.3.28.11361: wpa_supplicant[1919]: driver_atheros_event_wireless: scan result event - SIOCGIWSCAN
2026-03-05 10:57:00,426 <4>Jan 29 06:34:36 BZ2,002722b6662b,v4.3.28.11361: kernel: [  336.512496] HSM: scan: transition FOREIGN_CHANNEL => IDLE
2026-03-05 10:57:01,448 {d879 e502} [  337.541533] HSM: scan: transition IDLE => BSS_CHANNEL
2026-03-05 10:57:01,455 <4>Jan 29 06:34:37 BZ2,002722b6662b,v4.3.28.11361: kernel: [  337.541533] HSM: scan: transition IDLE => BSS_CHANNEL
2026-03-05 10:57:01,924 {d879 e502} [  338.017621] HSM: scan: transition BSS_CHANNEL => FOREIGN_CHANNEL
2026-03-05 10:57:01,938 <4>Jan 29 06:34:37 BZ2,002722b6662b,v4.3.28.11361: kernel: [  338.017621] HSM: scan: transition BSS_CHANNEL => FOREIGN_CHANNEL
2026-03-05 10:57:02,054 {d879 e502} [  338.147634] HSM: scan: transition FOREIGN_CHANNEL => BSS_CHANNEL
2026-03-05 10:57:02,068 <4>Jan 29 06:34:37 BZ2,002722b6662b,v4.3.28.11361: kernel: [  338.147634] HSM: scan: transition FOREIGN_CHANNEL => BSS_CHANNEL
2026-03-05 10:57:03,684 {d879 e502} [  339.777628] HSM: scan: transition BSS_CHANNEL => FOREIGN_CHANNEL
2026-03-05 10:57:03,698 <4>Jan 29 06:34:39 BZ2,002722b6662b,v4.3.28.11361: kernel: [  339.777628] HSM: scan: transition BSS_CHANNEL => FOREIGN_CHANNEL
2026-03-05 10:57:03,814 {d879 e502} [  339.907645] HSM: scan: transition FOREIGN_CHANNEL => BSS_CHANNEL
2026-03-05 10:57:03,825 <4>Jan 29 06:34:39 BZ2,002722b6662b,v4.3.28.11361: kernel: [  339.907645] HSM: scan: transition FOREIGN_CHANNEL => BSS_CHANNEL
2026-03-05 10:57:05,434 {d879 e502} [  341.527625] HSM: scan: transition BSS_CHANNEL => FOREIGN_CHANNEL
2026-03-05 10:57:05,448 <4>Jan 29 06:34:41 BZ2,002722b6662b,v4.3.28.11361: kernel: [  341.527625] HSM: scan: transition BSS_CHANNEL => FOREIGN_CHANNEL
2026-03-05 10:57:05,565 {d879 e502} [  341.657635] HSM: scan: transition FOREIGN_CHANNEL => BSS_CHANNEL
2026-03-05 10:57:05,575 <4>Jan 29 06:34:41 BZ2,002722b6662b,v4.3.28.11361: kernel: [  341.657635] HSM: scan: transition FOREIGN_CHANNEL => BSS_CHANNEL
2026-03-05 10:57:07,187 {d879 e502} [  343.277650] HSM: scan: transition BSS_CHANNEL => FOREIGN_CHANNEL
2026-03-05 10:57:07,198 <4>Jan 29 06:34:42 BZ2,002722b6662b,v4.3.28.11361: kernel: [  343.277650] HSM: scan: transition BSS_CHANNEL => FOREIGN_CHANNEL
2026-03-05 10:57:07,314 {d879 e502} [  343.407924] HSM: scan: transition FOREIGN_CHANNEL => BSS_CHANNEL
2026-03-05 10:57:07,325 <4>Jan 29 06:34:43 BZ2,002722b6662b,v4.3.28.11361: kernel: [  343.407924] HSM: scan: transition FOREIGN_CHANNEL => BSS_CHANNEL
2026-03-05 10:57:08,934 {d879 e502} [  345.027654] HSM: scan: transition BSS_CHANNEL => FOREIGN_CHANNEL
2026-03-05 10:57:08,948 <4>Jan 29 06:34:44 BZ2,002722b6662b,v4.3.28.11361: kernel: [  345.027654] HSM: scan: transition BSS_CHANNEL => FOREIGN_CHANNEL
2026-03-05 10:57:09,064 {d879 e502} [  345.157636] HSM: scan: transition FOREIGN_CHANNEL => BSS_CHANNEL
2026-03-05 10:57:09,075 <4>Jan 29 06:34:44 BZ2,002722b6662b,v4.3.28.11361: kernel: [  345.157636] HSM: scan: transition FOREIGN_CHANNEL => BSS_CHANNEL
2026-03-05 10:57:10,684 {d879 e502} [  346.777631] HSM: scan: transition BSS_CHANNEL => FOREIGN_CHANNEL
2026-03-05 10:57:10,698 <4>Jan 29 06:34:46 BZ2,002722b6662b,v4.3.28.11361: kernel: [  346.777631] HSM: scan: transition BSS_CHANNEL => FOREIGN_CHANNEL
2026-03-05 10:57:10,814 {d879 e502} [  346.907638] HSM: scan: transition FOREIGN_CHANNEL => BSS_CHANNEL
2026-03-05 10:57:10,825 <4>Jan 29 06:34:46 BZ2,002722b6662b,v4.3.28.11361: kernel: [  346.907638] HSM: scan: transition FOREIGN_CHANNEL => BSS_CHANNEL
2026-03-05 10:57:12,434 {d879 e502} [  348.527624] HSM: scan: transition BSS_CHANNEL => FOREIGN_CHANNEL
2026-03-05 10:57:12,448 <4>Jan 29 06:34:48 BZ2,002722b6662b,v4.3.28.11361: kernel: [  348.527624] HSM: scan: transition BSS_CHANNEL => FOREIGN_CHANNEL
2026-03-05 10:57:12,564 {d879 e502} [  348.657645] HSM: scan: transition FOREIGN_CHANNEL => BSS_CHANNEL
2026-03-05 10:57:12,575 <4>Jan 29 06:34:48 BZ2,002722b6662b,v4.3.28.11361: kernel: [  348.657645] HSM: scan: transition FOREIGN_CHANNEL => BSS_CHANNEL
2026-03-05 10:57:14,130 <11>Jan 29 06:34:49 BZ2,002722b6662b,v4.3.28.11361: : uplink-monitor[1148]: uplink-monitor.get_link_info(): uplink addr is null
2026-03-05 10:57:14,184 {d879 e502} [  350.277691] HSM: scan: transition BSS_CHANNEL => FOREIGN_CHANNEL
2026-03-05 10:57:14,198 <4>Jan 29 06:34:49 BZ2,002722b6662b,v4.3.28.11361: kernel: [  350.277691] HSM: scan: transition BSS_CHANNEL => FOREIGN_CHANNEL
2026-03-05 10:57:14,314 {d879 e502} [  350.407684] HSM: scan: transition FOREIGN_CHANNEL => BSS_CHANNEL
2026-03-05 10:57:14,325 <4>Jan 29 06:34:50 BZ2,002722b6662b,v4.3.28.11361: kernel: [  350.407684] HSM: scan: transition FOREIGN_CHANNEL => BSS_CHANNEL
2026-03-05 10:57:15,934 {d879 e502} [  352.027618] HSM: scan: transition BSS_CHANNEL => FOREIGN_CHANNEL
2026-03-05 10:57:15,948 <4>Jan 29 06:34:51 BZ2,002722b6662b,v4.3.28.11361: kernel: [  352.027618] HSM: scan: transition BSS_CHANNEL => FOREIGN_CHANNEL
2026-03-05 10:57:16,064 {d879 e502} [  352.157666] HSM: scan: transition FOREIGN_CHANNEL => BSS_CHANNEL
2026-03-05 10:57:16,075 <4>Jan 29 06:34:51 BZ2,002722b6662b,v4.3.28.11361: kernel: [  352.157666] HSM: scan: transition FOREIGN_CHANNEL => BSS_CHANNEL
2026-03-05 10:57:17,684 {d879 e502} [  353.777627] HSM: scan: transition BSS_CHANNEL => FOREIGN_CHANNEL
2026-03-05 10:57:17,698 <4>Jan 29 06:34:53 BZ2,002722b6662b,v4.3.28.11361: kernel: [  353.777627] HSM: scan: transition BSS_CHANNEL => FOREIGN_CHANNEL
2026-03-05 10:57:17,815 {d879 e502} [  353.907860] HSM: scan: transition FOREIGN_CHANNEL => BSS_CHANNEL
2026-03-05 10:57:17,825 <4>Jan 29 06:34:53 BZ2,002722b6662b,v4.3.28.11361: kernel: [  353.907860] HSM: scan: transition FOREIGN_CHANNEL => BSS_CHANNEL
2026-03-05 10:57:19,434 {d879 e502} [  355.527626] HSM: scan: transition BSS_CHANNEL => FOREIGN_CHANNEL
2026-03-05 10:57:19,448 <4>Jan 29 06:34:55 BZ2,002722b6662b,v4.3.28.11361: kernel: [  355.527626] HSM: scan: transition BSS_CHANNEL => FOREIGN_CHANNEL
2026-03-05 10:57:19,564 {d879 e502} [  355.657667] HSM: scan: transition FOREIGN_CHANNEL => BSS_CHANNEL
2026-03-05 10:57:19,575 <4>Jan 29 06:34:55 BZ2,002722b6662b,v4.3.28.11361: kernel: [  355.657667] HSM: scan: transition FOREIGN_CHANNEL => BSS_CHANNEL
2026-03-05 10:57:21,184 {d879 e502} [  357.277628] HSM: scan: transition BSS_CHANNEL => FOREIGN_CHANNEL
2026-03-05 10:57:21,198 <4>Jan 29 06:34:56 BZ2,002722b6662b,v4.3.28.11361: kernel: [  357.277628] HSM: scan: transition BSS_CHANNEL => FOREIGN_CHANNEL
2026-03-05 10:57:21,314 {d879 e502} [  357.407669] HSM: scan: transition FOREIGN_CHANNEL => BSS_CHANNEL
2026-03-05 10:57:21,325 <4>Jan 29 06:34:57 BZ2,002722b6662b,v4.3.28.11361: kernel: [  357.407669] HSM: scan: transition FOREIGN_CHANNEL => BSS_CHANNEL
2026-03-05 10:57:22,934 {d879 e502} [  359.027622] HSM: scan: transition BSS_CHANNEL => FOREIGN_CHANNEL
2026-03-05 10:57:22,948 <4>Jan 29 06:34:58 BZ2,002722b6662b,v4.3.28.11361: kernel: [  359.027622] HSM: scan: transition BSS_CHANNEL => FOREIGN_CHANNEL
2026-03-05 10:57:23,069 {d879 e502} [  359.162497] HSM: scan: transition FOREIGN_CHANNEL => IDLE
2026-03-05 10:57:23,076 <27>Jan 29 06:34:58 BZ2,002722b6662b,v4.3.28.11361: wpa_supplicant[1919]: driver_atheros_event_wireless: scan result event - SIOCGIWSCAN
2026-03-05 10:57:23,076 <4>Jan 29 06:34:58 BZ2,002722b6662b,v4.3.28.11361: kernel: [  359.162497] HSM: scan: transition FOREIGN_CHANNEL => IDLE
2026-03-05 10:57:24,098 {d879 e502} [  360.191543] HSM: scan: transition IDLE => BSS_CHANNEL
2026-03-05 10:57:24,105 <4>Jan 29 06:34:59 BZ2,002722b6662b,v4.3.28.11361: kernel: [  360.191543] HSM: scan: transition IDLE => BSS_CHANNEL
2026-03-05 10:57:24,575 {d879 e502} [  360.667618] HSM: scan: transition BSS_CHANNEL => FOREIGN_CHANNEL
2026-03-05 10:57:24,588 <4>Jan 29 06:35:00 BZ2,002722b6662b,v4.3.28.11361: kernel: [  360.667618] HSM: scan: transition BSS_CHANNEL => FOREIGN_CHANNEL
2026-03-05 10:57:24,704 {d879 e502} [  360.797629] HSM: scan: transition FOREIGN_CHANNEL => BSS_CHANNEL
2026-03-05 10:57:24,718 <4>Jan 29 06:35:00 BZ2,002722b6662b,v4.3.28.11361: kernel: [  360.797629] HSM: scan: transition FOREIGN_CHANNEL => BSS_CHANNEL
2026-03-05 10:57:26,335 {d879 e502} [  362.427625] HSM: scan: transition BSS_CHANNEL => FOREIGN_CHANNEL
2026-03-05 10:57:26,348 <4>Jan 29 06:35:02 BZ2,002722b6662b,v4.3.28.11361: kernel: [  362.427625] HSM: scan: transition BSS_CHANNEL => FOREIGN_CHANNEL
2026-03-05 10:57:26,464 {d879 e502} [  362.557641] HSM: scan: transition FOREIGN_CHANNEL => BSS_CHANNEL
2026-03-05 10:57:26,475 <4>Jan 29 06:35:02 BZ2,002722b6662b,v4.3.28.11361: kernel: [  362.557641] HSM: scan: transition FOREIGN_CHANNEL => BSS_CHANNEL
2026-03-05 10:57:28,084 {d879 e502} [  364.177627] HSM: scan: transition BSS_CHANNEL => FOREIGN_CHANNEL
2026-03-05 10:57:28,098 <4>Jan 29 06:35:03 BZ2,002722b6662b,v4.3.28.11361: kernel: [  364.177627] HSM: scan: transition BSS_CHANNEL => FOREIGN_CHANNEL
2026-03-05 10:57:28,214 {d879 e502} [  364.307650] HSM: scan: transition FOREIGN_CHANNEL => BSS_CHANNEL
2026-03-05 10:57:28,225 <4>Jan 29 06:35:03 BZ2,002722b6662b,v4.3.28.11361: kernel: [  364.307650] HSM: scan: transition FOREIGN_CHANNEL => BSS_CHANNEL
2026-03-05 10:57:29,781 <11>Jan 29 06:35:05 BZ2,002722b6662b,v4.3.28.11361: : uplink-monitor[1148]: uplink-monitor.get_link_info(): uplink addr is null
2026-03-05 10:57:29,834 {d879 e502} [  365.927667] HSM: scan: transition BSS_CHANNEL => FOREIGN_CHANNEL
2026-03-05 10:57:29,850 <4>Jan 29 06:35:05 BZ2,002722b6662b,v4.3.28.11361: kernel: [  365.927667] HSM: scan: transition BSS_CHANNEL => FOREIGN_CHANNEL
2026-03-05 10:57:29,965 {d879 e502} [  366.058589] HSM: scan: transition FOREIGN_CHANNEL => BSS_CHANNEL
2026-03-05 10:57:29,975 <4>Jan 29 06:35:05 BZ2,002722b6662b,v4.3.28.11361: kernel: [  366.058589] HSM: scan: transition FOREIGN_CHANNEL => BSS_CHANNEL
2026-03-05 10:57:31,585 {d879 e502} [  367.677624] HSM: scan: transition BSS_CHANNEL => FOREIGN_CHANNEL
2026-03-05 10:57:31,598 <4>Jan 29 06:35:07 BZ2,002722b6662b,v4.3.28.11361: kernel: [  367.677624] HSM: scan: transition BSS_CHANNEL => FOREIGN_CHANNEL
2026-03-05 10:57:31,715 {d879 e502} [  367.807636] HSM: scan: transition FOREIGN_CHANNEL => BSS_CHANNEL
2026-03-05 10:57:31,726 <4>Jan 29 06:35:07 BZ2,002722b6662b,v4.3.28.11361: kernel: [  367.807636] HSM: scan: transition FOREIGN_CHANNEL => BSS_CHANNEL
2026-03-05 10:57:33,335 {d879 e502} [  369.427623] HSM: scan: transition BSS_CHANNEL => FOREIGN_CHANNEL
2026-03-05 10:57:33,348 <4>Jan 29 06:35:09 BZ2,002722b6662b,v4.3.28.11361: kernel: [  369.427623] HSM: scan: transition BSS_CHANNEL => FOREIGN_CHANNEL
2026-03-05 10:57:33,464 {d879 e502} [  369.557633] HSM: scan: transition FOREIGN_CHANNEL => BSS_CHANNEL
2026-03-05 10:57:33,476 <4>Jan 29 06:35:09 BZ2,002722b6662b,v4.3.28.11361: kernel: [  369.557633] HSM: scan: transition FOREIGN_CHANNEL => BSS_CHANNEL
2026-03-05 10:57:35,085 {d879 e502} [  371.177627] HSM: scan: transition BSS_CHANNEL => FOREIGN_CHANNEL
2026-03-05 10:57:35,098 <4>Jan 29 06:35:10 BZ2,002722b6662b,v4.3.28.11361: kernel: [  371.177627] HSM: scan: transition BSS_CHANNEL => FOREIGN_CHANNEL
2026-03-05 10:57:35,215 {d879 e502} [  371.307927] HSM: scan: transition FOREIGN_CHANNEL => BSS_CHANNEL
2026-03-05 10:57:35,225 <4>Jan 29 06:35:10 BZ2,002722b6662b,v4.3.28.11361: kernel: [  371.307927] HSM: scan: transition FOREIGN_CHANNEL => BSS_CHANNEL
2026-03-05 10:57:36,835 {d879 e502} [  372.927724] HSM: scan: transition BSS_CHANNEL => FOREIGN_CHANNEL
2026-03-05 10:57:36,848 <4>Jan 29 06:35:12 BZ2,002722b6662b,v4.3.28.11361: kernel: [  372.927724] HSM: scan: transition BSS_CHANNEL => FOREIGN_CHANNEL
2026-03-05 10:57:36,965 {d879 e502} [  373.057639] HSM: scan: transition FOREIGN_CHANNEL => BSS_CHANNEL
2026-03-05 10:57:36,975 <4>Jan 29 06:35:12 BZ2,002722b6662b,v4.3.28.11361: kernel: [  373.057639] HSM: scan: transition FOREIGN_CHANNEL => BSS_CHANNEL
2026-03-05 10:57:38,585 {d879 e502} [  374.677618] HSM: scan: transition BSS_CHANNEL => FOREIGN_CHANNEL
2026-03-05 10:57:38,598 <4>Jan 29 06:35:14 BZ2,002722b6662b,v4.3.28.11361: kernel: [  374.677618] HSM: scan: transition BSS_CHANNEL => FOREIGN_CHANNEL
2026-03-05 10:57:38,715 {d879 e502} [  374.807690] HSM: scan: transition FOREIGN_CHANNEL => BSS_CHANNEL
2026-03-05 10:57:38,725 <4>Jan 29 06:35:14 BZ2,002722b6662b,v4.3.28.11361: kernel: [  374.807690] HSM: scan: transition FOREIGN_CHANNEL => BSS_CHANNEL
2026-03-05 10:57:40,335 {d879 e502} [  376.427623] HSM: scan: transition BSS_CHANNEL => FOREIGN_CHANNEL
2026-03-05 10:57:40,348 <4>Jan 29 06:35:16 BZ2,002722b6662b,v4.3.28.11361: kernel: [  376.427623] HSM: scan: transition BSS_CHANNEL => FOREIGN_CHANNEL
2026-03-05 10:57:40,465 {d879 e502} [  376.557636] HSM: scan: transition FOREIGN_CHANNEL => BSS_CHANNEL
2026-03-05 10:57:40,475 <4>Jan 29 06:35:16 BZ2,002722b6662b,v4.3.28.11361: kernel: [  376.557636] HSM: scan: transition FOREIGN_CHANNEL => BSS_CHANNEL
2026-03-05 10:57:42,085 {d879 e502} [  378.177619] HSM: scan: transition BSS_CHANNEL => FOREIGN_CHANNEL
2026-03-05 10:57:42,098 <4>Jan 29 06:35:17 BZ2,002722b6662b,v4.3.28.11361: kernel: [  378.177619] HSM: scan: transition BSS_CHANNEL => FOREIGN_CHANNEL
2026-03-05 10:57:42,215 {d879 e502} [  378.307686] HSM: scan: transition FOREIGN_CHANNEL => BSS_CHANNEL
2026-03-05 10:57:42,225 <4>Jan 29 06:35:17 BZ2,002722b6662b,v4.3.28.11361: kernel: [  378.307686] HSM: scan: transition FOREIGN_CHANNEL => BSS_CHANNEL
2026-03-05 10:57:43,835 {d879 e502} [  379.927626] HSM: scan: transition BSS_CHANNEL => FOREIGN_CHANNEL
2026-03-05 10:57:43,848 <4>Jan 29 06:35:19 BZ2,002722b6662b,v4.3.28.11361: kernel: [  379.927626] HSM: scan: transition BSS_CHANNEL => FOREIGN_CHANNEL
2026-03-05 10:57:43,965 {d879 e502} [  380.057680] HSM: scan: transition FOREIGN_CHANNEL => BSS_CHANNEL
2026-03-05 10:57:43,975 <4>Jan 29 06:35:19 BZ2,002722b6662b,v4.3.28.11361: kernel: [  380.057680] HSM: scan: transition FOREIGN_CHANNEL => BSS_CHANNEL
2026-03-05 10:57:45,240 <11>Jan 29 06:35:21 BZ2,002722b6662b,v4.3.28.11361: : uplink-monitor[1148]: uplink-monitor.get_link_info(): uplink addr is null
2026-03-05 10:57:45,585 {d879 e502} [  381.677682] HSM: scan: transition BSS_CHANNEL => FOREIGN_CHANNEL
2026-03-05 10:57:45,598 <4>Jan 29 06:35:21 BZ2,002722b6662b,v4.3.28.11361: kernel: [  381.677682] HSM: scan: transition BSS_CHANNEL => FOREIGN_CHANNEL
2026-03-05 10:57:45,720 {d879 e502} [  381.812535] HSM: scan: transition FOREIGN_CHANNEL => IDLE
2026-03-05 10:57:45,729 <4>Jan 29 06:35:21 BZ2,002722b6662b,v4.3.28.11361: kernel: [  381.812535] HSM: scan: transition FOREIGN_CHANNEL => IDLE
2026-03-05 10:57:45,730 <27>Jan 29 06:35:21 BZ2,002722b6662b,v4.3.28.11361: wpa_supplicant[1919]: driver_atheros_event_wireless: scan result event - SIOCGIWSCAN
2026-03-05 10:57:46,749 {d879 e502} [  382.841543] HSM: scan: transition IDLE => BSS_CHANNEL
2026-03-05 10:57:46,757 <4>Jan 29 06:35:22 BZ2,002722b6662b,v4.3.28.11361: kernel: [  382.841543] HSM: scan: transition IDLE => BSS_CHANNEL
2026-03-05 10:57:47,225 {d879 e502} [  383.317617] HSM: scan: transition BSS_CHANNEL => FOREIGN_CHANNEL
2026-03-05 10:57:47,239 <4>Jan 29 06:35:23 BZ2,002722b6662b,v4.3.28.11361: kernel: [  383.317617] HSM: scan: transition BSS_CHANNEL => FOREIGN_CHANNEL
2026-03-05 10:57:47,355 {d879 e502} [  383.447626] HSM: scan: transition FOREIGN_CHANNEL => BSS_CHANNEL
2026-03-05 10:57:47,368 <4>Jan 29 06:35:23 BZ2,002722b6662b,v4.3.28.11361: kernel: [  383.447626] HSM: scan: transition FOREIGN_CHANNEL => BSS_CHANNEL
2026-03-05 10:57:48,985 {d879 e502} [  385.077619] HSM: scan: transition BSS_CHANNEL => FOREIGN_CHANNEL
2026-03-05 10:57:48,998 <4>Jan 29 06:35:24 BZ2,002722b6662b,v4.3.28.11361: kernel: [  385.077619] HSM: scan: transition BSS_CHANNEL => FOREIGN_CHANNEL
2026-03-05 10:57:49,115 {d879 e502} [  385.207690] HSM: scan: transition FOREIGN_CHANNEL => BSS_CHANNEL
2026-03-05 10:57:49,127 <4>Jan 29 06:35:24 BZ2,002722b6662b,v4.3.28.11361: kernel: [  385.207690] HSM: scan: transition FOREIGN_CHANNEL => BSS_CHANNEL
2026-03-05 10:57:50,735 {d879 e502} [  386.827622] HSM: scan: transition BSS_CHANNEL => FOREIGN_CHANNEL
2026-03-05 10:57:50,748 <4>Jan 29 06:35:26 BZ2,002722b6662b,v4.3.28.11361: kernel: [  386.827622] HSM: scan: transition BSS_CHANNEL => FOREIGN_CHANNEL
2026-03-05 10:57:50,865 {d879 e502} [  386.957632] HSM: scan: transition FOREIGN_CHANNEL => BSS_CHANNEL
2026-03-05 10:57:50,876 <4>Jan 29 06:35:26 BZ2,002722b6662b,v4.3.28.11361: kernel: [  386.957632] HSM: scan: transition FOREIGN_CHANNEL => BSS_CHANNEL
2026-03-05 10:57:52,485 {d879 e502} [  388.577616] HSM: scan: transition BSS_CHANNEL => FOREIGN_CHANNEL
2026-03-05 10:57:52,498 <4>Jan 29 06:35:28 BZ2,002722b6662b,v4.3.28.11361: kernel: [  388.577616] HSM: scan: transition BSS_CHANNEL => FOREIGN_CHANNEL
2026-03-05 10:57:52,615 {d879 e502} [  388.707634] HSM: scan: transition FOREIGN_CHANNEL => BSS_CHANNEL
2026-03-05 10:57:52,626 <4>Jan 29 06:35:28 BZ2,002722b6662b,v4.3.28.11361: kernel: [  388.707634] HSM: scan: transition FOREIGN_CHANNEL => BSS_CHANNEL
2026-03-05 10:57:54,235 {d879 e502} [  390.327625] HSM: scan: transition BSS_CHANNEL => FOREIGN_CHANNEL
2026-03-05 10:57:54,249 <4>Jan 29 06:35:30 BZ2,002722b6662b,v4.3.28.11361: kernel: [  390.327625] HSM: scan: transition BSS_CHANNEL => FOREIGN_CHANNEL
2026-03-05 10:57:54,365 {d879 e502} [  390.457637] HSM: scan: transition FOREIGN_CHANNEL => BSS_CHANNEL
2026-03-05 10:57:54,376 <4>Jan 29 06:35:30 BZ2,002722b6662b,v4.3.28.11361: kernel: [  390.457637] HSM: scan: transition FOREIGN_CHANNEL => BSS_CHANNEL
2026-03-05 10:57:55,985 {d879 e502} [  392.077625] HSM: scan: transition BSS_CHANNEL => FOREIGN_CHANNEL
2026-03-05 10:57:55,998 <4>Jan 29 06:35:31 BZ2,002722b6662b,v4.3.28.11361: kernel: [  392.077625] HSM: scan: transition BSS_CHANNEL => FOREIGN_CHANNEL
2026-03-05 10:57:56,115 {d879 e502} [  392.207651] HSM: scan: transition FOREIGN_CHANNEL => BSS_CHANNEL
2026-03-05 10:57:56,125 <4>Jan 29 06:35:31 BZ2,002722b6662b,v4.3.28.11361: kernel: [  392.207651] HSM: scan: transition FOREIGN_CHANNEL => BSS_CHANNEL
2026-03-05 10:57:57,735 {d879 e502} [  393.827628] HSM: scan: transition BSS_CHANNEL => FOREIGN_CHANNEL
2026-03-05 10:57:57,748 <4>Jan 29 06:35:33 BZ2,002722b6662b,v4.3.28.11361: kernel: [  393.827628] HSM: scan: transition BSS_CHANNEL => FOREIGN_CHANNEL
2026-03-05 10:57:57,865 {d879 e502} [  393.957634] HSM: scan: transition FOREIGN_CHANNEL => BSS_CHANNEL
2026-03-05 10:57:57,876 <4>Jan 29 06:35:33 BZ2,002722b6662b,v4.3.28.11361: kernel: [  393.957634] HSM: scan: transition FOREIGN_CHANNEL => BSS_CHANNEL
2026-03-05 10:57:59,485 {d879 e502} [  395.577618] HSM: scan: transition BSS_CHANNEL => FOREIGN_CHANNEL
2026-03-05 10:57:59,498 <4>Jan 29 06:35:35 BZ2,002722b6662b,v4.3.28.11361: kernel: [  395.577618] HSM: scan: transition BSS_CHANNEL => FOREIGN_CHANNEL
2026-03-05 10:57:59,615 {d879 e502} [  395.707641] HSM: scan: transition FOREIGN_CHANNEL => BSS_CHANNEL
2026-03-05 10:57:59,626 <4>Jan 29 06:35:35 BZ2,002722b6662b,v4.3.28.11361: kernel: [  395.707641] HSM: scan: transition FOREIGN_CHANNEL => BSS_CHANNEL
2026-03-05 10:58:00,806 <11>Jan 29 06:35:36 BZ2,002722b6662b,v4.3.28.11361: : uplink-monitor[1148]: uplink-monitor.get_link_info(): uplink addr is null
2026-03-05 10:58:01,235 {d879 e502} [  397.327631] HSM: scan: transition BSS_CHANNEL => FOREIGN_CHANNEL
2026-03-05 10:58:01,248 <4>Jan 29 06:35:37 BZ2,002722b6662b,v4.3.28.11361: kernel: [  397.327631] HSM: scan: transition BSS_CHANNEL => FOREIGN_CHANNEL
2026-03-05 10:58:01,365 {d879 e502} [  397.457660] HSM: scan: transition FOREIGN_CHANNEL => BSS_CHANNEL
2026-03-05 10:58:01,376 <4>Jan 29 06:35:37 BZ2,002722b6662b,v4.3.28.11361: kernel: [  397.457660] HSM: scan: transition FOREIGN_CHANNEL => BSS_CHANNEL
2026-03-05 10:58:02,985 {d879 e502} [  399.077625] HSM: scan: transition BSS_CHANNEL => FOREIGN_CHANNEL
2026-03-05 10:58:02,998 <4>Jan 29 06:35:38 BZ2,002722b6662b,v4.3.28.11361: kernel: [  399.077625] HSM: scan: transition BSS_CHANNEL => FOREIGN_CHANNEL
2026-03-05 10:58:03,115 {d879 e502} [  399.207642] HSM: scan: transition FOREIGN_CHANNEL => BSS_CHANNEL
2026-03-05 10:58:03,126 <4>Jan 29 06:35:38 BZ2,002722b6662b,v4.3.28.11361: kernel: [  399.207642] HSM: scan: transition FOREIGN_CHANNEL => BSS_CHANNEL
2026-03-05 10:58:04,735 {d879 e502} [  400.827643] HSM: scan: transition BSS_CHANNEL => FOREIGN_CHANNEL
2026-03-05 10:58:04,749 <4>Jan 29 06:35:40 BZ2,002722b6662b,v4.3.28.11361: kernel: [  400.827643] HSM: scan: transition BSS_CHANNEL => FOREIGN_CHANNEL
2026-03-05 10:58:04,867 {d879 e502} [  400.957672] HSM: scan: transition FOREIGN_CHANNEL => BSS_CHANNEL
2026-03-05 10:58:04,876 <4>Jan 29 06:35:40 BZ2,002722b6662b,v4.3.28.11361: kernel: [  400.957672] HSM: scan: transition FOREIGN_CHANNEL => BSS_CHANNEL
2026-03-05 10:58:06,485 {d879 e502} [  402.577640] HSM: scan: transition BSS_CHANNEL => FOREIGN_CHANNEL
2026-03-05 10:58:06,499 <4>Jan 29 06:35:42 BZ2,002722b6662b,v4.3.28.11361: kernel: [  402.577640] HSM: scan: transition BSS_CHANNEL => FOREIGN_CHANNEL
2026-03-05 10:58:06,615 {d879 e502} [  402.707665] HSM: scan: transition FOREIGN_CHANNEL => BSS_CHANNEL
2026-03-05 10:58:06,625 <4>Jan 29 06:35:42 BZ2,002722b6662b,v4.3.28.11361: kernel: [  402.707665] HSM: scan: transition FOREIGN_CHANNEL => BSS_CHANNEL
2026-03-05 10:58:08,235 {d879 e502} [  404.327621] HSM: scan: transition BSS_CHANNEL => FOREIGN_CHANNEL
2026-03-05 10:58:08,248 <4>Jan 29 06:35:44 BZ2,002722b6662b,v4.3.28.11361: kernel: [  404.327621] HSM: scan: transition BSS_CHANNEL => FOREIGN_CHANNEL
2026-03-05 10:58:08,370 {d879 e502} [  404.462717] HSM: scan: transition FOREIGN_CHANNEL => IDLE
2026-03-05 10:58:08,379 <4>Jan 29 06:35:44 BZ2,002722b6662b,v4.3.28.11361: kernel: [  404.462717] HSM: scan: transition FOREIGN_CHANNEL => IDLE
2026-03-05 10:58:08,381 <27>Jan 29 06:35:44 BZ2,002722b6662b,v4.3.28.11361: wpa_supplicant[1919]: driver_atheros_event_wireless: scan result event - SIOCGIWSCAN
2026-03-05 10:58:09,399 {d879 e502} [  405.491552] HSM: scan: transition IDLE => BSS_CHANNEL
2026-03-05 10:58:09,406 <4>Jan 29 06:35:45 BZ2,002722b6662b,v4.3.28.11361: kernel: [  405.491552] HSM: scan: transition IDLE => BSS_CHANNEL
2026-03-05 10:58:09,875 {d879 e502} [  405.967621] HSM: scan: transition BSS_CHANNEL => FOREIGN_CHANNEL
2026-03-05 10:58:09,889 <4>Jan 29 06:35:45 BZ2,002722b6662b,v4.3.28.11361: kernel: [  405.967621] HSM: scan: transition BSS_CHANNEL => FOREIGN_CHANNEL
2026-03-05 10:58:10,005 {d879 e502} [  406.097633] HSM: scan: transition FOREIGN_CHANNEL => BSS_CHANNEL
2026-03-05 10:58:10,019 <4>Jan 29 06:35:45 BZ2,002722b6662b,v4.3.28.11361: kernel: [  406.097633] HSM: scan: transition FOREIGN_CHANNEL => BSS_CHANNEL
2026-03-05 10:58:11,635 {d879 e502} [  407.727623] HSM: scan: transition BSS_CHANNEL => FOREIGN_CHANNEL
2026-03-05 10:58:11,650 <4>Jan 29 06:35:47 BZ2,002722b6662b,v4.3.28.11361: kernel: [  407.727623] HSM: scan: transition BSS_CHANNEL => FOREIGN_CHANNEL
2026-03-05 10:58:11,765 {d879 e502} [  407.857654] HSM: scan: transition FOREIGN_CHANNEL => BSS_CHANNEL
2026-03-05 10:58:11,776 <4>Jan 29 06:35:47 BZ2,002722b6662b,v4.3.28.11361: kernel: [  407.857654] HSM: scan: transition FOREIGN_CHANNEL => BSS_CHANNEL
2026-03-05 10:58:13,385 {d879 e502} [  409.477623] HSM: scan: transition BSS_CHANNEL => FOREIGN_CHANNEL
2026-03-05 10:58:13,399 <4>Jan 29 06:35:49 BZ2,002722b6662b,v4.3.28.11361: kernel: [  409.477623] HSM: scan: transition BSS_CHANNEL => FOREIGN_CHANNEL
2026-03-05 10:58:13,515 {d879 e502} [  409.607690] HSM: scan: transition FOREIGN_CHANNEL => BSS_CHANNEL
2026-03-05 10:58:13,526 <4>Jan 29 06:35:49 BZ2,002722b6662b,v4.3.28.11361: kernel: [  409.607690] HSM: scan: transition FOREIGN_CHANNEL => BSS_CHANNEL
2026-03-05 10:58:15,135 {d879 e502} [  411.227621] HSM: scan: transition BSS_CHANNEL => FOREIGN_CHANNEL
2026-03-05 10:58:15,149 <4>Jan 29 06:35:50 BZ2,002722b6662b,v4.3.28.11361: kernel: [  411.227621] HSM: scan: transition BSS_CHANNEL => FOREIGN_CHANNEL
2026-03-05 10:58:15,265 {d879 e502} [  411.357650] HSM: scan: transition FOREIGN_CHANNEL => BSS_CHANNEL
2026-03-05 10:58:15,276 <4>Jan 29 06:35:51 BZ2,002722b6662b,v4.3.28.11361: kernel: [  411.357650] HSM: scan: transition FOREIGN_CHANNEL => BSS_CHANNEL
2026-03-05 10:58:16,211 <11>Jan 29 06:35:51 BZ2,002722b6662b,v4.3.28.11361: : uplink-monitor[1148]: uplink-monitor.get_link_info(): uplink addr is null
2026-03-05 10:58:16,885 {d879 e502} [  412.977635] HSM: scan: transition BSS_CHANNEL => FOREIGN_CHANNEL
2026-03-05 10:58:16,899 <4>Jan 29 06:35:52 BZ2,002722b6662b,v4.3.28.11361: kernel: [  412.977635] HSM: scan: transition BSS_CHANNEL => FOREIGN_CHANNEL
2026-03-05 10:58:17,015 {d879 e502} [  413.107670] HSM: scan: transition FOREIGN_CHANNEL => BSS_CHANNEL
2026-03-05 10:58:17,026 <4>Jan 29 06:35:52 BZ2,002722b6662b,v4.3.28.11361: kernel: [  413.107670] HSM: scan: transition FOREIGN_CHANNEL => BSS_CHANNEL
2026-03-05 10:58:18,635 {d879 e502} [  414.727623] HSM: scan: transition BSS_CHANNEL => FOREIGN_CHANNEL
2026-03-05 10:58:18,649 <4>Jan 29 06:35:54 BZ2,002722b6662b,v4.3.28.11361: kernel: [  414.727623] HSM: scan: transition BSS_CHANNEL => FOREIGN_CHANNEL
2026-03-05 10:58:18,765 {d879 e502} [  414.857632] HSM: scan: transition FOREIGN_CHANNEL => BSS_CHANNEL
2026-03-05 10:58:18,776 <4>Jan 29 06:35:54 BZ2,002722b6662b,v4.3.28.11361: kernel: [  414.857632] HSM: scan: transition FOREIGN_CHANNEL => BSS_CHANNEL
2026-03-05 10:58:20,385 {d879 e502} [  416.477622] HSM: scan: transition BSS_CHANNEL => FOREIGN_CHANNEL
2026-03-05 10:58:20,399 <4>Jan 29 06:35:56 BZ2,002722b6662b,v4.3.28.11361: kernel: [  416.477622] HSM: scan: transition BSS_CHANNEL => FOREIGN_CHANNEL
2026-03-05 10:58:20,518 {d879 e502} [  416.607634] HSM: scan: transition FOREIGN_CHANNEL => BSS_CHANNEL
2026-03-05 10:58:20,526 <4>Jan 29 06:35:56 BZ2,002722b6662b,v4.3.28.11361: kernel: [  416.607634] HSM: scan: transition FOREIGN_CHANNEL => BSS_CHANNEL
2026-03-05 10:58:22,135 {d879 e502} [  418.227624] HSM: scan: transition BSS_CHANNEL => FOREIGN_CHANNEL
2026-03-05 10:58:22,149 <4>Jan 29 06:35:57 BZ2,002722b6662b,v4.3.28.11361: kernel: [  418.227624] HSM: scan: transition BSS_CHANNEL => FOREIGN_CHANNEL
2026-03-05 10:58:22,265 {d879 e502} [  418.357636] HSM: scan: transition FOREIGN_CHANNEL => BSS_CHANNEL
2026-03-05 10:58:22,276 <4>Jan 29 06:35:58 BZ2,002722b6662b,v4.3.28.11361: kernel: [  418.357636] HSM: scan: transition FOREIGN_CHANNEL => BSS_CHANNEL
2026-03-05 10:58:23,885 {d879 e502} [  419.977623] HSM: scan: transition BSS_CHANNEL => FOREIGN_CHANNEL
2026-03-05 10:58:23,899 <4>Jan 29 06:35:59 BZ2,002722b6662b,v4.3.28.11361: kernel: [  419.977623] HSM: scan: transition BSS_CHANNEL => FOREIGN_CHANNEL
2026-03-05 10:58:24,015 {d879 e502} [  420.107636] HSM: scan: transition FOREIGN_CHANNEL => BSS_CHANNEL
2026-03-05 10:58:24,026 <4>Jan 29 06:35:59 BZ2,002722b6662b,v4.3.28.11361: kernel: [  420.107636] HSM: scan: transition FOREIGN_CHANNEL => BSS_CHANNEL
2026-03-05 10:58:25,635 {d879 e502} [  421.727626] HSM: scan: transition BSS_CHANNEL => FOREIGN_CHANNEL
2026-03-05 10:58:25,649 <4>Jan 29 06:36:01 BZ2,002722b6662b,v4.3.28.11361: kernel: [  421.727626] HSM: scan: transition BSS_CHANNEL => FOREIGN_CHANNEL
2026-03-05 10:58:25,767 {d879 e502} [  421.859503] HSM: scan: transition FOREIGN_CHANNEL => BSS_CHANNEL
2026-03-05 10:58:25,776 <4>Jan 29 06:36:01 BZ2,002722b6662b,v4.3.28.11361: kernel: [  421.859503] HSM: scan: transition FOREIGN_CHANNEL => BSS_CHANNEL
2026-03-05 10:58:27,385 {d879 e502} [  423.477685] HSM: scan: transition BSS_CHANNEL => FOREIGN_CHANNEL
2026-03-05 10:58:27,399 <4>Jan 29 06:36:03 BZ2,002722b6662b,v4.3.28.11361: kernel: [  423.477685] HSM: scan: transition BSS_CHANNEL => FOREIGN_CHANNEL
2026-03-05 10:58:27,517 {d879 e502} [  423.607660] HSM: scan: transition FOREIGN_CHANNEL => BSS_CHANNEL
2026-03-05 10:58:27,526 <4>Jan 29 06:36:03 BZ2,002722b6662b,v4.3.28.11361: kernel: [  423.607660] HSM: scan: transition FOREIGN_CHANNEL => BSS_CHANNEL
2026-03-05 10:58:29,135 {d879 e502} [  425.227610] HSM: scan: transition BSS_CHANNEL => FOREIGN_CHANNEL
2026-03-05 10:58:29,149 <4>Jan 29 06:36:04 BZ2,002722b6662b,v4.3.28.11361: kernel: [  425.227610] HSM: scan: transition BSS_CHANNEL => FOREIGN_CHANNEL
2026-03-05 10:58:29,265 {d879 e502} [  425.357689] HSM: scan: transition FOREIGN_CHANNEL => BSS_CHANNEL
2026-03-05 10:58:29,276 <4>Jan 29 06:36:05 BZ2,002722b6662b,v4.3.28.11361: kernel: [  425.357689] HSM: scan: transition FOREIGN_CHANNEL => BSS_CHANNEL
2026-03-05 10:58:30,885 {d879 e502} [  426.977617] HSM: scan: transition BSS_CHANNEL => FOREIGN_CHANNEL
2026-03-05 10:58:30,899 <4>Jan 29 06:36:06 BZ2,002722b6662b,v4.3.28.11361: kernel: [  426.977617] HSM: scan: transition BSS_CHANNEL => FOREIGN_CHANNEL
2026-03-05 10:58:31,020 {d879 e502} [  427.112497] HSM: scan: transition FOREIGN_CHANNEL => IDLE
2026-03-05 10:58:31,027 <27>Jan 29 06:36:06 BZ2,002722b6662b,v4.3.28.11361: wpa_supplicant[1919]: driver_atheros_event_wireless: scan result event - SIOCGIWSCAN
2026-03-05 10:58:31,027 <4>Jan 29 06:36:06 BZ2,002722b6662b,v4.3.28.11361: kernel: [  427.112497] HSM: scan: transition FOREIGN_CHANNEL => IDLE
2026-03-05 10:58:31,611 <11>Jan 29 06:36:07 BZ2,002722b6662b,v4.3.28.11361: : uplink-monitor[1148]: uplink-monitor.get_link_info(): uplink addr is null
2026-03-05 10:58:32,049 {d879 e502} [  428.141538] HSM: scan: transition IDLE => BSS_CHANNEL
2026-03-05 10:58:32,056 <4>Jan 29 06:36:07 BZ2,002722b6662b,v4.3.28.11361: kernel: [  428.141538] HSM: scan: transition IDLE => BSS_CHANNEL
2026-03-05 10:58:32,525 {d879 e502} [  428.617629] HSM: scan: transition BSS_CHANNEL => FOREIGN_CHANNEL
2026-03-05 10:58:32,540 <4>Jan 29 06:36:08 BZ2,002722b6662b,v4.3.28.11361: kernel: [  428.617629] HSM: scan: transition BSS_CHANNEL => FOREIGN_CHANNEL
2026-03-05 10:58:32,655 {d879 e502} [  428.747627] HSM: scan: transition FOREIGN_CHANNEL => BSS_CHANNEL
2026-03-05 10:58:32,669 <4>Jan 29 06:36:08 BZ2,002722b6662b,v4.3.28.11361: kernel: [  428.747627] HSM: scan: transition FOREIGN_CHANNEL => BSS_CHANNEL
2026-03-05 10:58:34,285 {d879 e502} [  430.377628] HSM: scan: transition BSS_CHANNEL => FOREIGN_CHANNEL
2026-03-05 10:58:34,299 <4>Jan 29 06:36:10 BZ2,002722b6662b,v4.3.28.11361: kernel: [  430.377628] HSM: scan: transition BSS_CHANNEL => FOREIGN_CHANNEL
2026-03-05 10:58:34,415 {d879 e502} [  430.507655] HSM: scan: transition FOREIGN_CHANNEL => BSS_CHANNEL
2026-03-05 10:58:34,426 <4>Jan 29 06:36:10 BZ2,002722b6662b,v4.3.28.11361: kernel: [  430.507655] HSM: scan: transition FOREIGN_CHANNEL => BSS_CHANNEL
2026-03-05 10:58:36,036 {d879 e502} [  432.127644] HSM: scan: transition BSS_CHANNEL => FOREIGN_CHANNEL
2026-03-05 10:58:36,049 <4>Jan 29 06:36:11 BZ2,002722b6662b,v4.3.28.11361: kernel: [  432.127644] HSM: scan: transition BSS_CHANNEL => FOREIGN_CHANNEL
2026-03-05 10:58:36,165 {d879 e502} [  432.257675] HSM: scan: transition FOREIGN_CHANNEL => BSS_CHANNEL
2026-03-05 10:58:36,176 <4>Jan 29 06:36:11 BZ2,002722b6662b,v4.3.28.11361: kernel: [  432.257675] HSM: scan: transition FOREIGN_CHANNEL => BSS_CHANNEL
2026-03-05 10:58:37,785 {d879 e502} [  433.877663] HSM: scan: transition BSS_CHANNEL => FOREIGN_CHANNEL
2026-03-05 10:58:37,799 <4>Jan 29 06:36:13 BZ2,002722b6662b,v4.3.28.11361: kernel: [  433.877663] HSM: scan: transition BSS_CHANNEL => FOREIGN_CHANNEL
2026-03-05 10:58:37,915 {d879 e502} [  434.007639] HSM: scan: transition FOREIGN_CHANNEL => BSS_CHANNEL
2026-03-05 10:58:37,926 <4>Jan 29 06:36:13 BZ2,002722b6662b,v4.3.28.11361: kernel: [  434.007639] HSM: scan: transition FOREIGN_CHANNEL => BSS_CHANNEL
2026-03-05 10:58:39,535 {d879 e502} [  435.627623] HSM: scan: transition BSS_CHANNEL => FOREIGN_CHANNEL
2026-03-05 10:58:39,549 <4>Jan 29 06:36:15 BZ2,002722b6662b,v4.3.28.11361: kernel: [  435.627623] HSM: scan: transition BSS_CHANNEL => FOREIGN_CHANNEL
2026-03-05 10:58:39,667 {d879 e502} [  435.757636] HSM: scan: transition FOREIGN_CHANNEL => BSS_CHANNEL
2026-03-05 10:58:39,677 <4>Jan 29 06:36:15 BZ2,002722b6662b,v4.3.28.11361: kernel: [  435.757636] HSM: scan: transition FOREIGN_CHANNEL => BSS_CHANNEL
2026-03-05 10:58:41,285 {d879 e502} [  437.377624] HSM: scan: transition BSS_CHANNEL => FOREIGN_CHANNEL
2026-03-05 10:58:41,299 <4>Jan 29 06:36:17 BZ2,002722b6662b,v4.3.28.11361: kernel: [  437.377624] HSM: scan: transition BSS_CHANNEL => FOREIGN_CHANNEL
2026-03-05 10:58:41,415 {d879 e502} [  437.507635] HSM: scan: transition FOREIGN_CHANNEL => BSS_CHANNEL
2026-03-05 10:58:41,427 <4>Jan 29 06:36:17 BZ2,002722b6662b,v4.3.28.11361: kernel: [  437.507635] HSM: scan: transition FOREIGN_CHANNEL => BSS_CHANNEL
2026-03-05 10:58:43,035 {d879 e502} [  439.127628] HSM: scan: transition BSS_CHANNEL => FOREIGN_CHANNEL
2026-03-05 10:58:43,049 <4>Jan 29 06:36:18 BZ2,002722b6662b,v4.3.28.11361: kernel: [  439.127628] HSM: scan: transition BSS_CHANNEL => FOREIGN_CHANNEL
2026-03-05 10:58:43,165 {d879 e502} [  439.257637] HSM: scan: transition FOREIGN_CHANNEL => BSS_CHANNEL
2026-03-05 10:58:43,177 <4>Jan 29 06:36:18 BZ2,002722b6662b,v4.3.28.11361: kernel: [  439.257637] HSM: scan: transition FOREIGN_CHANNEL => BSS_CHANNEL
2026-03-05 10:58:44,785 {d879 e502} [  440.877617] HSM: scan: transition BSS_CHANNEL => FOREIGN_CHANNEL
2026-03-05 10:58:44,801 <4>Jan 29 06:36:20 BZ2,002722b6662b,v4.3.28.11361: kernel: [  440.877617] HSM: scan: transition BSS_CHANNEL => FOREIGN_CHANNEL
2026-03-05 10:58:44,916 {d879 e502} [  441.007636] HSM: scan: transition FOREIGN_CHANNEL => BSS_CHANNEL
2026-03-05 10:58:44,926 <4>Jan 29 06:36:20 BZ2,002722b6662b,v4.3.28.11361: kernel: [  441.007636] HSM: scan: transition FOREIGN_CHANNEL => BSS_CHANNEL
2026-03-05 10:58:46,536 {d879 e502} [  442.627628] HSM: scan: transition BSS_CHANNEL => FOREIGN_CHANNEL
2026-03-05 10:58:46,549 <4>Jan 29 06:36:22 BZ2,002722b6662b,v4.3.28.11361: kernel: [  442.627628] HSM: scan: transition BSS_CHANNEL => FOREIGN_CHANNEL
2026-03-05 10:58:46,665 {d879 e502} [  442.757642] HSM: scan: transition FOREIGN_CHANNEL => BSS_CHANNEL
2026-03-05 10:58:46,677 <4>Jan 29 06:36:22 BZ2,002722b6662b,v4.3.28.11361: kernel: [  442.757642] HSM: scan: transition FOREIGN_CHANNEL => BSS_CHANNEL
2026-03-05 10:58:47,012 <11>Jan 29 06:36:22 BZ2,002722b6662b,v4.3.28.11361: : uplink-monitor[1148]: uplink-monitor.get_link_info(): uplink addr is null
2026-03-05 10:58:48,285 {d879 e502} [  444.377624] HSM: scan: transition BSS_CHANNEL => FOREIGN_CHANNEL
2026-03-05 10:58:48,299 <4>Jan 29 06:36:24 BZ2,002722b6662b,v4.3.28.11361: kernel: [  444.377624] HSM: scan: transition BSS_CHANNEL => FOREIGN_CHANNEL
2026-03-05 10:58:48,416 {d879 e502} [  444.507641] HSM: scan: transition FOREIGN_CHANNEL => BSS_CHANNEL
2026-03-05 10:58:48,426 <4>Jan 29 06:36:24 BZ2,002722b6662b,v4.3.28.11361: kernel: [  444.507641] HSM: scan: transition FOREIGN_CHANNEL => BSS_CHANNEL
2026-03-05 10:58:50,036 {d879 e502} [  446.127617] HSM: scan: transition BSS_CHANNEL => FOREIGN_CHANNEL
2026-03-05 10:58:50,049 <4>Jan 29 06:36:25 BZ2,002722b6662b,v4.3.28.11361: kernel: [  446.127617] HSM: scan: transition BSS_CHANNEL => FOREIGN_CHANNEL
2026-03-05 10:58:50,166 {d879 e502} [  446.257886] HSM: scan: transition FOREIGN_CHANNEL => BSS_CHANNEL
2026-03-05 10:58:50,176 <4>Jan 29 06:36:25 BZ2,002722b6662b,v4.3.28.11361: kernel: [  446.257886] HSM: scan: transition FOREIGN_CHANNEL => BSS_CHANNEL
2026-03-05 10:58:51,786 {d879 e502} [  447.877629] HSM: scan: transition BSS_CHANNEL => FOREIGN_CHANNEL
2026-03-05 10:58:51,799 <4>Jan 29 06:36:27 BZ2,002722b6662b,v4.3.28.11361: kernel: [  447.877629] HSM: scan: transition BSS_CHANNEL => FOREIGN_CHANNEL
2026-03-05 10:58:51,916 {d879 e502} [  448.007641] HSM: scan: transition FOREIGN_CHANNEL => BSS_CHANNEL
2026-03-05 10:58:51,926 <4>Jan 29 06:36:27 BZ2,002722b6662b,v4.3.28.11361: kernel: [  448.007641] HSM: scan: transition FOREIGN_CHANNEL => BSS_CHANNEL
2026-03-05 10:58:53,536 {d879 e502} [  449.627616] HSM: scan: transition BSS_CHANNEL => FOREIGN_CHANNEL
2026-03-05 10:58:53,549 <4>Jan 29 06:36:29 BZ2,002722b6662b,v4.3.28.11361: kernel: [  449.627616] HSM: scan: transition BSS_CHANNEL => FOREIGN_CHANNEL
2026-03-05 10:58:53,671 {d879 e502} [  449.762745] HSM: scan: transition FOREIGN_CHANNEL => IDLE
2026-03-05 10:58:53,680 <4>Jan 29 06:36:29 BZ2,002722b6662b,v4.3.28.11361: kernel: [  449.762745] HSM: scan: transition FOREIGN_CHANNEL => IDLE
2026-03-05 10:58:53,682 <27>Jan 29 06:36:29 BZ2,002722b6662b,v4.3.28.11361: wpa_supplicant[1919]: driver_atheros_event_wireless: scan result event - SIOCGIWSCAN
2026-03-05 10:58:54,700 {d879 e502} [  450.791547] HSM: scan: transition IDLE => BSS_CHANNEL
2026-03-05 10:58:54,706 <4>Jan 29 06:36:30 BZ2,002722b6662b,v4.3.28.11361: kernel: [  450.791547] HSM: scan: transition IDLE => BSS_CHANNEL
2026-03-05 10:58:55,176 {d879 e502} [  451.267623] HSM: scan: transition BSS_CHANNEL => FOREIGN_CHANNEL
2026-03-05 10:58:55,189 <4>Jan 29 06:36:30 BZ2,002722b6662b,v4.3.28.11361: kernel: [  451.267623] HSM: scan: transition BSS_CHANNEL => FOREIGN_CHANNEL
2026-03-05 10:58:55,306 {d879 e502} [  451.397638] HSM: scan: transition FOREIGN_CHANNEL => BSS_CHANNEL
2026-03-05 10:58:55,319 <4>Jan 29 06:36:31 BZ2,002722b6662b,v4.3.28.11361: kernel: [  451.397638] HSM: scan: transition FOREIGN_CHANNEL => BSS_CHANNEL
2026-03-05 10:58:56,936 {d879 e502} [  453.027626] HSM: scan: transition BSS_CHANNEL => FOREIGN_CHANNEL
2026-03-05 10:58:56,949 <4>Jan 29 06:36:32 BZ2,002722b6662b,v4.3.28.11361: kernel: [  453.027626] HSM: scan: transition BSS_CHANNEL => FOREIGN_CHANNEL
2026-03-05 10:58:57,066 {d879 e502} [  453.157943] HSM: scan: transition FOREIGN_CHANNEL => BSS_CHANNEL
2026-03-05 10:58:57,076 <4>Jan 29 06:36:32 BZ2,002722b6662b,v4.3.28.11361: kernel: [  453.157943] HSM: scan: transition FOREIGN_CHANNEL => BSS_CHANNEL
2026-03-05 10:58:58,686 {d879 e502} [  454.777617] HSM: scan: transition BSS_CHANNEL => FOREIGN_CHANNEL
2026-03-05 10:58:58,699 <4>Jan 29 06:36:34 BZ2,002722b6662b,v4.3.28.11361: kernel: [  454.777617] HSM: scan: transition BSS_CHANNEL => FOREIGN_CHANNEL
2026-03-05 10:58:58,816 {d879 e502} [  454.907651] HSM: scan: transition FOREIGN_CHANNEL => BSS_CHANNEL
2026-03-05 10:58:58,826 <4>Jan 29 06:36:34 BZ2,002722b6662b,v4.3.28.11361: kernel: [  454.907651] HSM: scan: transition FOREIGN_CHANNEL => BSS_CHANNEL
2026-03-05 10:59:00,436 {d879 e502} [  456.527620] HSM: scan: transition BSS_CHANNEL => FOREIGN_CHANNEL
2026-03-05 10:59:00,449 <4>Jan 29 06:36:36 BZ2,002722b6662b,v4.3.28.11361: kernel: [  456.527620] HSM: scan: transition BSS_CHANNEL => FOREIGN_CHANNEL
2026-03-05 10:59:00,566 {d879 e502} [  456.657960] HSM: scan: transition FOREIGN_CHANNEL => BSS_CHANNEL
2026-03-05 10:59:00,576 <4>Jan 29 06:36:36 BZ2,002722b6662b,v4.3.28.11361: kernel: [  456.657960] HSM: scan: transition FOREIGN_CHANNEL => BSS_CHANNEL
2026-03-05 10:59:02,186 {d879 e502} [  458.277616] HSM: scan: transition BSS_CHANNEL => FOREIGN_CHANNEL
2026-03-05 10:59:02,199 <4>Jan 29 06:36:37 BZ2,002722b6662b,v4.3.28.11361: kernel: [  458.277616] HSM: scan: transition BSS_CHANNEL => FOREIGN_CHANNEL
2026-03-05 10:59:02,316 {d879 e502} [  458.407646] HSM: scan: transition FOREIGN_CHANNEL => BSS_CHANNEL
2026-03-05 10:59:02,327 <4>Jan 29 06:36:38 BZ2,002722b6662b,v4.3.28.11361: kernel: [  458.407646] HSM: scan: transition FOREIGN_CHANNEL => BSS_CHANNEL
2026-03-05 10:59:02,411 <11>Jan 29 06:36:38 BZ2,002722b6662b,v4.3.28.11361: : uplink-monitor[1148]: uplink-monitor.get_link_info(): uplink addr is null
2026-03-05 10:59:03,936 {d879 e502} [  460.027620] HSM: scan: transition BSS_CHANNEL => FOREIGN_CHANNEL
2026-03-05 10:59:03,949 <4>Jan 29 06:36:39 BZ2,002722b6662b,v4.3.28.11361: kernel: [  460.027620] HSM: scan: transition BSS_CHANNEL => FOREIGN_CHANNEL
2026-03-05 10:59:04,066 {d879 e502} [  460.157635] HSM: scan: transition FOREIGN_CHANNEL => BSS_CHANNEL
2026-03-05 10:59:04,077 <4>Jan 29 06:36:39 BZ2,002722b6662b,v4.3.28.11361: kernel: [  460.157635] HSM: scan: transition FOREIGN_CHANNEL => BSS_CHANNEL
2026-03-05 10:59:05,686 {d879 e502} [  461.777625] HSM: scan: transition BSS_CHANNEL => FOREIGN_CHANNEL
2026-03-05 10:59:05,699 <4>Jan 29 06:36:41 BZ2,002722b6662b,v4.3.28.11361: kernel: [  461.777625] HSM: scan: transition BSS_CHANNEL => FOREIGN_CHANNEL
2026-03-05 10:59:05,816 {d879 e502} [  461.907634] HSM: scan: transition FOREIGN_CHANNEL => BSS_CHANNEL
2026-03-05 10:59:05,827 <4>Jan 29 06:36:41 BZ2,002722b6662b,v4.3.28.11361: kernel: [  461.907634] HSM: scan: transition FOREIGN_CHANNEL => BSS_CHANNEL
2026-03-05 10:59:07,436 {d879 e502} [  463.527623] HSM: scan: transition BSS_CHANNEL => FOREIGN_CHANNEL
2026-03-05 10:59:07,449 <4>Jan 29 06:36:43 BZ2,002722b6662b,v4.3.28.11361: kernel: [  463.527623] HSM: scan: transition BSS_CHANNEL => FOREIGN_CHANNEL
2026-03-05 10:59:07,566 {d879 e502} [  463.657645] HSM: scan: transition FOREIGN_CHANNEL => BSS_CHANNEL
2026-03-05 10:59:07,577 <4>Jan 29 06:36:43 BZ2,002722b6662b,v4.3.28.11361: kernel: [  463.657645] HSM: scan: transition FOREIGN_CHANNEL => BSS_CHANNEL
2026-03-05 10:59:09,186 {d879 e502} [  465.277624] HSM: scan: transition BSS_CHANNEL => FOREIGN_CHANNEL
2026-03-05 10:59:09,199 <4>Jan 29 06:36:44 BZ2,002722b6662b,v4.3.28.11361: kernel: [  465.277624] HSM: scan: transition BSS_CHANNEL => FOREIGN_CHANNEL
2026-03-05 10:59:09,316 {d879 e502} [  465.407636] HSM: scan: transition FOREIGN_CHANNEL => BSS_CHANNEL
2026-03-05 10:59:09,327 <4>Jan 29 06:36:45 BZ2,002722b6662b,v4.3.28.11361: kernel: [  465.407636] HSM: scan: transition FOREIGN_CHANNEL => BSS_CHANNEL
2026-03-05 10:59:10,936 {d879 e502} [  467.027877] HSM: scan: transition BSS_CHANNEL => FOREIGN_CHANNEL
2026-03-05 10:59:10,951 <4>Jan 29 06:36:46 BZ2,002722b6662b,v4.3.28.11361: kernel: [  467.027877] HSM: scan: transition BSS_CHANNEL => FOREIGN_CHANNEL
2026-03-05 10:59:11,066 {d879 e502} [  467.157830] HSM: scan: transition FOREIGN_CHANNEL => BSS_CHANNEL
2026-03-05 10:59:11,077 <4>Jan 29 06:36:46 BZ2,002722b6662b,v4.3.28.11361: kernel: [  467.157830] HSM: scan: transition FOREIGN_CHANNEL => BSS_CHANNEL
2026-03-05 10:59:12,686 {d879 e502} [  468.777624] HSM: scan: transition BSS_CHANNEL => FOREIGN_CHANNEL
2026-03-05 10:59:12,699 <4>Jan 29 06:36:48 BZ2,002722b6662b,v4.3.28.11361: kernel: [  468.777624] HSM: scan: transition BSS_CHANNEL => FOREIGN_CHANNEL
2026-03-05 10:59:12,816 {d879 e502} [  468.907644] HSM: scan: transition FOREIGN_CHANNEL => BSS_CHANNEL
2026-03-05 10:59:12,826 <4>Jan 29 06:36:48 BZ2,002722b6662b,v4.3.28.11361: kernel: [  468.907644] HSM: scan: transition FOREIGN_CHANNEL => BSS_CHANNEL
2026-03-05 10:59:14,436 {d879 e502} [  470.527623] HSM: scan: transition BSS_CHANNEL => FOREIGN_CHANNEL
2026-03-05 10:59:14,451 <4>Jan 29 06:36:50 BZ2,002722b6662b,v4.3.28.11361: kernel: [  470.527623] HSM: scan: transition BSS_CHANNEL => FOREIGN_CHANNEL
2026-03-05 10:59:14,566 {d879 e502} [  470.657902] HSM: scan: transition FOREIGN_CHANNEL => BSS_CHANNEL
2026-03-05 10:59:14,578 <4>Jan 29 06:36:50 BZ2,002722b6662b,v4.3.28.11361: kernel: [  470.657902] HSM: scan: transition FOREIGN_CHANNEL => BSS_CHANNEL
2026-03-05 10:59:16,186 {d879 e502} [  472.277618] HSM: scan: transition BSS_CHANNEL => FOREIGN_CHANNEL
2026-03-05 10:59:16,200 <4>Jan 29 06:36:51 BZ2,002722b6662b,v4.3.28.11361: kernel: [  472.277618] HSM: scan: transition BSS_CHANNEL => FOREIGN_CHANNEL
2026-03-05 10:59:16,321 {d879 e502} [  472.412495] HSM: scan: transition FOREIGN_CHANNEL => IDLE
2026-03-05 10:59:16,328 <27>Jan 29 06:36:52 BZ2,002722b6662b,v4.3.28.11361: wpa_supplicant[1919]: driver_atheros_event_wireless: scan result event - SIOCGIWSCAN
2026-03-05 10:59:16,328 <4>Jan 29 06:36:52 BZ2,002722b6662b,v4.3.28.11361: kernel: [  472.412495] HSM: scan: transition FOREIGN_CHANNEL => IDLE
2026-03-05 10:59:17,350 {d879 e502} [  473.441532] HSM: scan: transition IDLE => BSS_CHANNEL
2026-03-05 10:59:17,357 <4>Jan 29 06:36:53 BZ2,002722b6662b,v4.3.28.11361: kernel: [  473.441532] HSM: scan: transition IDLE => BSS_CHANNEL
2026-03-05 10:59:17,811 <11>Jan 29 06:36:53 BZ2,002722b6662b,v4.3.28.11361: : uplink-monitor[1148]: uplink-monitor.get_link_info(): uplink addr is null
2026-03-05 10:59:17,826 {d879 e502} [  473.917671] HSM: scan: transition BSS_CHANNEL => FOREIGN_CHANNEL
2026-03-05 10:59:17,840 <4>Jan 29 06:36:53 BZ2,002722b6662b,v4.3.28.11361: kernel: [  473.917671] HSM: scan: transition BSS_CHANNEL => FOREIGN_CHANNEL
2026-03-05 10:59:17,956 {d879 e502} [  474.047686] HSM: scan: transition FOREIGN_CHANNEL => BSS_CHANNEL
2026-03-05 10:59:17,970 <4>Jan 29 06:36:53 BZ2,002722b6662b,v4.3.28.11361: kernel: [  474.047686] HSM: scan: transition FOREIGN_CHANNEL => BSS_CHANNEL
2026-03-05 10:59:19,586 {d879 e502} [  475.677623] HSM: scan: transition BSS_CHANNEL => FOREIGN_CHANNEL
2026-03-05 10:59:19,599 <4>Jan 29 06:36:55 BZ2,002722b6662b,v4.3.28.11361: kernel: [  475.677623] HSM: scan: transition BSS_CHANNEL => FOREIGN_CHANNEL
2026-03-05 10:59:19,716 {d879 e502} [  475.807644] HSM: scan: transition FOREIGN_CHANNEL => BSS_CHANNEL
2026-03-05 10:59:19,727 <4>Jan 29 06:36:55 BZ2,002722b6662b,v4.3.28.11361: kernel: [  475.807644] HSM: scan: transition FOREIGN_CHANNEL => BSS_CHANNEL
2026-03-05 10:59:21,336 {d879 e502} [  477.427624] HSM: scan: transition BSS_CHANNEL => FOREIGN_CHANNEL
2026-03-05 10:59:21,350 <4>Jan 29 06:36:57 BZ2,002722b6662b,v4.3.28.11361: kernel: [  477.427624] HSM: scan: transition BSS_CHANNEL => FOREIGN_CHANNEL
2026-03-05 10:59:21,466 {d879 e502} [  477.557651] HSM: scan: transition FOREIGN_CHANNEL => BSS_CHANNEL
2026-03-05 10:59:21,476 <4>Jan 29 06:36:57 BZ2,002722b6662b,v4.3.28.11361: kernel: [  477.557651] HSM: scan: transition FOREIGN_CHANNEL => BSS_CHANNEL
2026-03-05 10:59:23,087 {d879 e502} [  479.177610] HSM: scan: transition BSS_CHANNEL => FOREIGN_CHANNEL
2026-03-05 10:59:23,100 <4>Jan 29 06:36:58 BZ2,002722b6662b,v4.3.28.11361: kernel: [  479.177610] HSM: scan: transition BSS_CHANNEL => FOREIGN_CHANNEL
2026-03-05 10:59:23,216 {d879 e502} [  479.307642] HSM: scan: transition FOREIGN_CHANNEL => BSS_CHANNEL
2026-03-05 10:59:23,227 <4>Jan 29 06:36:58 BZ2,002722b6662b,v4.3.28.11361: kernel: [  479.307642] HSM: scan: transition FOREIGN_CHANNEL => BSS_CHANNEL
2026-03-05 10:59:24,836 {d879 e502} [  480.927623] HSM: scan: transition BSS_CHANNEL => FOREIGN_CHANNEL
2026-03-05 10:59:24,850 <4>Jan 29 06:37:00 BZ2,002722b6662b,v4.3.28.11361: kernel: [  480.927623] HSM: scan: transition BSS_CHANNEL => FOREIGN_CHANNEL
2026-03-05 10:59:24,966 {d879 e502} [  481.057637] HSM: scan: transition FOREIGN_CHANNEL => BSS_CHANNEL
2026-03-05 10:59:24,978 <4>Jan 29 06:37:00 BZ2,002722b6662b,v4.3.28.11361: kernel: [  481.057637] HSM: scan: transition FOREIGN_CHANNEL => BSS_CHANNEL
2026-03-05 10:59:26,586 {d879 e502} [  482.677630] HSM: scan: transition BSS_CHANNEL => FOREIGN_CHANNEL
2026-03-05 10:59:26,600 <4>Jan 29 06:37:02 BZ2,002722b6662b,v4.3.28.11361: kernel: [  482.677630] HSM: scan: transition BSS_CHANNEL => FOREIGN_CHANNEL
2026-03-05 10:59:26,716 {d879 e502} [  482.807650] HSM: scan: transition FOREIGN_CHANNEL => BSS_CHANNEL
2026-03-05 10:59:26,727 <4>Jan 29 06:37:02 BZ2,002722b6662b,v4.3.28.11361: kernel: [  482.807650] HSM: scan: transition FOREIGN_CHANNEL => BSS_CHANNEL
2026-03-05 10:59:28,336 {d879 e502} [  484.427622] HSM: scan: transition BSS_CHANNEL => FOREIGN_CHANNEL
2026-03-05 10:59:28,350 <4>Jan 29 06:37:04 BZ2,002722b6662b,v4.3.28.11361: kernel: [  484.427622] HSM: scan: transition BSS_CHANNEL => FOREIGN_CHANNEL
2026-03-05 10:59:28,466 {d879 e502} [  484.557680] HSM: scan: transition FOREIGN_CHANNEL => BSS_CHANNEL
2026-03-05 10:59:28,477 <4>Jan 29 06:37:04 BZ2,002722b6662b,v4.3.28.11361: kernel: [  484.557680] HSM: scan: transition FOREIGN_CHANNEL => BSS_CHANNEL
2026-03-05 10:59:30,086 {d879 e502} [  486.177617] HSM: scan: transition BSS_CHANNEL => FOREIGN_CHANNEL
2026-03-05 10:59:30,100 <4>Jan 29 06:37:05 BZ2,002722b6662b,v4.3.28.11361: kernel: [  486.177617] HSM: scan: transition BSS_CHANNEL => FOREIGN_CHANNEL
2026-03-05 10:59:30,216 {d879 e502} [  486.307639] HSM: scan: transition FOREIGN_CHANNEL => BSS_CHANNEL
2026-03-05 10:59:30,227 <4>Jan 29 06:37:05 BZ2,002722b6662b,v4.3.28.11361: kernel: [  486.307639] HSM: scan: transition FOREIGN_CHANNEL => BSS_CHANNEL
2026-03-05 10:59:31,836 {d879 e502} [  487.927626] HSM: scan: transition BSS_CHANNEL => FOREIGN_CHANNEL
2026-03-05 10:59:31,850 <4>Jan 29 06:37:07 BZ2,002722b6662b,v4.3.28.11361: kernel: [  487.927626] HSM: scan: transition BSS_CHANNEL => FOREIGN_CHANNEL
2026-03-05 10:59:31,966 {d879 e502} [  488.057690] HSM: scan: transition FOREIGN_CHANNEL => BSS_CHANNEL
2026-03-05 10:59:31,977 <4>Jan 29 06:37:07 BZ2,002722b6662b,v4.3.28.11361: kernel: [  488.057690] HSM: scan: transition FOREIGN_CHANNEL => BSS_CHANNEL
2026-03-05 10:59:33,252 <11>Jan 29 06:37:09 BZ2,002722b6662b,v4.3.28.11361: : uplink-monitor[1148]: uplink-monitor.get_link_info(): uplink addr is null
2026-03-05 10:59:33,587 {d879 e502} [  489.678077] HSM: scan: transition BSS_CHANNEL => FOREIGN_CHANNEL
2026-03-05 10:59:33,600 <4>Jan 29 06:37:09 BZ2,002722b6662b,v4.3.28.11361: kernel: [  489.678077] HSM: scan: transition BSS_CHANNEL => FOREIGN_CHANNEL
2026-03-05 10:59:33,716 {d879 e502} [  489.807647] HSM: scan: transition FOREIGN_CHANNEL => BSS_CHANNEL
2026-03-05 10:59:33,727 <4>Jan 29 06:37:09 BZ2,002722b6662b,v4.3.28.11361: kernel: [  489.807647] HSM: scan: transition FOREIGN_CHANNEL => BSS_CHANNEL
2026-03-05 10:59:35,336 {d879 e502} [  491.427653] HSM: scan: transition BSS_CHANNEL => FOREIGN_CHANNEL
2026-03-05 10:59:35,350 <4>Jan 29 06:37:11 BZ2,002722b6662b,v4.3.28.11361: kernel: [  491.427653] HSM: scan: transition BSS_CHANNEL => FOREIGN_CHANNEL
2026-03-05 10:59:35,466 {d879 e502} [  491.557639] HSM: scan: transition FOREIGN_CHANNEL => BSS_CHANNEL
2026-03-05 10:59:35,477 <4>Jan 29 06:37:11 BZ2,002722b6662b,v4.3.28.11361: kernel: [  491.557639] HSM: scan: transition FOREIGN_CHANNEL => BSS_CHANNEL
2026-03-05 10:59:37,086 {d879 e502} [  493.177627] HSM: scan: transition BSS_CHANNEL => FOREIGN_CHANNEL
2026-03-05 10:59:37,100 <4>Jan 29 06:37:12 BZ2,002722b6662b,v4.3.28.11361: kernel: [  493.177627] HSM: scan: transition BSS_CHANNEL => FOREIGN_CHANNEL
2026-03-05 10:59:37,216 {d879 e502} [  493.307648] HSM: scan: transition FOREIGN_CHANNEL => BSS_CHANNEL
2026-03-05 10:59:37,227 <4>Jan 29 06:37:12 BZ2,002722b6662b,v4.3.28.11361: kernel: [  493.307648] HSM: scan: transition FOREIGN_CHANNEL => BSS_CHANNEL
2026-03-05 10:59:38,836 {d879 e502} [  494.927611] HSM: scan: transition BSS_CHANNEL => FOREIGN_CHANNEL
2026-03-05 10:59:38,850 <4>Jan 29 06:37:14 BZ2,002722b6662b,v4.3.28.11361: kernel: [  494.927611] HSM: scan: transition BSS_CHANNEL => FOREIGN_CHANNEL
2026-03-05 10:59:38,971 {d879 e502} [  495.062490] HSM: scan: transition FOREIGN_CHANNEL => IDLE
2026-03-05 10:59:38,978 <27>Jan 29 06:37:14 BZ2,002722b6662b,v4.3.28.11361: wpa_supplicant[1919]: driver_atheros_event_wireless: scan result event - SIOCGIWSCAN
2026-03-05 10:59:38,978 <4>Jan 29 06:37:14 BZ2,002722b6662b,v4.3.28.11361: kernel: [  495.062490] HSM: scan: transition FOREIGN_CHANNEL => IDLE
2026-03-05 10:59:40,000 {d879 e502} [  496.091546] HSM: scan: transition IDLE => BSS_CHANNEL
2026-03-05 10:59:40,007 <4>Jan 29 06:37:15 BZ2,002722b6662b,v4.3.28.11361: kernel: [  496.091546] HSM: scan: transition IDLE => BSS_CHANNEL
2026-03-05 10:59:40,476 {d879 e502} [  496.567621] HSM: scan: transition BSS_CHANNEL => FOREIGN_CHANNEL
2026-03-05 10:59:40,490 <4>Jan 29 06:37:16 BZ2,002722b6662b,v4.3.28.11361: kernel: [  496.567621] HSM: scan: transition BSS_CHANNEL => FOREIGN_CHANNEL
2026-03-05 10:59:40,606 {d879 e502} [  496.697632] HSM: scan: transition FOREIGN_CHANNEL => BSS_CHANNEL
2026-03-05 10:59:40,620 <4>Jan 29 06:37:16 BZ2,002722b6662b,v4.3.28.11361: kernel: [  496.697632] HSM: scan: transition FOREIGN_CHANNEL => BSS_CHANNEL
2026-03-05 10:59:42,236 {d879 e502} [  498.327637] HSM: scan: transition BSS_CHANNEL => FOREIGN_CHANNEL
2026-03-05 10:59:42,254 <4>Jan 29 06:37:18 BZ2,002722b6662b,v4.3.28.11361: kernel: [  498.327637] HSM: scan: transition BSS_CHANNEL => FOREIGN_CHANNEL
2026-03-05 10:59:42,366 {d879 e502} [  498.457638] HSM: scan: transition FOREIGN_CHANNEL => BSS_CHANNEL
2026-03-05 10:59:42,377 <4>Jan 29 06:37:18 BZ2,002722b6662b,v4.3.28.11361: kernel: [  498.457638] HSM: scan: transition FOREIGN_CHANNEL => BSS_CHANNEL
2026-03-05 10:59:43,986 {d879 e502} [  500.077637] HSM: scan: transition BSS_CHANNEL => FOREIGN_CHANNEL
2026-03-05 10:59:44,000 <4>Jan 29 06:37:19 BZ2,002722b6662b,v4.3.28.11361: kernel: [  500.077637] HSM: scan: transition BSS_CHANNEL => FOREIGN_CHANNEL
2026-03-05 10:59:44,116 {d879 e502} [  500.207661] HSM: scan: transition FOREIGN_CHANNEL => BSS_CHANNEL
2026-03-05 10:59:44,127 <4>Jan 29 06:37:19 BZ2,002722b6662b,v4.3.28.11361: kernel: [  500.207661] HSM: scan: transition FOREIGN_CHANNEL => BSS_CHANNEL
2026-03-05 10:59:45,737 {d879 e502} [  501.827629] HSM: scan: transition BSS_CHANNEL => FOREIGN_CHANNEL
2026-03-05 10:59:45,750 <4>Jan 29 06:37:21 BZ2,002722b6662b,v4.3.28.11361: kernel: [  501.827629] HSM: scan: transition BSS_CHANNEL => FOREIGN_CHANNEL
2026-03-05 10:59:45,866 {d879 e502} [  501.957651] HSM: scan: transition FOREIGN_CHANNEL => BSS_CHANNEL
2026-03-05 10:59:45,877 <4>Jan 29 06:37:21 BZ2,002722b6662b,v4.3.28.11361: kernel: [  501.957651] HSM: scan: transition FOREIGN_CHANNEL => BSS_CHANNEL
2026-03-05 10:59:47,486 {d879 e502} [  503.577621] HSM: scan: transition BSS_CHANNEL => FOREIGN_CHANNEL
2026-03-05 10:59:47,500 <4>Jan 29 06:37:23 BZ2,002722b6662b,v4.3.28.11361: kernel: [  503.577621] HSM: scan: transition BSS_CHANNEL => FOREIGN_CHANNEL
2026-03-05 10:59:47,616 {d879 e502} [  503.707635] HSM: scan: transition FOREIGN_CHANNEL => BSS_CHANNEL
2026-03-05 10:59:47,627 <4>Jan 29 06:37:23 BZ2,002722b6662b,v4.3.28.11361: kernel: [  503.707635] HSM: scan: transition FOREIGN_CHANNEL => BSS_CHANNEL
2026-03-05 10:59:48,712 <11>Jan 29 06:37:24 BZ2,002722b6662b,v4.3.28.11361: : uplink-monitor[1148]: uplink-monitor.get_link_info(): uplink addr is null
2026-03-05 10:59:49,236 {d879 e502} [  505.327625] HSM: scan: transition BSS_CHANNEL => FOREIGN_CHANNEL
2026-03-05 10:59:49,250 <4>Jan 29 06:37:25 BZ2,002722b6662b,v4.3.28.11361: kernel: [  505.327625] HSM: scan: transition BSS_CHANNEL => FOREIGN_CHANNEL
2026-03-05 10:59:49,366 {d879 e502} [  505.457638] HSM: scan: transition FOREIGN_CHANNEL => BSS_CHANNEL
2026-03-05 10:59:49,379 <4>Jan 29 06:37:25 BZ2,002722b6662b,v4.3.28.11361: kernel: [  505.457638] HSM: scan: transition FOREIGN_CHANNEL => BSS_CHANNEL
2026-03-05 10:59:50,987 {d879 e502} [  507.077630] HSM: scan: transition BSS_CHANNEL => FOREIGN_CHANNEL
2026-03-05 10:59:51,000 <4>Jan 29 06:37:26 BZ2,002722b6662b,v4.3.28.11361: kernel: [  507.077630] HSM: scan: transition BSS_CHANNEL => FOREIGN_CHANNEL
2026-03-05 10:59:51,116 {d879 e502} [  507.207634] HSM: scan: transition FOREIGN_CHANNEL => BSS_CHANNEL
2026-03-05 10:59:51,127 <4>Jan 29 06:37:26 BZ2,002722b6662b,v4.3.28.11361: kernel: [  507.207634] HSM: scan: transition FOREIGN_CHANNEL => BSS_CHANNEL
2026-03-05 10:59:52,736 {d879 e502} [  508.827625] HSM: scan: transition BSS_CHANNEL => FOREIGN_CHANNEL
2026-03-05 10:59:52,750 <4>Jan 29 06:37:28 BZ2,002722b6662b,v4.3.28.11361: kernel: [  508.827625] HSM: scan: transition BSS_CHANNEL => FOREIGN_CHANNEL
2026-03-05 10:59:52,866 {d879 e502} [  508.957636] HSM: scan: transition FOREIGN_CHANNEL => BSS_CHANNEL
2026-03-05 10:59:52,877 <4>Jan 29 06:37:28 BZ2,002722b6662b,v4.3.28.11361: kernel: [  508.957636] HSM: scan: transition FOREIGN_CHANNEL => BSS_CHANNEL
2026-03-05 10:59:54,487 {d879 e502} [  510.577610] HSM: scan: transition BSS_CHANNEL => FOREIGN_CHANNEL
2026-03-05 10:59:54,500 <4>Jan 29 06:37:30 BZ2,002722b6662b,v4.3.28.11361: kernel: [  510.577610] HSM: scan: transition BSS_CHANNEL => FOREIGN_CHANNEL
2026-03-05 10:59:54,616 {d879 e502} [  510.707639] HSM: scan: transition FOREIGN_CHANNEL => BSS_CHANNEL
2026-03-05 10:59:54,627 <4>Jan 29 06:37:30 BZ2,002722b6662b,v4.3.28.11361: kernel: [  510.707639] HSM: scan: transition FOREIGN_CHANNEL => BSS_CHANNEL
2026-03-05 10:59:56,237 {d879 e502} [  512.327628] HSM: scan: transition BSS_CHANNEL => FOREIGN_CHANNEL
2026-03-05 10:59:56,250 <4>Jan 29 06:37:32 BZ2,002722b6662b,v4.3.28.11361: kernel: [  512.327628] HSM: scan: transition BSS_CHANNEL => FOREIGN_CHANNEL
2026-03-05 10:59:56,366 {d879 e502} [  512.457642] HSM: scan: transition FOREIGN_CHANNEL => BSS_CHANNEL
2026-03-05 10:59:56,377 <4>Jan 29 06:37:32 BZ2,002722b6662b,v4.3.28.11361: kernel: [  512.457642] HSM: scan: transition FOREIGN_CHANNEL => BSS_CHANNEL
2026-03-05 10:59:57,986 {d879 e502} [  514.077631] HSM: scan: transition BSS_CHANNEL => FOREIGN_CHANNEL
2026-03-05 10:59:58,000 <4>Jan 29 06:37:33 BZ2,002722b6662b,v4.3.28.11361: kernel: [  514.077631] HSM: scan: transition BSS_CHANNEL => FOREIGN_CHANNEL
2026-03-05 10:59:58,117 {d879 e502} [  514.207696] HSM: scan: transition FOREIGN_CHANNEL => BSS_CHANNEL
2026-03-05 10:59:58,127 <4>Jan 29 06:37:33 BZ2,002722b6662b,v4.3.28.11361: kernel: [  514.207696] HSM: scan: transition FOREIGN_CHANNEL => BSS_CHANNEL
2026-03-05 10:59:59,736 {d879 e502} [  515.827615] HSM: scan: transition BSS_CHANNEL => FOREIGN_CHANNEL
2026-03-05 10:59:59,750 <4>Jan 29 06:37:35 BZ2,002722b6662b,v4.3.28.11361: kernel: [  515.827615] HSM: scan: transition BSS_CHANNEL => FOREIGN_CHANNEL
2026-03-05 10:59:59,867 {d879 e502} [  515.957686] HSM: scan: transition FOREIGN_CHANNEL => BSS_CHANNEL
2026-03-05 10:59:59,877 <4>Jan 29 06:37:35 BZ2,002722b6662b,v4.3.28.11361: kernel: [  515.957686] HSM: scan: transition FOREIGN_CHANNEL => BSS_CHANNEL
2026-03-05 11:00:01,487 {d879 e502} [  517.577625] HSM: scan: transition BSS_CHANNEL => FOREIGN_CHANNEL
2026-03-05 11:00:01,500 <4>Jan 29 06:37:37 BZ2,002722b6662b,v4.3.28.11361: kernel: [  517.577625] HSM: scan: transition BSS_CHANNEL => FOREIGN_CHANNEL
2026-03-05 11:00:01,621 {d879 e502} [  517.712556] HSM: scan: transition FOREIGN_CHANNEL => IDLE
2026-03-05 11:00:01,631 <4>Jan 29 06:37:37 BZ2,002722b6662b,v4.3.28.11361: kernel: [  517.712556] HSM: scan: transition FOREIGN_CHANNEL => IDLE
2026-03-05 11:00:01,632 <27>Jan 29 06:37:37 BZ2,002722b6662b,v4.3.28.11361: wpa_supplicant[1919]: driver_atheros_event_wireless: scan result event - SIOCGIWSCAN
2026-03-05 11:00:02,650 {d879 e502} [  518.741585] HSM: scan: transition IDLE => BSS_CHANNEL
2026-03-05 11:00:02,657 <4>Jan 29 06:37:38 BZ2,002722b6662b,v4.3.28.11361: kernel: [  518.741585] HSM: scan: transition IDLE => BSS_CHANNEL
2026-03-05 11:00:03,127 {d879 e502} [  519.217624] HSM: scan: transition BSS_CHANNEL => FOREIGN_CHANNEL
2026-03-05 11:00:03,141 <4>Jan 29 06:37:38 BZ2,002722b6662b,v4.3.28.11361: kernel: [  519.217624] HSM: scan: transition BSS_CHANNEL => FOREIGN_CHANNEL
2026-03-05 11:00:03,256 {d879 e502} [  519.347628] HSM: scan: transition FOREIGN_CHANNEL => BSS_CHANNEL
2026-03-05 11:00:03,270 <4>Jan 29 06:37:39 BZ2,002722b6662b,v4.3.28.11361: kernel: [  519.347628] HSM: scan: transition FOREIGN_CHANNEL => BSS_CHANNEL
2026-03-05 11:00:04,112 <11>Jan 29 06:37:39 BZ2,002722b6662b,v4.3.28.11361: : uplink-monitor[1148]: uplink-monitor.get_link_info(): uplink addr is null
2026-03-05 11:00:04,887 {d879 e502} [  520.977622] HSM: scan: transition BSS_CHANNEL => FOREIGN_CHANNEL
2026-03-05 11:00:04,900 <4>Jan 29 06:37:40 BZ2,002722b6662b,v4.3.28.11361: kernel: [  520.977622] HSM: scan: transition BSS_CHANNEL => FOREIGN_CHANNEL
2026-03-05 11:00:05,016 {d879 e502} [  521.107665] HSM: scan: transition FOREIGN_CHANNEL => BSS_CHANNEL
2026-03-05 11:00:05,027 <4>Jan 29 06:37:40 BZ2,002722b6662b,v4.3.28.11361: kernel: [  521.107665] HSM: scan: transition FOREIGN_CHANNEL => BSS_CHANNEL
2026-03-05 11:00:06,637 {d879 e502} [  522.727616] HSM: scan: transition BSS_CHANNEL => FOREIGN_CHANNEL
2026-03-05 11:00:06,650 <4>Jan 29 06:37:42 BZ2,002722b6662b,v4.3.28.11361: kernel: [  522.727616] HSM: scan: transition BSS_CHANNEL => FOREIGN_CHANNEL
2026-03-05 11:00:06,767 {d879 e502} [  522.857642] HSM: scan: transition FOREIGN_CHANNEL => BSS_CHANNEL
2026-03-05 11:00:06,777 <4>Jan 29 06:37:42 BZ2,002722b6662b,v4.3.28.11361: kernel: [  522.857642] HSM: scan: transition FOREIGN_CHANNEL => BSS_CHANNEL
2026-03-05 11:00:08,387 {d879 e502} [  524.477635] HSM: scan: transition BSS_CHANNEL => FOREIGN_CHANNEL
2026-03-05 11:00:08,400 <4>Jan 29 06:37:44 BZ2,002722b6662b,v4.3.28.11361: kernel: [  524.477635] HSM: scan: transition BSS_CHANNEL => FOREIGN_CHANNEL
2026-03-05 11:00:08,517 {d879 e502} [  524.607641] HSM: scan: transition FOREIGN_CHANNEL => BSS_CHANNEL
2026-03-05 11:00:08,528 <4>Jan 29 06:37:44 BZ2,002722b6662b,v4.3.28.11361: kernel: [  524.607641] HSM: scan: transition FOREIGN_CHANNEL => BSS_CHANNEL
2026-03-05 11:00:10,137 {d879 e502} [  526.227619] HSM: scan: transition BSS_CHANNEL => FOREIGN_CHANNEL
2026-03-05 11:00:10,150 <4>Jan 29 06:37:45 BZ2,002722b6662b,v4.3.28.11361: kernel: [  526.227619] HSM: scan: transition BSS_CHANNEL => FOREIGN_CHANNEL
2026-03-05 11:00:10,267 {d879 e502} [  526.357637] HSM: scan: transition FOREIGN_CHANNEL => BSS_CHANNEL
2026-03-05 11:00:10,278 <4>Jan 29 06:37:46 BZ2,002722b6662b,v4.3.28.11361: kernel: [  526.357637] HSM: scan: transition FOREIGN_CHANNEL => BSS_CHANNEL
2026-03-05 11:00:11,887 {d879 e502} [  527.977626] HSM: scan: transition BSS_CHANNEL => FOREIGN_CHANNEL
2026-03-05 11:00:11,900 <4>Jan 29 06:37:47 BZ2,002722b6662b,v4.3.28.11361: kernel: [  527.977626] HSM: scan: transition BSS_CHANNEL => FOREIGN_CHANNEL
2026-03-05 11:00:12,017 {d879 e502} [  528.107638] HSM: scan: transition FOREIGN_CHANNEL => BSS_CHANNEL
2026-03-05 11:00:12,028 <4>Jan 29 06:37:47 BZ2,002722b6662b,v4.3.28.11361: kernel: [  528.107638] HSM: scan: transition FOREIGN_CHANNEL => BSS_CHANNEL
2026-03-05 11:00:13,637 {d879 e502} [  529.727626] HSM: scan: transition BSS_CHANNEL => FOREIGN_CHANNEL
2026-03-05 11:00:13,650 <4>Jan 29 06:37:49 BZ2,002722b6662b,v4.3.28.11361: kernel: [  529.727626] HSM: scan: transition BSS_CHANNEL => FOREIGN_CHANNEL
2026-03-05 11:00:13,767 {d879 e502} [  529.857637] HSM: scan: transition FOREIGN_CHANNEL => BSS_CHANNEL
2026-03-05 11:00:13,778 <4>Jan 29 06:37:49 BZ2,002722b6662b,v4.3.28.11361: kernel: [  529.857637] HSM: scan: transition FOREIGN_CHANNEL => BSS_CHANNEL
2026-03-05 11:00:15,387 {d879 e502} [  531.477628] HSM: scan: transition BSS_CHANNEL => FOREIGN_CHANNEL
2026-03-05 11:00:15,400 <4>Jan 29 06:37:51 BZ2,002722b6662b,v4.3.28.11361: kernel: [  531.477628] HSM: scan: transition BSS_CHANNEL => FOREIGN_CHANNEL
2026-03-05 11:00:15,517 {d879 e502} [  531.607637] HSM: scan: transition FOREIGN_CHANNEL => BSS_CHANNEL
2026-03-05 11:00:15,528 <4>Jan 29 06:37:51 BZ2,002722b6662b,v4.3.28.11361: kernel: [  531.607637] HSM: scan: transition FOREIGN_CHANNEL => BSS_CHANNEL
2026-03-05 11:00:17,137 {d879 e502} [  533.227617] HSM: scan: transition BSS_CHANNEL => FOREIGN_CHANNEL
2026-03-05 11:00:17,150 <4>Jan 29 06:37:52 BZ2,002722b6662b,v4.3.28.11361: kernel: [  533.227617] HSM: scan: transition BSS_CHANNEL => FOREIGN_CHANNEL
2026-03-05 11:00:17,267 {d879 e502} [  533.357642] HSM: scan: transition FOREIGN_CHANNEL => BSS_CHANNEL
2026-03-05 11:00:17,278 <4>Jan 29 06:37:53 BZ2,002722b6662b,v4.3.28.11361: kernel: [  533.357642] HSM: scan: transition FOREIGN_CHANNEL => BSS_CHANNEL
2026-03-05 11:00:18,887 {d879 e502} [  534.977615] HSM: scan: transition BSS_CHANNEL => FOREIGN_CHANNEL
2026-03-05 11:00:18,906 <4>Jan 29 06:37:54 BZ2,002722b6662b,v4.3.28.11361: kernel: [  534.977615] HSM: scan: transition BSS_CHANNEL => FOREIGN_CHANNEL
2026-03-05 11:00:19,017 {d879 e502} [  535.107638] HSM: scan: transition FOREIGN_CHANNEL => BSS_CHANNEL
2026-03-05 11:00:19,027 <4>Jan 29 06:37:54 BZ2,002722b6662b,v4.3.28.11361: kernel: [  535.107638] HSM: scan: transition FOREIGN_CHANNEL => BSS_CHANNEL
2026-03-05 11:00:19,523 <11>Jan 29 06:37:55 BZ2,002722b6662b,v4.3.28.11361: : uplink-monitor[1148]: uplink-monitor.get_link_info(): uplink addr is null
2026-03-05 11:00:20,637 {d879 e502} [  536.727621] HSM: scan: transition BSS_CHANNEL => FOREIGN_CHANNEL
2026-03-05 11:00:20,650 <4>Jan 29 06:37:56 BZ2,002722b6662b,v4.3.28.11361: kernel: [  536.727621] HSM: scan: transition BSS_CHANNEL => FOREIGN_CHANNEL
2026-03-05 11:00:20,773 {d879 e502} [  536.863642] HSM: scan: transition FOREIGN_CHANNEL => BSS_CHANNEL
2026-03-05 11:00:20,779 <4>Jan 29 06:37:56 BZ2,002722b6662b,v4.3.28.11361: kernel: [  536.863642] HSM: scan: transition FOREIGN_CHANNEL => BSS_CHANNEL
2026-03-05 11:00:22,397 {d879 e502} [  538.487626] HSM: scan: transition BSS_CHANNEL => FOREIGN_CHANNEL
2026-03-05 11:00:22,410 <4>Jan 29 06:37:58 BZ2,002722b6662b,v4.3.28.11361: kernel: [  538.487626] HSM: scan: transition BSS_CHANNEL => FOREIGN_CHANNEL
2026-03-05 11:00:22,527 {d879 e502} [  538.617726] HSM: scan: transition FOREIGN_CHANNEL => BSS_CHANNEL
2026-03-05 11:00:22,537 <4>Jan 29 06:37:58 BZ2,002722b6662b,v4.3.28.11361: kernel: [  538.617726] HSM: scan: transition FOREIGN_CHANNEL => BSS_CHANNEL
2026-03-05 11:00:24,147 {d879 e502} [  540.237616] HSM: scan: transition BSS_CHANNEL => FOREIGN_CHANNEL
2026-03-05 11:00:24,160 <4>Jan 29 06:37:59 BZ2,002722b6662b,v4.3.28.11361: kernel: [  540.237616] HSM: scan: transition BSS_CHANNEL => FOREIGN_CHANNEL
2026-03-05 11:00:24,282 {d879 e502} [  540.372487] HSM: scan: transition FOREIGN_CHANNEL => IDLE
2026-03-05 11:00:24,288 <27>Jan 29 06:38:00 BZ2,002722b6662b,v4.3.28.11361: wpa_supplicant[1919]: driver_atheros_event_wireless: scan result event - SIOCGIWSCAN
2026-03-05 11:00:24,289 <4>Jan 29 06:38:00 BZ2,002722b6662b,v4.3.28.11361: kernel: [  540.372487] HSM: scan: transition FOREIGN_CHANNEL => IDLE
2026-03-05 11:00:25,311 {d879 e502} [  541.401532] HSM: scan: transition IDLE => BSS_CHANNEL
2026-03-05 11:00:25,318 <4>Jan 29 06:38:01 BZ2,002722b6662b,v4.3.28.11361: kernel: [  541.401532] HSM: scan: transition IDLE => BSS_CHANNEL
2026-03-05 11:00:25,787 {d879 e502} [  541.877624] HSM: scan: transition BSS_CHANNEL => FOREIGN_CHANNEL
2026-03-05 11:00:25,801 <4>Jan 29 06:38:01 BZ2,002722b6662b,v4.3.28.11361: kernel: [  541.877624] HSM: scan: transition BSS_CHANNEL => FOREIGN_CHANNEL
2026-03-05 11:00:25,917 {d879 e502} [  542.007632] HSM: scan: transition FOREIGN_CHANNEL => BSS_CHANNEL
2026-03-05 11:00:25,931 <4>Jan 29 06:38:01 BZ2,002722b6662b,v4.3.28.11361: kernel: [  542.007632] HSM: scan: transition FOREIGN_CHANNEL => BSS_CHANNEL
2026-03-05 11:00:27,547 {d879 e502} [  543.637624] HSM: scan: transition BSS_CHANNEL => FOREIGN_CHANNEL
2026-03-05 11:00:27,560 <4>Jan 29 06:38:03 BZ2,002722b6662b,v4.3.28.11361: kernel: [  543.637624] HSM: scan: transition BSS_CHANNEL => FOREIGN_CHANNEL
2026-03-05 11:00:27,677 {d879 e502} [  543.767656] HSM: scan: transition FOREIGN_CHANNEL => BSS_CHANNEL
2026-03-05 11:00:27,688 <4>Jan 29 06:38:03 BZ2,002722b6662b,v4.3.28.11361: kernel: [  543.767656] HSM: scan: transition FOREIGN_CHANNEL => BSS_CHANNEL
2026-03-05 11:00:29,297 {d879 e502} [  545.387624] HSM: scan: transition BSS_CHANNEL => FOREIGN_CHANNEL
2026-03-05 11:00:29,312 <4>Jan 29 06:38:05 BZ2,002722b6662b,v4.3.28.11361: kernel: [  545.387624] HSM: scan: transition BSS_CHANNEL => FOREIGN_CHANNEL
2026-03-05 11:00:29,427 {d879 e502} [  545.517938] HSM: scan: transition FOREIGN_CHANNEL => BSS_CHANNEL
2026-03-05 11:00:29,437 <4>Jan 29 06:38:05 BZ2,002722b6662b,v4.3.28.11361: kernel: [  545.517938] HSM: scan: transition FOREIGN_CHANNEL => BSS_CHANNEL
2026-03-05 11:00:31,047 {d879 e502} [  547.137616] HSM: scan: transition BSS_CHANNEL => FOREIGN_CHANNEL
2026-03-05 11:00:31,060 <4>Jan 29 06:38:06 BZ2,002722b6662b,v4.3.28.11361: kernel: [  547.137616] HSM: scan: transition BSS_CHANNEL => FOREIGN_CHANNEL
2026-03-05 11:00:31,177 {d879 e502} [  547.267661] HSM: scan: transition FOREIGN_CHANNEL => BSS_CHANNEL
2026-03-05 11:00:31,187 <4>Jan 29 06:38:06 BZ2,002722b6662b,v4.3.28.11361: kernel: [  547.267661] HSM: scan: transition FOREIGN_CHANNEL => BSS_CHANNEL
2026-03-05 11:00:32,797 {d879 e502} [  548.887622] HSM: scan: transition BSS_CHANNEL => FOREIGN_CHANNEL
2026-03-05 11:00:32,810 <4>Jan 29 06:38:08 BZ2,002722b6662b,v4.3.28.11361: kernel: [  548.887622] HSM: scan: transition BSS_CHANNEL => FOREIGN_CHANNEL
2026-03-05 11:00:32,927 {d879 e502} [  549.017634] HSM: scan: transition FOREIGN_CHANNEL => BSS_CHANNEL
2026-03-05 11:00:32,938 <4>Jan 29 06:38:08 BZ2,002722b6662b,v4.3.28.11361: kernel: [  549.017634] HSM: scan: transition FOREIGN_CHANNEL => BSS_CHANNEL
2026-03-05 11:00:34,547 {d879 e502} [  550.637620] HSM: scan: transition BSS_CHANNEL => FOREIGN_CHANNEL
2026-03-05 11:00:34,561 <4>Jan 29 06:38:10 BZ2,002722b6662b,v4.3.28.11361: kernel: [  550.637620] HSM: scan: transition BSS_CHANNEL => FOREIGN_CHANNEL
2026-03-05 11:00:34,677 {d879 e502} [  550.767634] HSM: scan: transition FOREIGN_CHANNEL => BSS_CHANNEL
2026-03-05 11:00:34,688 <4>Jan 29 06:38:10 BZ2,002722b6662b,v4.3.28.11361: kernel: [  550.767634] HSM: scan: transition FOREIGN_CHANNEL => BSS_CHANNEL
2026-03-05 11:00:34,923 <11>Jan 29 06:38:10 BZ2,002722b6662b,v4.3.28.11361: : uplink-monitor[1148]: uplink-monitor.get_link_info(): uplink addr is null
2026-03-05 11:00:36,299 {d879 e502} [  552.387624] HSM: scan: transition BSS_CHANNEL => FOREIGN_CHANNEL
2026-03-05 11:00:36,310 <4>Jan 29 06:38:12 BZ2,002722b6662b,v4.3.28.11361: kernel: [  552.387624] HSM: scan: transition BSS_CHANNEL => FOREIGN_CHANNEL
2026-03-05 11:00:36,427 {d879 e502} [  552.517629] HSM: scan: transition FOREIGN_CHANNEL => BSS_CHANNEL
2026-03-05 11:00:36,438 <4>Jan 29 06:38:12 BZ2,002722b6662b,v4.3.28.11361: kernel: [  552.517629] HSM: scan: transition FOREIGN_CHANNEL => BSS_CHANNEL
2026-03-05 11:00:38,047 {d879 e502} [  554.137625] HSM: scan: transition BSS_CHANNEL => FOREIGN_CHANNEL
2026-03-05 11:00:38,061 <4>Jan 29 06:38:13 BZ2,002722b6662b,v4.3.28.11361: kernel: [  554.137625] HSM: scan: transition BSS_CHANNEL => FOREIGN_CHANNEL
2026-03-05 11:00:38,177 {d879 e502} [  554.267850] HSM: scan: transition FOREIGN_CHANNEL => BSS_CHANNEL
2026-03-05 11:00:38,189 <4>Jan 29 06:38:13 BZ2,002722b6662b,v4.3.28.11361: kernel: [  554.267850] HSM: scan: transition FOREIGN_CHANNEL => BSS_CHANNEL
2026-03-05 11:00:39,797 {d879 e502} [  555.887622] HSM: scan: transition BSS_CHANNEL => FOREIGN_CHANNEL
2026-03-05 11:00:39,811 <4>Jan 29 06:38:15 BZ2,002722b6662b,v4.3.28.11361: kernel: [  555.887622] HSM: scan: transition BSS_CHANNEL => FOREIGN_CHANNEL
2026-03-05 11:00:39,927 {d879 e502} [  556.017649] HSM: scan: transition FOREIGN_CHANNEL => BSS_CHANNEL
2026-03-05 11:00:39,938 <4>Jan 29 06:38:15 BZ2,002722b6662b,v4.3.28.11361: kernel: [  556.017649] HSM: scan: transition FOREIGN_CHANNEL => BSS_CHANNEL
2026-03-05 11:00:41,547 {d879 e502} [  557.637648] HSM: scan: transition BSS_CHANNEL => FOREIGN_CHANNEL
2026-03-05 11:00:41,561 <4>Jan 29 06:38:17 BZ2,002722b6662b,v4.3.28.11361: kernel: [  557.637648] HSM: scan: transition BSS_CHANNEL => FOREIGN_CHANNEL
2026-03-05 11:00:41,681 {d879 e502} [  557.771874] HSM: scan: transition FOREIGN_CHANNEL => BSS_CHANNEL
2026-03-05 11:00:41,687 <4>Jan 29 06:38:17 BZ2,002722b6662b,v4.3.28.11361: kernel: [  557.771874] HSM: scan: transition FOREIGN_CHANNEL => BSS_CHANNEL
2026-03-05 11:00:43,297 {d879 e502} [  559.387628] HSM: scan: transition BSS_CHANNEL => FOREIGN_CHANNEL
2026-03-05 11:00:43,311 <4>Jan 29 06:38:19 BZ2,002722b6662b,v4.3.28.11361: kernel: [  559.387628] HSM: scan: transition BSS_CHANNEL => FOREIGN_CHANNEL
2026-03-05 11:00:43,427 {d879 e502} [  559.517644] HSM: scan: transition FOREIGN_CHANNEL => BSS_CHANNEL
2026-03-05 11:00:43,438 <4>Jan 29 06:38:19 BZ2,002722b6662b,v4.3.28.11361: kernel: [  559.517644] HSM: scan: transition FOREIGN_CHANNEL => BSS_CHANNEL
2026-03-05 11:00:45,047 {d879 e502} [  561.137630] HSM: scan: transition BSS_CHANNEL => FOREIGN_CHANNEL
2026-03-05 11:00:45,062 <4>Jan 29 06:38:20 BZ2,002722b6662b,v4.3.28.11361: kernel: [  561.137630] HSM: scan: transition BSS_CHANNEL => FOREIGN_CHANNEL
2026-03-05 11:00:45,177 {d879 e502} [  561.267670] HSM: scan: transition FOREIGN_CHANNEL => BSS_CHANNEL
2026-03-05 11:00:45,188 <4>Jan 29 06:38:20 BZ2,002722b6662b,v4.3.28.11361: kernel: [  561.267670] HSM: scan: transition FOREIGN_CHANNEL => BSS_CHANNEL
2026-03-05 11:00:46,797 {d879 e502} [  562.887617] HSM: scan: transition BSS_CHANNEL => FOREIGN_CHANNEL
2026-03-05 11:00:46,811 <4>Jan 29 06:38:22 BZ2,002722b6662b,v4.3.28.11361: kernel: [  562.887617] HSM: scan: transition BSS_CHANNEL => FOREIGN_CHANNEL
2026-03-05 11:00:46,932 {d879 e502} [  563.022494] HSM: scan: transition FOREIGN_CHANNEL => IDLE
2026-03-05 11:00:46,939 <27>Jan 29 06:38:22 BZ2,002722b6662b,v4.3.28.11361: wpa_supplicant[1919]: driver_atheros_event_wireless: scan result event - SIOCGIWSCAN
2026-03-05 11:00:46,940 <4>Jan 29 06:38:22 BZ2,002722b6662b,v4.3.28.11361: kernel: [  563.022494] HSM: scan: transition FOREIGN_CHANNEL => IDLE
2026-03-05 11:00:47,961 {d879 e502} [  564.051538] HSM: scan: transition IDLE => BSS_CHANNEL
2026-03-05 11:00:47,969 <4>Jan 29 06:38:23 BZ2,002722b6662b,v4.3.28.11361: kernel: [  564.051538] HSM: scan: transition IDLE => BSS_CHANNEL
2026-03-05 11:00:48,437 {d879 e502} [  564.527618] HSM: scan: transition BSS_CHANNEL => FOREIGN_CHANNEL
2026-03-05 11:00:48,451 <4>Jan 29 06:38:24 BZ2,002722b6662b,v4.3.28.11361: kernel: [  564.527618] HSM: scan: transition BSS_CHANNEL => FOREIGN_CHANNEL
2026-03-05 11:00:48,567 {d879 e502} [  564.657628] HSM: scan: transition FOREIGN_CHANNEL => BSS_CHANNEL
2026-03-05 11:00:48,581 <4>Jan 29 06:38:24 BZ2,002722b6662b,v4.3.28.11361: kernel: [  564.657628] HSM: scan: transition FOREIGN_CHANNEL => BSS_CHANNEL
2026-03-05 11:00:50,197 {d879 e502} [  566.287610] HSM: scan: transition BSS_CHANNEL => FOREIGN_CHANNEL
2026-03-05 11:00:50,211 <4>Jan 29 06:38:25 BZ2,002722b6662b,v4.3.28.11361: kernel: [  566.287610] HSM: scan: transition BSS_CHANNEL => FOREIGN_CHANNEL
2026-03-05 11:00:50,327 {d879 e502} [  566.417684] HSM: scan: transition FOREIGN_CHANNEL => BSS_CHANNEL
2026-03-05 11:00:50,337 <11>Jan 29 06:38:26 BZ2,002722b6662b,v4.3.28.11361: : uplink-monitor[1148]: uplink-monitor.get_link_info(): uplink addr is null
2026-03-05 11:00:50,339 <4>Jan 29 06:38:26 BZ2,002722b6662b,v4.3.28.11361: kernel: [  566.417684] HSM: scan: transition FOREIGN_CHANNEL => BSS_CHANNEL
2026-03-05 11:00:51,948 {d879 e502} [  568.037648] HSM: scan: transition BSS_CHANNEL => FOREIGN_CHANNEL
2026-03-05 11:00:51,961 <4>Jan 29 06:38:27 BZ2,002722b6662b,v4.3.28.11361: kernel: [  568.037648] HSM: scan: transition BSS_CHANNEL => FOREIGN_CHANNEL
2026-03-05 11:00:52,077 {d879 e502} [  568.167647] HSM: scan: transition FOREIGN_CHANNEL => BSS_CHANNEL
2026-03-05 11:00:52,088 <4>Jan 29 06:38:27 BZ2,002722b6662b,v4.3.28.11361: kernel: [  568.167647] HSM: scan: transition FOREIGN_CHANNEL => BSS_CHANNEL
2026-03-05 11:00:52,995 <14>Jan 29 06:38:28 BZ2,002722b6662b,v4.3.28.11361: : mcad[1141]: ace_reporter.reporter_handle_response(): cfgversion: dc03cb7bbd2ba4b2 -> 7254300982a98ba8
2026-03-05 11:00:53,164 <14>Jan 29 06:38:28 BZ2,002722b6662b,v4.3.28.11361: : mcad[1141]: ace_reporter.reporter_save_config(): Saving stun_url as stun://192.168.1.133/
2026-03-05 11:00:53,165 <14>Jan 29 06:38:28 BZ2,002722b6662b,v4.3.28.11361: : mcad[1141]: ace_reporter.reporter_save_config(): Saving mgmt_url as https://192.168.1.133:8443/manage/site/default
2026-03-05 11:00:53,697 {d879 e502} [  569.787690] HSM: scan: transition BSS_CHANNEL => FOREIGN_CHANNEL
2026-03-05 11:00:53,731 <4>Jan 29 06:38:29 BZ2,002722b6662b,v4.3.28.11361: kernel: [  569.787690] HSM: scan: transition BSS_CHANNEL => FOREIGN_CHANNEL
2026-03-05 11:00:53,829 {d879 e502} [  569.917677] HSM: scan: transition FOREIGN_CHANNEL => BSS_CHANNEL
2026-03-05 11:00:53,858 <4>Jan 29 06:38:29 BZ2,002722b6662b,v4.3.28.11361: kernel: [  569.917677] HSM: scan: transition FOREIGN_CHANNEL => BSS_CHANNEL
2026-03-05 11:00:55,447 {d879 e502} [  571.537630] HSM: scan: transition BSS_CHANNEL => FOREIGN_CHANNEL
2026-03-05 11:00:55,475 <4>Jan 29 06:38:31 BZ2,002722b6662b,v4.3.28.11361: kernel: [  571.537630] HSM: scan: transition BSS_CHANNEL => FOREIGN_CHANNEL
2026-03-05 11:00:55,592 {d879 e502} [  571.682347] HSM: scan: transition FOREIGN_CHANNEL => BSS_CHANNEL
2026-03-05 11:00:55,602 <4>Jan 29 06:38:31 BZ2,002722b6662b,v4.3.28.11361: kernel: [  571.682347] HSM: scan: transition FOREIGN_CHANNEL => BSS_CHANNEL
2026-03-05 11:00:57,237 {d879 e502} [  573.327684] HSM: scan: transition BSS_CHANNEL => FOREIGN_CHANNEL
2026-03-05 11:00:57,251 <4>Jan 29 06:38:33 BZ2,002722b6662b,v4.3.28.11361: kernel: [  573.327684] HSM: scan: transition BSS_CHANNEL => FOREIGN_CHANNEL
2026-03-05 11:00:57,367 {d879 e502} [  573.457691] HSM: scan: transition FOREIGN_CHANNEL => BSS_CHANNEL
2026-03-05 11:00:57,378 <4>Jan 29 06:38:33 BZ2,002722b6662b,v4.3.28.11361: kernel: [  573.457691] HSM: scan: transition FOREIGN_CHANNEL => BSS_CHANNEL
2026-03-05 11:00:57,465 <14>Jan 29 06:38:33 BZ2,002722b6662b,v4.3.28.11361: : mcad[1141]: ace_reporter.reporter_handle_response(): [setparam] applying new system.cfg
2026-03-05 11:00:59,007 {d879 e502} [  575.097682] HSM: scan: transition BSS_CHANNEL => FOREIGN_CHANNEL
2026-03-05 11:00:59,021 <4>Jan 29 06:38:34 BZ2,002722b6662b,v4.3.28.11361: kernel: [  575.097682] HSM: scan: transition BSS_CHANNEL => FOREIGN_CHANNEL
2026-03-05 11:00:59,139 {d879 e502} [  575.229862] HSM: scan: transition FOREIGN_CHANNEL => BSS_CHANNEL
2026-03-05 11:00:59,175 <4>Jan 29 06:38:34 BZ2,002722b6662b,v4.3.28.11361: kernel: [  575.229862] HSM: scan: transition FOREIGN_CHANNEL => BSS_CHANNEL
2026-03-05 11:01:00,768 {d879 e502} [  576.857642] HSM: scan: transition BSS_CHANNEL => FOREIGN_CHANNEL
2026-03-05 11:01:00,782 <4>Jan 29 06:38:36 BZ2,002722b6662b,v4.3.28.11361: kernel: [  576.857642] HSM: scan: transition BSS_CHANNEL => FOREIGN_CHANNEL
2026-03-05 11:01:00,897 {d879 e502} [  576.987648] HSM: scan: transition FOREIGN_CHANNEL => BSS_CHANNEL
2026-03-05 11:01:00,908 <4>Jan 29 06:38:36 BZ2,002722b6662b,v4.3.28.11361: kernel: [  576.987648] HSM: scan: transition FOREIGN_CHANNEL => BSS_CHANNEL
2026-03-05 11:01:02,527 {d879 e502} [  578.617634] HSM: scan: transition BSS_CHANNEL => FOREIGN_CHANNEL
2026-03-05 11:01:02,559 <4>Jan 29 06:38:38 BZ2,002722b6662b,v4.3.28.11361: kernel: [  578.617634] HSM: scan: transition BSS_CHANNEL => FOREIGN_CHANNEL
2026-03-05 11:01:02,657 {d879 e502} [  578.747666] HSM: scan: transition FOREIGN_CHANNEL => BSS_CHANNEL
2026-03-05 11:01:02,683 <4>Jan 29 06:38:38 BZ2,002722b6662b,v4.3.28.11361: kernel: [  578.747666] HSM: scan: transition FOREIGN_CHANNEL => BSS_CHANNEL
2026-03-05 11:01:04,307 {d879 e502} [  580.397631] HSM: scan: transition BSS_CHANNEL => FOREIGN_CHANNEL
2026-03-05 11:01:04,336 <4>Jan 29 06:38:40 BZ2,002722b6662b,v4.3.28.11361: kernel: [  580.397631] HSM: scan: transition BSS_CHANNEL => FOREIGN_CHANNEL
2026-03-05 11:01:04,458 {d879 e502} [  580.547953] HSM: scan: transition FOREIGN_CHANNEL => BSS_CHANNEL
2026-03-05 11:01:04,493 <4>Jan 29 06:38:40 BZ2,002722b6662b,v4.3.28.11361: kernel: [  580.547953] HSM: scan: transition FOREIGN_CHANNEL => BSS_CHANNEL
2026-03-05 11:01:05,440 <14>Jan 29 06:38:41 BZ2,002722b6662b,v4.3.28.11361: : mca-monitor[1142]: mca-monitor.do_monitor(): mcad.setparam in progress, elapsed=8 (max=300)
2026-03-05 11:01:05,472 <27>Jan 29 06:38:41 BZ2,002722b6662b,v4.3.28.11361: ubntconf: #ubntconf_err: radio unhandled property \"virtual.3.devname\"
2026-03-05 11:01:05,474 <27>Jan 29 06:38:41 BZ2,002722b6662b,v4.3.28.11361: ubntconf: #ubntconf_err: radio Fast apply failed.
2026-03-05 11:01:05,479 <27>Jan 29 06:38:41 BZ2,002722b6662b,v4.3.28.11361: ubntconf: failed provision (-4)
2026-03-05 11:01:05,566 <86>Jan 29 06:38:41 BZ2,002722b6662b,v4.3.28.11361: dropbear[1319]: Early exit: Terminated by signal
2026-03-05 11:01:05,585 {d879 e502} [  581.675745]  DEVICE IS DOWN ifname=ath1
2026-03-05 11:01:05,586 {d879 e502} [  581.676134]  DEVICE IS DOWN ifname=ath1
2026-03-05 11:01:05,591 {d879 e502} [  581.681056]  DEVICE IS DOWN ifname=vwire2
2026-03-05 11:01:05,591 {d879 e502} [  581.681446]  DEVICE IS DOWN ifname=vwire2
2026-03-05 11:01:05,883 {d879 e502} [  581.973531] br0: port 2(ath0) entered blocking state
2026-03-05 11:01:05,884 {d879 e502} [  581.973816] br0: port 2(ath0) entered forwarding state
2026-03-05 11:01:05,885 {d879 e502} [  581.974716]  Scan in progress.. Cancelling it
2026-03-05 11:01:05,887 {d879 e502} [  581.977677] HSM: scan: transition BSS_CHANNEL => IDLE
2026-03-05 11:01:05,903 {d879 e502} [  581.993299] br0: port 2(ath0) entered disabled state
2026-03-05 11:01:05,904 {d879 e502} [  581.994153] br0: port 1(eth0) entered disabled state
2026-03-05 11:01:31,869 <30>Jan 29 06:39:07 BZ2,002722b6662b,v4.3.28.11361: logread[4687]: Logread connected to 192.168.1.133:5514
2026-03-05 11:01:31,950 <13>Jan 29 06:39:07 BZ2,002722b6662b,v4.3.28.11361: syswrapper: current time is not set yet
2026-03-05 11:01:31,983 <13>Jan 29 06:39:07 BZ2,002722b6662b,v4.3.28.11361: syswrapper: current time is not set yet
2026-03-05 11:01:32,011 <86>Jan 29 06:39:07 BZ2,002722b6662b,v4.3.28.11361: dropbear[4853]: Not backgrounding
2026-03-05 11:01:33,041 <14>Jan 29 06:39:08 BZ2,002722b6662b,v4.3.28.11361: : mca-monitor[4691]: mca-monitor.do_monitor(): mcad.setparam in progress, elapsed=36 (max=300)
2026-03-05 11:01:36,895 <13>Jan 29 06:39:12 BZ2,002722b6662b,v4.3.28.11361: syswrapper: hostapd update: conf=/etc/aaa4.cfg iterface=ath3 nas_ip=192.168.1.20 res=OK
2026-03-05 11:01:36,944 <13>Jan 29 06:39:12 BZ2,002722b6662b,v4.3.28.11361: syswrapper: hostapd update: conf=/etc/aaa3.cfg iterface=vwire2 nas_ip=192.168.1.20 res=OK
2026-03-05 11:01:36,982 <13>Jan 29 06:39:12 BZ2,002722b6662b,v4.3.28.11361: syswrapper: hostapd update: conf=/etc/aaa2.cfg iterface=ath1 nas_ip=192.168.1.20 res=OK
2026-03-05 11:01:37,677 <13>Jan 29 06:39:13 BZ2,002722b6662b,v4.3.28.11361: syswrapper: current time is not set yet
2026-03-05 11:01:37,762 <13>Jan 29 06:39:13 BZ2,002722b6662b,v4.3.28.11361: syswrapper: current time is not set yet
2026-03-05 11:01:37,792 <13>Jan 29 06:39:13 BZ2,002722b6662b,v4.3.28.11361: syswrapper: [state is locked] skipping reload
2026-03-05 11:01:37,801 <14>Jan 29 06:39:13 BZ2,002722b6662b,v4.3.28.11361: : mcad[4690]: ace_reporter.reporter_set_managed(): [STATE] enter MANAGED
2026-03-05 11:01:37,802 <14>Jan 29 06:39:13 BZ2,002722b6662b,v4.3.28.11361: : mcad[4690]: ace_reporter.reporter_save_config(): Saving stun_url as stun://192.168.1.133/
2026-03-05 11:01:37,803 <14>Jan 29 06:39:13 BZ2,002722b6662b,v4.3.28.11361: : mcad[4690]: ace_reporter.reporter_save_config(): Saving mgmt_url as https://192.168.1.133:8443/manage/site/default
2026-03-05 11:01:38,082 <13>Jan 29 06:39:13 BZ2,002722b6662b,v4.3.28.11361: syswrapper: [state is locked] waiting for lock
2026-03-05 11:01:40,421 <30>Jan 29 06:39:16 BZ2,002722b6662b,v4.3.28.11361: hostapd: ath3: STA 22:27:22:b7:66:2b DRIVER: Sead AUTH addr=26:f0:83:ba:14:ea status_code=0
2026-03-05 11:01:40,461 <30>Jan 29 06:39:16 BZ2,002722b6662b,v4.3.28.11361: hostapd: ath3: STA 26:f0:83:ba:14:ea IEEE 802.11: associated
2026-03-05 11:01:40,463 <14>Jan 29 06:39:16 BZ2,002722b6662b,v4.3.28.11361: : wevent[4695]: wevent.ubnt_custom_event(): EVENT_STA_JOIN ath3: 26:f0:83:ba:14:ea / 1
2026-03-05 11:01:40,588 <30>Jan 29 06:39:16 BZ2,002722b6662b,v4.3.28.11361: hostapd: ath3: STA 26:f0:83:ba:14:ea WPA: pairwise key handshake completed (RSN)
2026-03-05 11:01:43,170 <13>Jan 29 06:39:18 BZ2,002722b6662b,v4.3.28.11361: syswrapper: current time is not set yet
2026-03-05 11:01:43,202 <13>Jan 29 06:39:18 BZ2,002722b6662b,v4.3.28.11361: syswrapper: current time is not set yet
2026-03-05 11:01:43,869 <14>Jan 29 06:39:19 BZ2,002722b6662b,v4.3.28.11361: : mca-ctrl[4721]: mca-proto.service_json(): failed to contact mcad
2026-03-05 11:01:50,526 <14>Jan 29 06:39:26 BZ2,002722b6662b,v4.3.28.11361: : stahtd[4696]: [STA-TRACKER].stahtd_dump_event(): {\"vap\":\"ath3\",\"assoc_status\":\"0\",\"message_type\":\"STA_ASSOC_TRACKER\",\"mac\":\"26:f0:83:ba:14:ea\",\"wpa_auth_delta\":\"170000\",\"event_type\":\"failure\",\"ip_failures\":\"1\",\"assoc_delta\":\"20000\",\"auth_delta\":\"0\",\"event_id\":\"1\",\"auth_ts\":\"616.467156\"}
2026-03-05 11:01:50,589 <30>Jan 29 06:39:26 BZ2,002722b6662b,v4.3.28.11361: hostapd: ath3: STA 26:f0:83:ba:14:ea RADIUS: starting accounting session E82A7852502AF3F6
2026-03-05 11:01:54,023 <14>Jan 29 06:39:29 BZ2,002722b6662b,v4.3.28.11361: : mcad[4690]: wireless_agg_stats.log_sta_anomalies(): bssid=22:27:22:b7:66:2b radio=wifi0 vap=ath3 sta=26:f0:83:ba:14:ea satisfaction_now=0 anomalies=ip_timeout dhcp=d
2026-03-05 11:01:58,666 <30>Jan 29 06:39:34 BZ2,002722b6662b,v4.3.28.11361: hostapd: ath3: STA 26:f0:83:ba:14:ea IEEE 802.11: sta_stats
2026-03-05 11:01:58,667 <30>Jan 29 06:39:34 BZ2,002722b6662b,v4.3.28.11361: hostapd: ath3: STA 26:f0:83:ba:14:ea IEEE 802.11: disassociated
2026-03-05 11:01:58,667 <14>Jan 29 06:39:34 BZ2,002722b6662b,v4.3.28.11361: : wevent[4695]: wevent.ubnt_custom_event(): EVENT_STA_LEAVE ath3: 26:f0:83:ba:14:ea / 1
2026-03-05 11:01:58,670 <6>Jan 29 06:39:34 BZ2,002722b6662b,v4.3.28.11361: kernel: [  634.748552] ieee80211_sta_leave: 26:f0:83:ba:14:ea
2026-03-05 11:02:01,140 <30>Jan 29 06:39:36 BZ2,002722b6662b,v4.3.28.11361: hostapd: ath3: STA 22:27:22:b7:66:2b DRIVER: Sead AUTH addr=26:f0:83:ba:14:ea status_code=0
2026-03-05 11:02:01,153 <14>Jan 29 06:39:36 BZ2,002722b6662b,v4.3.28.11361: : wevent[4695]: wevent.ubnt_custom_event(): EVENT_STA_JOIN ath3: 26:f0:83:ba:14:ea / 1
2026-03-05 11:02:01,154 <30>Jan 29 06:39:36 BZ2,002722b6662b,v4.3.28.11361: hostapd: ath3: STA 26:f0:83:ba:14:ea IEEE 802.11: associated
2026-03-05 11:02:01,220 <30>Jan 29 06:39:36 BZ2,002722b6662b,v4.3.28.11361: hostapd: ath3: STA 26:f0:83:ba:14:ea WPA: pairwise key handshake completed (RSN)
2026-03-05 11:02:11,228 <30>Jan 29 06:39:46 BZ2,002722b6662b,v4.3.28.11361: hostapd: ath3: STA 26:f0:83:ba:14:ea RADIUS: starting accounting session CF8187E4D55C668A
2026-03-05 11:02:11,249 <14>Jan 29 06:39:47 BZ2,002722b6662b,v4.3.28.11361: : stahtd[4696]: [STA-TRACKER].stahtd_dump_event(): {\"vap\":\"ath3\",\"assoc_status\":\"0\",\"message_type\":\"STA_ASSOC_TRACKER\",\"mac\":\"26:f0:83:ba:14:ea\",\"wpa_auth_delta\":\"90000\",\"event_type\":\"failure\",\"ip_failures\":\"1\",\"assoc_delta\":\"20000\",\"auth_delta\":\"0\",\"event_id\":\"2\",\"auth_ts\":\"637.187044\"}
2026-03-05 11:02:14,713 <14>Jan 29 06:39:50 BZ2,002722b6662b,v4.3.28.11361: : mcad[4690]: wireless_agg_stats.log_sta_anomalies(): bssid=22:27:22:b7:66:2b radio=wifi0 vap=ath3 sta=26:f0:83:ba:14:ea satisfaction_now=0 anomalies=ip_timeout dhcp=d
2026-03-05 11:02:19,330 <30>Jan 29 06:39:55 BZ2,002722b6662b,v4.3.28.11361: hostapd: ath3: STA 26:f0:83:ba:14:ea IEEE 802.11: sta_stats
2026-03-05 11:02:19,330 <30>Jan 29 06:39:55 BZ2,002722b6662b,v4.3.28.11361: hostapd: ath3: STA 26:f0:83:ba:14:ea IEEE 802.11: disassociated
2026-03-05 11:02:19,331 <14>Jan 29 06:39:55 BZ2,002722b6662b,v4.3.28.11361: : wevent[4695]: wevent.ubnt_custom_event(): EVENT_STA_LEAVE ath3: 26:f0:83:ba:14:ea / 1
2026-03-05 11:02:19,331 <6>Jan 29 06:39:55 BZ2,002722b6662b,v4.3.28.11361: kernel: [  655.411938] ieee80211_sta_leave: 26:f0:83:ba:14:ea
2026-03-05 11:02:23,225 <11>Jan 29 06:39:58 BZ2,002722b6662b,v4.3.28.11361: : uplink-monitor[4697]: uplink-monitor.get_link_info(): uplink addr is null
2026-03-05 11:02:23,439 <13>Jan 29 06:39:59 BZ2,002722b6662b,v4.3.28.11361: syswrapper: current time is not set yet
2026-03-05 11:02:23,471 <13>Jan 29 06:39:59 BZ2,002722b6662b,v4.3.28.11361: syswrapper: current time is not set yet
2026-03-05 11:02:32,430 <6>Jan 29 06:40:08 BZ2,002722b6662b,v4.3.28.11361: kernel: [  668.514158] console [netcon_ext0] disabled
2026-03-05 11:02:32,430 <6>Jan 29 06:40:08 BZ2,002722b6662b,v4.3.28.11361: kernel: [  668.514223] console [netcon0] disabled
2026-03-05 11:02:32,474 {2ab0 e502} [  668.562225] netpoll: netconsole: local port 514
2026-03-05 11:02:32,475 {2ab0 e502} [  668.562261] netpoll: netconsole: local IPv4 address 192.168.1.20
2026-03-05 11:02:32,475 {2ab0 e502} [  668.562277] netpoll: netconsole: interface 'eth0'
2026-03-05 11:02:32,476 {2ab0 e502} [  668.562294] netpoll: netconsole: remote port 5514
2026-03-05 11:02:32,476 {2ab0 e502} [  668.562312] netpoll: netconsole: remote IPv4 address 192.168.1.133
2026-03-05 11:02:32,477 {2ab0 e502} [  668.562332] netpoll: netconsole: remote ethernet address 00:16:d3:ce:53:94
2026-03-05 11:02:32,477 {2ab0 e502} [  668.562348] netpoll: netconsole: encrypted: 1
2026-03-05 11:02:32,477 {2ab0 e502} [  668.564659] console [netcon0] enabled
2026-03-05 11:02:32,478 {2ab0 e502} [  668.564802] netconsole: network logging started
2026-03-05 11:02:32,480 <6>Jan 29 06:40:08 BZ2,002722b6662b,v4.3.28.11361: kernel: [  668.562225] netpoll: netconsole: local port 514
2026-03-05 11:02:32,481 <6>Jan 29 06:40:08 BZ2,002722b6662b,v4.3.28.11361: kernel: [  668.562261] netpoll: netconsole: local IPv4 address 192.168.1.20
2026-03-05 11:02:32,481 <6>Jan 29 06:40:08 BZ2,002722b6662b,v4.3.28.11361: kernel: [  668.562277] netpoll: netconsole: interface 'eth0'
2026-03-05 11:02:32,482 <6>Jan 29 06:40:08 BZ2,002722b6662b,v4.3.28.11361: kernel: [  668.562294] netpoll: netconsole: remote port 5514
2026-03-05 11:02:32,483 <6>Jan 29 06:40:08 BZ2,002722b6662b,v4.3.28.11361: kernel: [  668.562312] netpoll: netconsole: remote IPv4 address 192.168.1.133
2026-03-05 11:02:32,483 <6>Jan 29 06:40:08 BZ2,002722b6662b,v4.3.28.11361: kernel: [  668.562332] netpoll: netconsole: remote ethernet address 00:16:d3:ce:53:94
2026-03-05 11:02:32,484 <6>Jan 29 06:40:08 BZ2,002722b6662b,v4.3.28.11361: kernel: [  668.562348] netpoll: netconsole: encrypted: 1
2026-03-05 11:02:32,493 <6>Jan 29 06:40:08 BZ2,002722b6662b,v4.3.28.11361: kernel: [  668.564659] console [netcon0] enabled
2026-03-05 11:02:32,493 <6>Jan 29 06:40:08 BZ2,002722b6662b,v4.3.28.11361: kernel: [  668.564802] netconsole: network logging started
2026-03-05 11:02:38,654 <11>Jan 29 06:40:14 BZ2,002722b6662b,v4.3.28.11361: : uplink-monitor[4697]: uplink-monitor.get_link_info(): uplink addr is null
2026-03-05 11:02:38,876 <13>Jan 29 06:40:14 BZ2,002722b6662b,v4.3.28.11361: syswrapper: current time is not set yet
2026-03-05 11:02:38,910 <13>Jan 29 06:40:14 BZ2,002722b6662b,v4.3.28.11361: syswrapper: current time is not set yet
2026-03-05 11:02:54,095 <11>Jan 29 06:40:29 BZ2,002722b6662b,v4.3.28.11361: : uplink-monitor[4697]: uplink-monitor.get_link_info(): uplink addr is null
2026-03-05 11:02:54,098 <14>Jan 29 06:40:29 BZ2,002722b6662b,v4.3.28.11361: : uplink-monitor[4697]: uplink-monitor.update(): entering isolated state
2026-03-05 11:02:54,316 {2ab0 e502} [  690.404697] br0: port 3(ath1) entered disabled state
2026-03-05 11:02:54,320 <6>Jan 29 06:40:30 BZ2,002722b6662b,v4.3.28.11361: kernel: [  690.404697] br0: port 3(ath1) entered disabled state
2026-03-05 11:02:54,329 {2ab0 e502} [  690.417865] br0: port 4(vwire2) entered disabled state
2026-03-05 11:02:54,344 {2ab0 e502} [  690.432702] br0: port 5(ath3) entered disabled state
2026-03-05 11:02:54,348 <6>Jan 29 06:40:30 BZ2,002722b6662b,v4.3.28.11361: kernel: [  690.417865] br0: port 4(vwire2) entered disabled state
2026-03-05 11:02:54,348 <6>Jan 29 06:40:30 BZ2,002722b6662b,v4.3.28.11361: kernel: [  690.432702] br0: port 5(ath3) entered disabled state
2026-03-05 11:02:54,469 <29>Jan 29 06:40:30 BZ2,002722b6662b,v4.3.28.11361: wpa_supplicant[5320]: Successfully initialized wpa_supplicant
2026-03-05 11:02:54,771 {2ab0 e502} [  690.860025] ieee80211_ioctl_getparam : parameter 0x284 not supported
2026-03-05 11:02:54,778 {2ab0 e502} [  690.866636] br0: port 2(ath0) entered blocking state
2026-03-05 11:02:54,778 {2ab0 e502} [  690.866890] br0: port 2(ath0) entered forwarding state
2026-03-05 11:02:54,785 <4>Jan 29 06:40:30 BZ2,002722b6662b,v4.3.28.11361: kernel: [  690.860025] ieee80211_ioctl_getparam : parameter 0x284 not supported
2026-03-05 11:02:54,785 <6>Jan 29 06:40:30 BZ2,002722b6662b,v4.3.28.11361: kernel: [  690.866636] br0: port 2(ath0) entered blocking state
2026-03-05 11:02:54,786 <6>Jan 29 06:40:30 BZ2,002722b6662b,v4.3.28.11361: kernel: [  690.866890] br0: port 2(ath0) entered forwarding state
2026-03-05 11:02:54,800 <29>Jan 29 06:40:30 BZ2,002722b6662b,v4.3.28.11361: wpa_supplicant[5320]: ath0: CTRL-EVENT-REGDOM-CHANGE init=CORE type=UNKNOWN
2026-03-05 11:02:54,810 <29>Jan 29 06:40:30 BZ2,002722b6662b,v4.3.28.11361: wpa_supplicant[5320]: ath0: State: DISCONNECTED -> DISCONNECTED
2026-03-05 11:02:54,811 {2ab0 e502} [  690.898537] br0: port 2(ath0) entered disabled state
2026-03-05 11:02:54,820 <6>Jan 29 06:40:30 BZ2,002722b6662b,v4.3.28.11361: kernel: [  690.898537] br0: port 2(ath0) entered disabled state
2026-03-05 11:02:54,904 <29>Jan 29 06:40:30 BZ2,002722b6662b,v4.3.28.11361: wpa_supplicant[5322]: ath0: State: DISCONNECTED -> SCANNING
2026-03-05 11:02:54,923 {2ab0 e502} [  691.011685] HSM: scan: transition IDLE => FOREIGN_CHANNEL
2026-03-05 11:02:54,938 <4>Jan 29 06:40:30 BZ2,002722b6662b,v4.3.28.11361: kernel: [  691.011685] HSM: scan: transition IDLE => FOREIGN_CHANNEL
2026-03-05 11:02:55,049 {2ab0 e502} [  691.137684] HSM: scan: transition FOREIGN_CHANNEL => BSS_CHANNEL
2026-03-05 11:02:55,063 <4>Jan 29 06:40:30 BZ2,002722b6662b,v4.3.28.11361: kernel: [  691.137684] HSM: scan: transition FOREIGN_CHANNEL => BSS_CHANNEL
2026-03-05 11:02:56,679 {2ab0 e502} [  692.767627] HSM: scan: transition BSS_CHANNEL => FOREIGN_CHANNEL
2026-03-05 11:02:56,692 <4>Jan 29 06:40:32 BZ2,002722b6662b,v4.3.28.11361: kernel: [  692.767627] HSM: scan: transition BSS_CHANNEL => FOREIGN_CHANNEL
2026-03-05 11:02:56,809 {2ab0 e502} [  692.897638] HSM: scan: transition FOREIGN_CHANNEL => BSS_CHANNEL
2026-03-05 11:02:56,820 <4>Jan 29 06:40:32 BZ2,002722b6662b,v4.3.28.11361: kernel: [  692.897638] HSM: scan: transition FOREIGN_CHANNEL => BSS_CHANNEL
2026-03-05 11:02:58,429 {2ab0 e502} [  694.517618] HSM: scan: transition BSS_CHANNEL => FOREIGN_CHANNEL
2026-03-05 11:02:58,443 <4>Jan 29 06:40:34 BZ2,002722b6662b,v4.3.28.11361: kernel: [  694.517618] HSM: scan: transition BSS_CHANNEL => FOREIGN_CHANNEL
2026-03-05 11:02:58,559 {2ab0 e502} [  694.647638] HSM: scan: transition FOREIGN_CHANNEL => BSS_CHANNEL
2026-03-05 11:02:58,570 <4>Jan 29 06:40:34 BZ2,002722b6662b,v4.3.28.11361: kernel: [  694.647638] HSM: scan: transition FOREIGN_CHANNEL => BSS_CHANNEL
2026-03-05 11:03:00,179 {2ab0 e502} [  696.267626] HSM: scan: transition BSS_CHANNEL => FOREIGN_CHANNEL
2026-03-05 11:03:00,193 <4>Jan 29 06:40:35 BZ2,002722b6662b,v4.3.28.11361: kernel: [  696.267626] HSM: scan: transition BSS_CHANNEL => FOREIGN_CHANNEL
2026-03-05 11:03:00,309 {2ab0 e502} [  696.397635] HSM: scan: transition FOREIGN_CHANNEL => BSS_CHANNEL
2026-03-05 11:03:00,320 <4>Jan 29 06:40:36 BZ2,002722b6662b,v4.3.28.11361: kernel: [  696.397635] HSM: scan: transition FOREIGN_CHANNEL => BSS_CHANNEL
2026-03-05 11:03:01,929 {2ab0 e502} [  698.017627] HSM: scan: transition BSS_CHANNEL => FOREIGN_CHANNEL
2026-03-05 11:03:01,943 <4>Jan 29 06:40:37 BZ2,002722b6662b,v4.3.28.11361: kernel: [  698.017627] HSM: scan: transition BSS_CHANNEL => FOREIGN_CHANNEL
2026-03-05 11:03:02,059 {2ab0 e502} [  698.147638] HSM: scan: transition FOREIGN_CHANNEL => BSS_CHANNEL
2026-03-05 11:03:02,070 <4>Jan 29 06:40:37 BZ2,002722b6662b,v4.3.28.11361: kernel: [  698.147638] HSM: scan: transition FOREIGN_CHANNEL => BSS_CHANNEL
2026-03-05 11:03:03,679 {2ab0 e502} [  699.767627] HSM: scan: transition BSS_CHANNEL => FOREIGN_CHANNEL
2026-03-05 11:03:03,693 <4>Jan 29 06:40:39 BZ2,002722b6662b,v4.3.28.11361: kernel: [  699.767627] HSM: scan: transition BSS_CHANNEL => FOREIGN_CHANNEL
2026-03-05 11:03:03,809 {2ab0 e502} [  699.897635] HSM: scan: transition FOREIGN_CHANNEL => BSS_CHANNEL
2026-03-05 11:03:03,820 <4>Jan 29 06:40:39 BZ2,002722b6662b,v4.3.28.11361: kernel: [  699.897635] HSM: scan: transition FOREIGN_CHANNEL => BSS_CHANNEL
2026-03-05 11:03:05,429 {2ab0 e502} [  701.517627] HSM: scan: transition BSS_CHANNEL => FOREIGN_CHANNEL
2026-03-05 11:03:05,443 <4>Jan 29 06:40:41 BZ2,002722b6662b,v4.3.28.11361: kernel: [  701.517627] HSM: scan: transition BSS_CHANNEL => FOREIGN_CHANNEL
2026-03-05 11:03:05,559 {2ab0 e502} [  701.647668] HSM: scan: transition FOREIGN_CHANNEL => BSS_CHANNEL
2026-03-05 11:03:05,570 <4>Jan 29 06:40:41 BZ2,002722b6662b,v4.3.28.11361: kernel: [  701.647668] HSM: scan: transition FOREIGN_CHANNEL => BSS_CHANNEL
2026-03-05 11:03:07,179 {2ab0 e502} [  703.267621] HSM: scan: transition BSS_CHANNEL => FOREIGN_CHANNEL
2026-03-05 11:03:07,192 <4>Jan 29 06:40:42 BZ2,002722b6662b,v4.3.28.11361: kernel: [  703.267621] HSM: scan: transition BSS_CHANNEL => FOREIGN_CHANNEL
2026-03-05 11:03:07,309 {2ab0 e502} [  703.397628] HSM: scan: transition FOREIGN_CHANNEL => BSS_CHANNEL
2026-03-05 11:03:07,320 <4>Jan 29 06:40:43 BZ2,002722b6662b,v4.3.28.11361: kernel: [  703.397628] HSM: scan: transition FOREIGN_CHANNEL => BSS_CHANNEL
2026-03-05 11:03:08,929 {2ab0 e502} [  705.017620] HSM: scan: transition BSS_CHANNEL => FOREIGN_CHANNEL
2026-03-05 11:03:08,943 <4>Jan 29 06:40:44 BZ2,002722b6662b,v4.3.28.11361: kernel: [  705.017620] HSM: scan: transition BSS_CHANNEL => FOREIGN_CHANNEL
2026-03-05 11:03:09,059 {2ab0 e502} [  705.147633] HSM: scan: transition FOREIGN_CHANNEL => BSS_CHANNEL
2026-03-05 11:03:09,070 <4>Jan 29 06:40:44 BZ2,002722b6662b,v4.3.28.11361: kernel: [  705.147633] HSM: scan: transition FOREIGN_CHANNEL => BSS_CHANNEL
2026-03-05 11:03:10,235 <11>Jan 29 06:40:45 BZ2,002722b6662b,v4.3.28.11361: : uplink-monitor[4697]: uplink-monitor.get_link_info(): uplink addr is null
2026-03-05 11:03:10,679 {2ab0 e502} [  706.767626] HSM: scan: transition BSS_CHANNEL => FOREIGN_CHANNEL
2026-03-05 11:03:10,694 <4>Jan 29 06:40:46 BZ2,002722b6662b,v4.3.28.11361: kernel: [  706.767626] HSM: scan: transition BSS_CHANNEL => FOREIGN_CHANNEL
2026-03-05 11:03:10,809 {2ab0 e502} [  706.897633] HSM: scan: transition FOREIGN_CHANNEL => BSS_CHANNEL
2026-03-05 11:03:10,820 <4>Jan 29 06:40:46 BZ2,002722b6662b,v4.3.28.11361: kernel: [  706.897633] HSM: scan: transition FOREIGN_CHANNEL => BSS_CHANNEL
2026-03-05 11:03:12,429 {2ab0 e502} [  708.517627] HSM: scan: transition BSS_CHANNEL => FOREIGN_CHANNEL
2026-03-05 11:03:12,442 <4>Jan 29 06:40:48 BZ2,002722b6662b,v4.3.28.11361: kernel: [  708.517627] HSM: scan: transition BSS_CHANNEL => FOREIGN_CHANNEL
2026-03-05 11:03:12,560 {2ab0 e502} [  708.647732] HSM: scan: transition FOREIGN_CHANNEL => BSS_CHANNEL
2026-03-05 11:03:12,570 <4>Jan 29 06:40:48 BZ2,002722b6662b,v4.3.28.11361: kernel: [  708.647732] HSM: scan: transition FOREIGN_CHANNEL => BSS_CHANNEL
2026-03-05 11:03:14,179 {2ab0 e502} [  710.267634] HSM: scan: transition BSS_CHANNEL => FOREIGN_CHANNEL
2026-03-05 11:03:14,193 <4>Jan 29 06:40:49 BZ2,002722b6662b,v4.3.28.11361: kernel: [  710.267634] HSM: scan: transition BSS_CHANNEL => FOREIGN_CHANNEL
2026-03-05 11:03:14,309 {2ab0 e502} [  710.397667] HSM: scan: transition FOREIGN_CHANNEL => BSS_CHANNEL
2026-03-05 11:03:14,320 <4>Jan 29 06:40:50 BZ2,002722b6662b,v4.3.28.11361: kernel: [  710.397667] HSM: scan: transition FOREIGN_CHANNEL => BSS_CHANNEL
2026-03-05 11:03:15,929 {2ab0 e502} [  712.017629] HSM: scan: transition BSS_CHANNEL => FOREIGN_CHANNEL
2026-03-05 11:03:15,943 <4>Jan 29 06:40:51 BZ2,002722b6662b,v4.3.28.11361: kernel: [  712.017629] HSM: scan: transition BSS_CHANNEL => FOREIGN_CHANNEL
2026-03-05 11:03:16,064 {2ab0 e502} [  712.152509] HSM: scan: transition FOREIGN_CHANNEL => IDLE
2026-03-05 11:03:16,075 <4>Jan 29 06:40:51 BZ2,002722b6662b,v4.3.28.11361: kernel: [  712.152509] HSM: scan: transition FOREIGN_CHANNEL => IDLE
2026-03-05 11:03:16,075 <27>Jan 29 06:40:51 BZ2,002722b6662b,v4.3.28.11361: wpa_supplicant[5322]: driver_atheros_event_wireless: scan result event - SIOCGIWSCAN
2026-03-05 11:03:17,093 {2ab0 e502} [  713.181619] HSM: scan: transition IDLE => BSS_CHANNEL
2026-03-05 11:03:17,100 <4>Jan 29 06:40:52 BZ2,002722b6662b,v4.3.28.11361: kernel: [  713.181619] HSM: scan: transition IDLE => BSS_CHANNEL
2026-03-05 11:03:17,569 {2ab0 e502} [  713.657619] HSM: scan: transition BSS_CHANNEL => FOREIGN_CHANNEL
2026-03-05 11:03:17,583 <4>Jan 29 06:40:53 BZ2,002722b6662b,v4.3.28.11361: kernel: [  713.657619] HSM: scan: transition BSS_CHANNEL => FOREIGN_CHANNEL
2026-03-05 11:03:17,699 {2ab0 e502} [  713.787636] HSM: scan: transition FOREIGN_CHANNEL => BSS_CHANNEL
2026-03-05 11:03:17,713 <4>Jan 29 06:40:53 BZ2,002722b6662b,v4.3.28.11361: kernel: [  713.787636] HSM: scan: transition FOREIGN_CHANNEL => BSS_CHANNEL
2026-03-05 11:03:19,329 {2ab0 e502} [  715.417626] HSM: scan: transition BSS_CHANNEL => FOREIGN_CHANNEL
2026-03-05 11:03:19,343 <4>Jan 29 06:40:55 BZ2,002722b6662b,v4.3.28.11361: kernel: [  715.417626] HSM: scan: transition BSS_CHANNEL => FOREIGN_CHANNEL
2026-03-05 11:03:19,459 {2ab0 e502} [  715.547648] HSM: scan: transition FOREIGN_CHANNEL => BSS_CHANNEL
2026-03-05 11:03:19,471 <4>Jan 29 06:40:55 BZ2,002722b6662b,v4.3.28.11361: kernel: [  715.547648] HSM: scan: transition FOREIGN_CHANNEL => BSS_CHANNEL
2026-03-05 11:03:21,079 {2ab0 e502} [  717.167625] HSM: scan: transition BSS_CHANNEL => FOREIGN_CHANNEL
2026-03-05 11:03:21,093 <4>Jan 29 06:40:56 BZ2,002722b6662b,v4.3.28.11361: kernel: [  717.167625] HSM: scan: transition BSS_CHANNEL => FOREIGN_CHANNEL
2026-03-05 11:03:21,209 {2ab0 e502} [  717.297638] HSM: scan: transition FOREIGN_CHANNEL => BSS_CHANNEL
2026-03-05 11:03:21,220 <4>Jan 29 06:40:56 BZ2,002722b6662b,v4.3.28.11361: kernel: [  717.297638] HSM: scan: transition FOREIGN_CHANNEL => BSS_CHANNEL
2026-03-05 11:03:22,830 {2ab0 e502} [  718.917626] HSM: scan: transition BSS_CHANNEL => FOREIGN_CHANNEL
2026-03-05 11:03:22,843 <4>Jan 29 06:40:58 BZ2,002722b6662b,v4.3.28.11361: kernel: [  718.917626] HSM: scan: transition BSS_CHANNEL => FOREIGN_CHANNEL
2026-03-05 11:03:22,960 {2ab0 e502} [  719.047654] HSM: scan: transition FOREIGN_CHANNEL => BSS_CHANNEL
2026-03-05 11:03:22,970 <4>Jan 29 06:40:58 BZ2,002722b6662b,v4.3.28.11361: kernel: [  719.047654] HSM: scan: transition FOREIGN_CHANNEL => BSS_CHANNEL
2026-03-05 11:03:24,579 {2ab0 e502} [  720.667626] HSM: scan: transition BSS_CHANNEL => FOREIGN_CHANNEL
2026-03-05 11:03:24,593 <4>Jan 29 06:41:00 BZ2,002722b6662b,v4.3.28.11361: kernel: [  720.667626] HSM: scan: transition BSS_CHANNEL => FOREIGN_CHANNEL
2026-03-05 11:03:24,709 {2ab0 e502} [  720.797637] HSM: scan: transition FOREIGN_CHANNEL => BSS_CHANNEL
2026-03-05 11:03:24,720 <4>Jan 29 06:41:00 BZ2,002722b6662b,v4.3.28.11361: kernel: [  720.797637] HSM: scan: transition FOREIGN_CHANNEL => BSS_CHANNEL
2026-03-05 11:03:25,659 <11>Jan 29 06:41:01 BZ2,002722b6662b,v4.3.28.11361: : uplink-monitor[4697]: uplink-monitor.get_link_info(): uplink addr is null
2026-03-05 11:03:26,329 {2ab0 e502} [  722.417623] HSM: scan: transition BSS_CHANNEL => FOREIGN_CHANNEL
2026-03-05 11:03:26,346 <4>Jan 29 06:41:02 BZ2,002722b6662b,v4.3.28.11361: kernel: [  722.417623] HSM: scan: transition BSS_CHANNEL => FOREIGN_CHANNEL
2026-03-05 11:03:26,459 {2ab0 e502} [  722.547638] HSM: scan: transition FOREIGN_CHANNEL => BSS_CHANNEL
2026-03-05 11:03:26,470 <4>Jan 29 06:41:02 BZ2,002722b6662b,v4.3.28.11361: kernel: [  722.547638] HSM: scan: transition FOREIGN_CHANNEL => BSS_CHANNEL
2026-03-05 11:03:28,079 {2ab0 e502} [  724.167620] HSM: scan: transition BSS_CHANNEL => FOREIGN_CHANNEL
2026-03-05 11:03:28,093 <4>Jan 29 06:41:03 BZ2,002722b6662b,v4.3.28.11361: kernel: [  724.167620] HSM: scan: transition BSS_CHANNEL => FOREIGN_CHANNEL
2026-03-05 11:03:28,209 {2ab0 e502} [  724.297670] HSM: scan: transition FOREIGN_CHANNEL => BSS_CHANNEL
2026-03-05 11:03:28,220 <4>Jan 29 06:41:03 BZ2,002722b6662b,v4.3.28.11361: kernel: [  724.297670] HSM: scan: transition FOREIGN_CHANNEL => BSS_CHANNEL
2026-03-05 11:03:29,829 {2ab0 e502} [  725.917625] HSM: scan: transition BSS_CHANNEL => FOREIGN_CHANNEL
2026-03-05 11:03:29,847 <4>Jan 29 06:41:05 BZ2,002722b6662b,v4.3.28.11361: kernel: [  725.917625] HSM: scan: transition BSS_CHANNEL => FOREIGN_CHANNEL
2026-03-05 11:03:29,959 {2ab0 e502} [  726.047636] HSM: scan: transition FOREIGN_CHANNEL => BSS_CHANNEL
2026-03-05 11:03:29,971 <4>Jan 29 06:41:05 BZ2,002722b6662b,v4.3.28.11361: kernel: [  726.047636] HSM: scan: transition FOREIGN_CHANNEL => BSS_CHANNEL
2026-03-05 11:03:31,579 {2ab0 e502} [  727.667628] HSM: scan: transition BSS_CHANNEL => FOREIGN_CHANNEL
2026-03-05 11:03:31,594 <4>Jan 29 06:41:07 BZ2,002722b6662b,v4.3.28.11361: kernel: [  727.667628] HSM: scan: transition BSS_CHANNEL => FOREIGN_CHANNEL
2026-03-05 11:03:31,709 {2ab0 e502} [  727.797642] HSM: scan: transition FOREIGN_CHANNEL => BSS_CHANNEL
2026-03-05 11:03:31,721 <4>Jan 29 06:41:07 BZ2,002722b6662b,v4.3.28.11361: kernel: [  727.797642] HSM: scan: transition FOREIGN_CHANNEL => BSS_CHANNEL
2026-03-05 11:03:33,329 {2ab0 e502} [  729.417625] HSM: scan: transition BSS_CHANNEL => FOREIGN_CHANNEL
2026-03-05 11:03:33,343 <4>Jan 29 06:41:09 BZ2,002722b6662b,v4.3.28.11361: kernel: [  729.417625] HSM: scan: transition BSS_CHANNEL => FOREIGN_CHANNEL
2026-03-05 11:03:33,461 {2ab0 e502} [  729.547970] HSM: scan: transition FOREIGN_CHANNEL => BSS_CHANNEL
2026-03-05 11:03:33,470 <4>Jan 29 06:41:09 BZ2,002722b6662b,v4.3.28.11361: kernel: [  729.547970] HSM: scan: transition FOREIGN_CHANNEL => BSS_CHANNEL
2026-03-05 11:03:35,079 {2ab0 e502} [  731.167618] HSM: scan: transition BSS_CHANNEL => FOREIGN_CHANNEL
2026-03-05 11:03:35,093 <4>Jan 29 06:41:10 BZ2,002722b6662b,v4.3.28.11361: kernel: [  731.167618] HSM: scan: transition BSS_CHANNEL => FOREIGN_CHANNEL
2026-03-05 11:03:35,209 {2ab0 e502} [  731.297645] HSM: scan: transition FOREIGN_CHANNEL => BSS_CHANNEL
2026-03-05 11:03:35,221 <4>Jan 29 06:41:10 BZ2,002722b6662b,v4.3.28.11361: kernel: [  731.297645] HSM: scan: transition FOREIGN_CHANNEL => BSS_CHANNEL
2026-03-05 11:03:36,829 {2ab0 e502} [  732.917627] HSM: scan: transition BSS_CHANNEL => FOREIGN_CHANNEL
2026-03-05 11:03:36,843 <4>Jan 29 06:41:12 BZ2,002722b6662b,v4.3.28.11361: kernel: [  732.917627] HSM: scan: transition BSS_CHANNEL => FOREIGN_CHANNEL
2026-03-05 11:03:36,959 {2ab0 e502} [  733.047682] HSM: scan: transition FOREIGN_CHANNEL => BSS_CHANNEL
2026-03-05 11:03:36,970 <4>Jan 29 06:41:12 BZ2,002722b6662b,v4.3.28.11361: kernel: [  733.047682] HSM: scan: transition FOREIGN_CHANNEL => BSS_CHANNEL
2026-03-05 11:03:38,580 {2ab0 e502} [  734.667652] HSM: scan: transition BSS_CHANNEL => FOREIGN_CHANNEL
2026-03-05 11:03:38,593 <4>Jan 29 06:41:14 BZ2,002722b6662b,v4.3.28.11361: kernel: [  734.667652] HSM: scan: transition BSS_CHANNEL => FOREIGN_CHANNEL
2026-03-05 11:03:38,714 {2ab0 e502} [  734.802498] HSM: scan: transition FOREIGN_CHANNEL => IDLE
2026-03-05 11:03:38,722 <27>Jan 29 06:41:14 BZ2,002722b6662b,v4.3.28.11361: wpa_supplicant[5322]: driver_atheros_event_wireless: scan result event - SIOCGIWSCAN
2026-03-05 11:03:38,722 <4>Jan 29 06:41:14 BZ2,002722b6662b,v4.3.28.11361: kernel: [  734.802498] HSM: scan: transition FOREIGN_CHANNEL => IDLE
2026-03-05 11:03:39,743 {2ab0 e502} [  735.831613] HSM: scan: transition IDLE => BSS_CHANNEL
2026-03-05 11:03:39,750 <4>Jan 29 06:41:15 BZ2,002722b6662b,v4.3.28.11361: kernel: [  735.831613] HSM: scan: transition IDLE => BSS_CHANNEL
2026-03-05 11:03:40,219 {2ab0 e502} [  736.307627] HSM: scan: transition BSS_CHANNEL => FOREIGN_CHANNEL
2026-03-05 11:03:40,233 <4>Jan 29 06:41:15 BZ2,002722b6662b,v4.3.28.11361: kernel: [  736.307627] HSM: scan: transition BSS_CHANNEL => FOREIGN_CHANNEL
2026-03-05 11:03:40,349 {2ab0 e502} [  736.437629] HSM: scan: transition FOREIGN_CHANNEL => BSS_CHANNEL
2026-03-05 11:03:40,363 <4>Jan 29 06:41:16 BZ2,002722b6662b,v4.3.28.11361: kernel: [  736.437629] HSM: scan: transition FOREIGN_CHANNEL => BSS_CHANNEL
2026-03-05 11:03:41,080 <11>Jan 29 06:41:16 BZ2,002722b6662b,v4.3.28.11361: : uplink-monitor[4697]: uplink-monitor.get_link_info(): uplink addr is null
2026-03-05 11:03:41,979 {2ab0 e502} [  738.067626] HSM: scan: transition BSS_CHANNEL => FOREIGN_CHANNEL
2026-03-05 11:03:41,993 <4>Jan 29 06:41:17 BZ2,002722b6662b,v4.3.28.11361: kernel: [  738.067626] HSM: scan: transition BSS_CHANNEL => FOREIGN_CHANNEL
2026-03-05 11:03:42,110 {2ab0 e502} [  738.197651] HSM: scan: transition FOREIGN_CHANNEL => BSS_CHANNEL
2026-03-05 11:03:42,121 <4>Jan 29 06:41:17 BZ2,002722b6662b,v4.3.28.11361: kernel: [  738.197651] HSM: scan: transition FOREIGN_CHANNEL => BSS_CHANNEL
2026-03-05 11:03:43,729 {2ab0 e502} [  739.817619] HSM: scan: transition BSS_CHANNEL => FOREIGN_CHANNEL
2026-03-05 11:03:43,743 <4>Jan 29 06:41:19 BZ2,002722b6662b,v4.3.28.11361: kernel: [  739.817619] HSM: scan: transition BSS_CHANNEL => FOREIGN_CHANNEL
2026-03-05 11:03:43,859 {2ab0 e502} [  739.947629] HSM: scan: transition FOREIGN_CHANNEL => BSS_CHANNEL
2026-03-05 11:03:43,871 <4>Jan 29 06:41:19 BZ2,002722b6662b,v4.3.28.11361: kernel: [  739.947629] HSM: scan: transition FOREIGN_CHANNEL => BSS_CHANNEL
2026-03-05 11:03:45,480 {2ab0 e502} [  741.567624] HSM: scan: transition BSS_CHANNEL => FOREIGN_CHANNEL
2026-03-05 11:03:45,493 <4>Jan 29 06:41:21 BZ2,002722b6662b,v4.3.28.11361: kernel: [  741.567624] HSM: scan: transition BSS_CHANNEL => FOREIGN_CHANNEL
2026-03-05 11:03:45,610 {2ab0 e502} [  741.697633] HSM: scan: transition FOREIGN_CHANNEL => BSS_CHANNEL
2026-03-05 11:03:45,621 <4>Jan 29 06:41:21 BZ2,002722b6662b,v4.3.28.11361: kernel: [  741.697633] HSM: scan: transition FOREIGN_CHANNEL => BSS_CHANNEL
2026-03-05 11:03:47,230 {2ab0 e502} [  743.317635] HSM: scan: transition BSS_CHANNEL => FOREIGN_CHANNEL
2026-03-05 11:03:47,243 <4>Jan 29 06:41:23 BZ2,002722b6662b,v4.3.28.11361: kernel: [  743.317635] HSM: scan: transition BSS_CHANNEL => FOREIGN_CHANNEL
2026-03-05 11:03:47,360 {2ab0 e502} [  743.447627] HSM: scan: transition FOREIGN_CHANNEL => BSS_CHANNEL
2026-03-05 11:03:47,371 <4>Jan 29 06:41:23 BZ2,002722b6662b,v4.3.28.11361: kernel: [  743.447627] HSM: scan: transition FOREIGN_CHANNEL => BSS_CHANNEL
2026-03-05 11:03:48,980 {2ab0 e502} [  745.067633] HSM: scan: transition BSS_CHANNEL => FOREIGN_CHANNEL
2026-03-05 11:03:48,993 <4>Jan 29 06:41:24 BZ2,002722b6662b,v4.3.28.11361: kernel: [  745.067633] HSM: scan: transition BSS_CHANNEL => FOREIGN_CHANNEL
2026-03-05 11:03:49,110 {2ab0 e502} [  745.197631] HSM: scan: transition FOREIGN_CHANNEL => BSS_CHANNEL
2026-03-05 11:03:49,121 <4>Jan 29 06:41:24 BZ2,002722b6662b,v4.3.28.11361: kernel: [  745.197631] HSM: scan: transition FOREIGN_CHANNEL => BSS_CHANNEL
2026-03-05 11:03:50,730 {2ab0 e502} [  746.817618] HSM: scan: transition BSS_CHANNEL => FOREIGN_CHANNEL
2026-03-05 11:03:50,743 <4>Jan 29 06:41:26 BZ2,002722b6662b,v4.3.28.11361: kernel: [  746.817618] HSM: scan: transition BSS_CHANNEL => FOREIGN_CHANNEL
2026-03-05 11:03:50,860 {2ab0 e502} [  746.947638] HSM: scan: transition FOREIGN_CHANNEL => BSS_CHANNEL
2026-03-05 11:03:50,871 <4>Jan 29 06:41:26 BZ2,002722b6662b,v4.3.28.11361: kernel: [  746.947638] HSM: scan: transition FOREIGN_CHANNEL => BSS_CHANNEL
2026-03-05 11:03:52,480 {2ab0 e502} [  748.567619] HSM: scan: transition BSS_CHANNEL => FOREIGN_CHANNEL
2026-03-05 11:03:52,493 <4>Jan 29 06:41:28 BZ2,002722b6662b,v4.3.28.11361: kernel: [  748.567619] HSM: scan: transition BSS_CHANNEL => FOREIGN_CHANNEL
2026-03-05 11:03:52,610 {2ab0 e502} [  748.697627] HSM: scan: transition FOREIGN_CHANNEL => BSS_CHANNEL
2026-03-05 11:03:52,621 <4>Jan 29 06:41:28 BZ2,002722b6662b,v4.3.28.11361: kernel: [  748.697627] HSM: scan: transition FOREIGN_CHANNEL => BSS_CHANNEL
2026-03-05 11:03:54,230 {2ab0 e502} [  750.317626] HSM: scan: transition BSS_CHANNEL => FOREIGN_CHANNEL
2026-03-05 11:03:54,243 <4>Jan 29 06:41:30 BZ2,002722b6662b,v4.3.28.11361: kernel: [  750.317626] HSM: scan: transition BSS_CHANNEL => FOREIGN_CHANNEL
2026-03-05 11:03:54,360 {2ab0 e502} [  750.447629] HSM: scan: transition FOREIGN_CHANNEL => BSS_CHANNEL
2026-03-05 11:03:54,371 <4>Jan 29 06:41:30 BZ2,002722b6662b,v4.3.28.11361: kernel: [  750.447629] HSM: scan: transition FOREIGN_CHANNEL => BSS_CHANNEL
2026-03-05 11:03:55,980 {2ab0 e502} [  752.067618] HSM: scan: transition BSS_CHANNEL => FOREIGN_CHANNEL
2026-03-05 11:03:55,993 <4>Jan 29 06:41:31 BZ2,002722b6662b,v4.3.28.11361: kernel: [  752.067618] HSM: scan: transition BSS_CHANNEL => FOREIGN_CHANNEL
2026-03-05 11:03:56,110 {2ab0 e502} [  752.197634] HSM: scan: transition FOREIGN_CHANNEL => BSS_CHANNEL
2026-03-05 11:03:56,121 <4>Jan 29 06:41:31 BZ2,002722b6662b,v4.3.28.11361: kernel: [  752.197634] HSM: scan: transition FOREIGN_CHANNEL => BSS_CHANNEL
2026-03-05 11:03:56,516 <11>Jan 29 06:41:32 BZ2,002722b6662b,v4.3.28.11361: : uplink-monitor[4697]: uplink-monitor.get_link_info(): uplink addr is null
2026-03-05 11:03:57,730 {2ab0 e502} [  753.817628] HSM: scan: transition BSS_CHANNEL => FOREIGN_CHANNEL
2026-03-05 11:03:57,743 <4>Jan 29 06:41:33 BZ2,002722b6662b,v4.3.28.11361: kernel: [  753.817628] HSM: scan: transition BSS_CHANNEL => FOREIGN_CHANNEL
2026-03-05 11:03:57,860 {2ab0 e502} [  753.947675] HSM: scan: transition FOREIGN_CHANNEL => BSS_CHANNEL
2026-03-05 11:03:57,871 <4>Jan 29 06:41:33 BZ2,002722b6662b,v4.3.28.11361: kernel: [  753.947675] HSM: scan: transition FOREIGN_CHANNEL => BSS_CHANNEL
2026-03-05 11:03:59,481 {2ab0 e502} [  755.567659] HSM: scan: transition BSS_CHANNEL => FOREIGN_CHANNEL
2026-03-05 11:03:59,493 <4>Jan 29 06:41:35 BZ2,002722b6662b,v4.3.28.11361: kernel: [  755.567659] HSM: scan: transition BSS_CHANNEL => FOREIGN_CHANNEL
2026-03-05 11:03:59,610 {2ab0 e502} [  755.697697] HSM: scan: transition FOREIGN_CHANNEL => BSS_CHANNEL
2026-03-05 11:03:59,620 <4>Jan 29 06:41:35 BZ2,002722b6662b,v4.3.28.11361: kernel: [  755.697697] HSM: scan: transition FOREIGN_CHANNEL => BSS_CHANNEL
2026-03-05 11:04:01,230 {2ab0 e502} [  757.317802] HSM: scan: transition BSS_CHANNEL => FOREIGN_CHANNEL
2026-03-05 11:04:01,243 <4>Jan 29 06:41:37 BZ2,002722b6662b,v4.3.28.11361: kernel: [  757.317802] HSM: scan: transition BSS_CHANNEL => FOREIGN_CHANNEL
2026-03-05 11:04:01,364 {2ab0 e502} [  757.452485] HSM: scan: transition FOREIGN_CHANNEL => IDLE
2026-03-05 11:04:01,371 <27>Jan 29 06:41:37 BZ2,002722b6662b,v4.3.28.11361: wpa_supplicant[5322]: driver_atheros_event_wireless: scan result event - SIOCGIWSCAN
2026-03-05 11:04:01,372 <4>Jan 29 06:41:37 BZ2,002722b6662b,v4.3.28.11361: kernel: [  757.452485] HSM: scan: transition FOREIGN_CHANNEL => IDLE
2026-03-05 11:04:02,394 {2ab0 e502} [  758.481622] HSM: scan: transition IDLE => BSS_CHANNEL
2026-03-05 11:04:02,401 <4>Jan 29 06:41:38 BZ2,002722b6662b,v4.3.28.11361: kernel: [  758.481622] HSM: scan: transition IDLE => BSS_CHANNEL
2026-03-05 11:04:02,870 {2ab0 e502} [  758.957624] HSM: scan: transition BSS_CHANNEL => FOREIGN_CHANNEL
2026-03-05 11:04:02,884 <4>Jan 29 06:41:38 BZ2,002722b6662b,v4.3.28.11361: kernel: [  758.957624] HSM: scan: transition BSS_CHANNEL => FOREIGN_CHANNEL
2026-03-05 11:04:03,000 {2ab0 e502} [  759.087630] HSM: scan: transition FOREIGN_CHANNEL => BSS_CHANNEL
2026-03-05 11:04:03,014 <4>Jan 29 06:41:38 BZ2,002722b6662b,v4.3.28.11361: kernel: [  759.087630] HSM: scan: transition FOREIGN_CHANNEL => BSS_CHANNEL
2026-03-05 11:04:04,630 {2ab0 e502} [  760.717624] HSM: scan: transition BSS_CHANNEL => FOREIGN_CHANNEL
2026-03-05 11:04:04,643 <4>Jan 29 06:41:40 BZ2,002722b6662b,v4.3.28.11361: kernel: [  760.717624] HSM: scan: transition BSS_CHANNEL => FOREIGN_CHANNEL
2026-03-05 11:04:04,760 {2ab0 e502} [  760.847645] HSM: scan: transition FOREIGN_CHANNEL => BSS_CHANNEL
2026-03-05 11:04:04,771 <4>Jan 29 06:41:40 BZ2,002722b6662b,v4.3.28.11361: kernel: [  760.847645] HSM: scan: transition FOREIGN_CHANNEL => BSS_CHANNEL
2026-03-05 11:04:06,380 {2ab0 e502} [  762.467624] HSM: scan: transition BSS_CHANNEL => FOREIGN_CHANNEL
2026-03-05 11:04:06,393 <4>Jan 29 06:41:42 BZ2,002722b6662b,v4.3.28.11361: kernel: [  762.467624] HSM: scan: transition BSS_CHANNEL => FOREIGN_CHANNEL
2026-03-05 11:04:06,510 {2ab0 e502} [  762.597635] HSM: scan: transition FOREIGN_CHANNEL => BSS_CHANNEL
2026-03-05 11:04:06,521 <4>Jan 29 06:41:42 BZ2,002722b6662b,v4.3.28.11361: kernel: [  762.597635] HSM: scan: transition FOREIGN_CHANNEL => BSS_CHANNEL
2026-03-05 11:04:08,130 {2ab0 e502} [  764.217624] HSM: scan: transition BSS_CHANNEL => FOREIGN_CHANNEL
2026-03-05 11:04:08,143 <4>Jan 29 06:41:43 BZ2,002722b6662b,v4.3.28.11361: kernel: [  764.217624] HSM: scan: transition BSS_CHANNEL => FOREIGN_CHANNEL
2026-03-05 11:04:08,260 {2ab0 e502} [  764.347690] HSM: scan: transition FOREIGN_CHANNEL => BSS_CHANNEL
2026-03-05 11:04:08,271 <4>Jan 29 06:41:44 BZ2,002722b6662b,v4.3.28.11361: kernel: [  764.347690] HSM: scan: transition FOREIGN_CHANNEL => BSS_CHANNEL
2026-03-05 11:04:09,880 {2ab0 e502} [  765.967624] HSM: scan: transition BSS_CHANNEL => FOREIGN_CHANNEL
2026-03-05 11:04:09,894 <4>Jan 29 06:41:45 BZ2,002722b6662b,v4.3.28.11361: kernel: [  765.967624] HSM: scan: transition BSS_CHANNEL => FOREIGN_CHANNEL
2026-03-05 11:04:10,010 {2ab0 e502} [  766.097633] HSM: scan: transition FOREIGN_CHANNEL => BSS_CHANNEL
2026-03-05 11:04:10,021 <4>Jan 29 06:41:45 BZ2,002722b6662b,v4.3.28.11361: kernel: [  766.097633] HSM: scan: transition FOREIGN_CHANNEL => BSS_CHANNEL
2026-03-05 11:04:11,630 {2ab0 e502} [  767.717631] HSM: scan: transition BSS_CHANNEL => FOREIGN_CHANNEL
2026-03-05 11:04:11,643 <4>Jan 29 06:41:47 BZ2,002722b6662b,v4.3.28.11361: kernel: [  767.717631] HSM: scan: transition BSS_CHANNEL => FOREIGN_CHANNEL
2026-03-05 11:04:11,760 {2ab0 e502} [  767.847633] HSM: scan: transition FOREIGN_CHANNEL => BSS_CHANNEL
2026-03-05 11:04:11,772 <4>Jan 29 06:41:47 BZ2,002722b6662b,v4.3.28.11361: kernel: [  767.847633] HSM: scan: transition FOREIGN_CHANNEL => BSS_CHANNEL
2026-03-05 11:04:11,935 <11>Jan 29 06:41:47 BZ2,002722b6662b,v4.3.28.11361: : uplink-monitor[4697]: uplink-monitor.get_link_info(): uplink addr is null
2026-03-05 11:04:13,380 {2ab0 e502} [  769.467627] HSM: scan: transition BSS_CHANNEL => FOREIGN_CHANNEL
2026-03-05 11:04:13,393 <4>Jan 29 06:41:49 BZ2,002722b6662b,v4.3.28.11361: kernel: [  769.467627] HSM: scan: transition BSS_CHANNEL => FOREIGN_CHANNEL
2026-03-05 11:04:13,510 {2ab0 e502} [  769.597637] HSM: scan: transition FOREIGN_CHANNEL => BSS_CHANNEL
2026-03-05 11:04:13,522 <4>Jan 29 06:41:49 BZ2,002722b6662b,v4.3.28.11361: kernel: [  769.597637] HSM: scan: transition FOREIGN_CHANNEL => BSS_CHANNEL
2026-03-05 11:04:15,130 {2ab0 e502} [  771.217625] HSM: scan: transition BSS_CHANNEL => FOREIGN_CHANNEL
2026-03-05 11:04:15,144 <4>Jan 29 06:41:50 BZ2,002722b6662b,v4.3.28.11361: kernel: [  771.217625] HSM: scan: transition BSS_CHANNEL => FOREIGN_CHANNEL
2026-03-05 11:04:15,260 {2ab0 e502} [  771.347646] HSM: scan: transition FOREIGN_CHANNEL => BSS_CHANNEL
2026-03-05 11:04:15,272 <4>Jan 29 06:41:51 BZ2,002722b6662b,v4.3.28.11361: kernel: [  771.347646] HSM: scan: transition FOREIGN_CHANNEL => BSS_CHANNEL
2026-03-05 11:04:16,880 {2ab0 e502} [  772.967625] HSM: scan: transition BSS_CHANNEL => FOREIGN_CHANNEL
2026-03-05 11:04:16,894 <4>Jan 29 06:41:52 BZ2,002722b6662b,v4.3.28.11361: kernel: [  772.967625] HSM: scan: transition BSS_CHANNEL => FOREIGN_CHANNEL
2026-03-05 11:04:17,010 {2ab0 e502} [  773.097637] HSM: scan: transition FOREIGN_CHANNEL => BSS_CHANNEL
2026-03-05 11:04:17,020 <4>Jan 29 06:41:52 BZ2,002722b6662b,v4.3.28.11361: kernel: [  773.097637] HSM: scan: transition FOREIGN_CHANNEL => BSS_CHANNEL
2026-03-05 11:04:18,630 {2ab0 e502} [  774.717646] HSM: scan: transition BSS_CHANNEL => FOREIGN_CHANNEL
2026-03-05 11:04:18,644 <4>Jan 29 06:41:54 BZ2,002722b6662b,v4.3.28.11361: kernel: [  774.717646] HSM: scan: transition BSS_CHANNEL => FOREIGN_CHANNEL
2026-03-05 11:04:18,760 {2ab0 e502} [  774.847705] HSM: scan: transition FOREIGN_CHANNEL => BSS_CHANNEL
2026-03-05 11:04:18,771 <4>Jan 29 06:41:54 BZ2,002722b6662b,v4.3.28.11361: kernel: [  774.847705] HSM: scan: transition FOREIGN_CHANNEL => BSS_CHANNEL
2026-03-05 11:04:20,380 {2ab0 e502} [  776.467619] HSM: scan: transition BSS_CHANNEL => FOREIGN_CHANNEL
2026-03-05 11:04:20,394 <4>Jan 29 06:41:56 BZ2,002722b6662b,v4.3.28.11361: kernel: [  776.467619] HSM: scan: transition BSS_CHANNEL => FOREIGN_CHANNEL
2026-03-05 11:04:20,510 {2ab0 e502} [  776.597648] HSM: scan: transition FOREIGN_CHANNEL => BSS_CHANNEL
2026-03-05 11:04:20,521 <4>Jan 29 06:41:56 BZ2,002722b6662b,v4.3.28.11361: kernel: [  776.597648] HSM: scan: transition FOREIGN_CHANNEL => BSS_CHANNEL
2026-03-05 11:04:22,130 {2ab0 e502} [  778.217620] HSM: scan: transition BSS_CHANNEL => FOREIGN_CHANNEL
2026-03-05 11:04:22,144 <4>Jan 29 06:41:57 BZ2,002722b6662b,v4.3.28.11361: kernel: [  778.217620] HSM: scan: transition BSS_CHANNEL => FOREIGN_CHANNEL
2026-03-05 11:04:22,260 {2ab0 e502} [  778.347685] HSM: scan: transition FOREIGN_CHANNEL => BSS_CHANNEL
2026-03-05 11:04:22,271 <4>Jan 29 06:41:58 BZ2,002722b6662b,v4.3.28.11361: kernel: [  778.347685] HSM: scan: transition FOREIGN_CHANNEL => BSS_CHANNEL
2026-03-05 11:04:23,880 {2ab0 e502} [  779.967628] HSM: scan: transition BSS_CHANNEL => FOREIGN_CHANNEL
2026-03-05 11:04:23,894 <4>Jan 29 06:41:59 BZ2,002722b6662b,v4.3.28.11361: kernel: [  779.967628] HSM: scan: transition BSS_CHANNEL => FOREIGN_CHANNEL
2026-03-05 11:04:24,015 {2ab0 e502} [  780.102543] HSM: scan: transition FOREIGN_CHANNEL => IDLE
2026-03-05 11:04:24,025 <4>Jan 29 06:41:59 BZ2,002722b6662b,v4.3.28.11361: kernel: [  780.102543] HSM: scan: transition FOREIGN_CHANNEL => IDLE
2026-03-05 11:04:24,026 <27>Jan 29 06:41:59 BZ2,002722b6662b,v4.3.28.11361: wpa_supplicant[5322]: driver_atheros_event_wireless: scan result event - SIOCGIWSCAN
2026-03-05 11:04:25,044 {2ab0 e502} [  781.131609] HSM: scan: transition IDLE => BSS_CHANNEL
2026-03-05 11:04:25,051 <4>Jan 29 06:42:00 BZ2,002722b6662b,v4.3.28.11361: kernel: [  781.131609] HSM: scan: transition IDLE => BSS_CHANNEL
2026-03-05 11:04:25,520 {2ab0 e502} [  781.607628] HSM: scan: transition BSS_CHANNEL => FOREIGN_CHANNEL
2026-03-05 11:04:25,534 <4>Jan 29 06:42:01 BZ2,002722b6662b,v4.3.28.11361: kernel: [  781.607628] HSM: scan: transition BSS_CHANNEL => FOREIGN_CHANNEL
2026-03-05 11:04:25,650 {2ab0 e502} [  781.737633] HSM: scan: transition FOREIGN_CHANNEL => BSS_CHANNEL
2026-03-05 11:04:25,664 <4>Jan 29 06:42:01 BZ2,002722b6662b,v4.3.28.11361: kernel: [  781.737633] HSM: scan: transition FOREIGN_CHANNEL => BSS_CHANNEL
2026-03-05 11:04:27,280 {2ab0 e502} [  783.367624] HSM: scan: transition BSS_CHANNEL => FOREIGN_CHANNEL
2026-03-05 11:04:27,294 <4>Jan 29 06:42:03 BZ2,002722b6662b,v4.3.28.11361: kernel: [  783.367624] HSM: scan: transition BSS_CHANNEL => FOREIGN_CHANNEL
2026-03-05 11:04:27,361 <11>Jan 29 06:42:03 BZ2,002722b6662b,v4.3.28.11361: : uplink-monitor[4697]: uplink-monitor.get_link_info(): uplink addr is null
2026-03-05 11:04:27,410 {2ab0 e502} [  783.497691] HSM: scan: transition FOREIGN_CHANNEL => BSS_CHANNEL
2026-03-05 11:04:27,421 <4>Jan 29 06:42:03 BZ2,002722b6662b,v4.3.28.11361: kernel: [  783.497691] HSM: scan: transition FOREIGN_CHANNEL => BSS_CHANNEL
2026-03-05 11:04:29,030 {2ab0 e502} [  785.117657] HSM: scan: transition BSS_CHANNEL => FOREIGN_CHANNEL
2026-03-05 11:04:29,044 <4>Jan 29 06:42:04 BZ2,002722b6662b,v4.3.28.11361: kernel: [  785.117657] HSM: scan: transition BSS_CHANNEL => FOREIGN_CHANNEL
2026-03-05 11:04:29,160 {2ab0 e502} [  785.247655] HSM: scan: transition FOREIGN_CHANNEL => BSS_CHANNEL
2026-03-05 11:04:29,171 <4>Jan 29 06:42:04 BZ2,002722b6662b,v4.3.28.11361: kernel: [  785.247655] HSM: scan: transition FOREIGN_CHANNEL => BSS_CHANNEL
2026-03-05 11:04:30,780 {2ab0 e502} [  786.867619] HSM: scan: transition BSS_CHANNEL => FOREIGN_CHANNEL
2026-03-05 11:04:30,794 <4>Jan 29 06:42:06 BZ2,002722b6662b,v4.3.28.11361: kernel: [  786.867619] HSM: scan: transition BSS_CHANNEL => FOREIGN_CHANNEL
2026-03-05 11:04:30,910 {2ab0 e502} [  786.997635] HSM: scan: transition FOREIGN_CHANNEL => BSS_CHANNEL
2026-03-05 11:04:30,921 <4>Jan 29 06:42:06 BZ2,002722b6662b,v4.3.28.11361: kernel: [  786.997635] HSM: scan: transition FOREIGN_CHANNEL => BSS_CHANNEL
2026-03-05 11:04:32,530 {2ab0 e502} [  788.617625] HSM: scan: transition BSS_CHANNEL => FOREIGN_CHANNEL
2026-03-05 11:04:32,544 <4>Jan 29 06:42:08 BZ2,002722b6662b,v4.3.28.11361: kernel: [  788.617625] HSM: scan: transition BSS_CHANNEL => FOREIGN_CHANNEL
2026-03-05 11:04:32,661 {2ab0 e502} [  788.747913] HSM: scan: transition FOREIGN_CHANNEL => BSS_CHANNEL
2026-03-05 11:04:32,671 <4>Jan 29 06:42:08 BZ2,002722b6662b,v4.3.28.11361: kernel: [  788.747913] HSM: scan: transition FOREIGN_CHANNEL => BSS_CHANNEL
2026-03-05 11:04:34,281 {2ab0 e502} [  790.367921] HSM: scan: transition BSS_CHANNEL => FOREIGN_CHANNEL
2026-03-05 11:04:34,294 <4>Jan 29 06:42:10 BZ2,002722b6662b,v4.3.28.11361: kernel: [  790.367921] HSM: scan: transition BSS_CHANNEL => FOREIGN_CHANNEL
2026-03-05 11:04:34,410 {2ab0 e502} [  790.497647] HSM: scan: transition FOREIGN_CHANNEL => BSS_CHANNEL
2026-03-05 11:04:34,421 <4>Jan 29 06:42:10 BZ2,002722b6662b,v4.3.28.11361: kernel: [  790.497647] HSM: scan: transition FOREIGN_CHANNEL => BSS_CHANNEL
2026-03-05 11:04:36,030 {2ab0 e502} [  792.117620] HSM: scan: transition BSS_CHANNEL => FOREIGN_CHANNEL
2026-03-05 11:04:36,044 <4>Jan 29 06:42:11 BZ2,002722b6662b,v4.3.28.11361: kernel: [  792.117620] HSM: scan: transition BSS_CHANNEL => FOREIGN_CHANNEL
2026-03-05 11:04:36,160 {2ab0 e502} [  792.247628] HSM: scan: transition FOREIGN_CHANNEL => BSS_CHANNEL
2026-03-05 11:04:36,171 <4>Jan 29 06:42:11 BZ2,002722b6662b,v4.3.28.11361: kernel: [  792.247628] HSM: scan: transition FOREIGN_CHANNEL => BSS_CHANNEL
2026-03-05 11:04:37,780 {2ab0 e502} [  793.867618] HSM: scan: transition BSS_CHANNEL => FOREIGN_CHANNEL
2026-03-05 11:04:37,794 <4>Jan 29 06:42:13 BZ2,002722b6662b,v4.3.28.11361: kernel: [  793.867618] HSM: scan: transition BSS_CHANNEL => FOREIGN_CHANNEL
2026-03-05 11:04:37,910 {2ab0 e502} [  793.997628] HSM: scan: transition FOREIGN_CHANNEL => BSS_CHANNEL
2026-03-05 11:04:37,922 <4>Jan 29 06:42:13 BZ2,002722b6662b,v4.3.28.11361: kernel: [  793.997628] HSM: scan: transition FOREIGN_CHANNEL => BSS_CHANNEL
2026-03-05 11:04:39,530 {2ab0 e502} [  795.617645] HSM: scan: transition BSS_CHANNEL => FOREIGN_CHANNEL
2026-03-05 11:04:39,544 <4>Jan 29 06:42:15 BZ2,002722b6662b,v4.3.28.11361: kernel: [  795.617645] HSM: scan: transition BSS_CHANNEL => FOREIGN_CHANNEL
2026-03-05 11:04:39,660 {2ab0 e502} [  795.747659] HSM: scan: transition FOREIGN_CHANNEL => BSS_CHANNEL
2026-03-05 11:04:39,671 <4>Jan 29 06:42:15 BZ2,002722b6662b,v4.3.28.11361: kernel: [  795.747659] HSM: scan: transition FOREIGN_CHANNEL => BSS_CHANNEL
2026-03-05 11:04:41,280 {2ab0 e502} [  797.367612] HSM: scan: transition BSS_CHANNEL => FOREIGN_CHANNEL
2026-03-05 11:04:41,296 <4>Jan 29 06:42:17 BZ2,002722b6662b,v4.3.28.11361: kernel: [  797.367612] HSM: scan: transition BSS_CHANNEL => FOREIGN_CHANNEL
2026-03-05 11:04:41,410 {2ab0 e502} [  797.497692] HSM: scan: transition FOREIGN_CHANNEL => BSS_CHANNEL
2026-03-05 11:04:41,421 <4>Jan 29 06:42:17 BZ2,002722b6662b,v4.3.28.11361: kernel: [  797.497692] HSM: scan: transition FOREIGN_CHANNEL => BSS_CHANNEL
2026-03-05 11:04:42,796 <11>Jan 29 06:42:18 BZ2,002722b6662b,v4.3.28.11361: : uplink-monitor[4697]: uplink-monitor.get_link_info(): uplink addr is null
2026-03-05 11:04:43,030 {2ab0 e502} [  799.117682] HSM: scan: transition BSS_CHANNEL => FOREIGN_CHANNEL
2026-03-05 11:04:43,044 <4>Jan 29 06:42:18 BZ2,002722b6662b,v4.3.28.11361: kernel: [  799.117682] HSM: scan: transition BSS_CHANNEL => FOREIGN_CHANNEL
2026-03-05 11:04:43,160 {2ab0 e502} [  799.247692] HSM: scan: transition FOREIGN_CHANNEL => BSS_CHANNEL
2026-03-05 11:04:43,171 <4>Jan 29 06:42:18 BZ2,002722b6662b,v4.3.28.11361: kernel: [  799.247692] HSM: scan: transition FOREIGN_CHANNEL => BSS_CHANNEL
2026-03-05 11:04:44,780 {2ab0 e502} [  800.867630] HSM: scan: transition BSS_CHANNEL => FOREIGN_CHANNEL
2026-03-05 11:04:44,794 <4>Jan 29 06:42:20 BZ2,002722b6662b,v4.3.28.11361: kernel: [  800.867630] HSM: scan: transition BSS_CHANNEL => FOREIGN_CHANNEL
2026-03-05 11:04:44,911 {2ab0 e502} [  800.997669] HSM: scan: transition FOREIGN_CHANNEL => BSS_CHANNEL
2026-03-05 11:04:44,921 <4>Jan 29 06:42:20 BZ2,002722b6662b,v4.3.28.11361: kernel: [  800.997669] HSM: scan: transition FOREIGN_CHANNEL => BSS_CHANNEL
2026-03-05 11:04:46,530 {2ab0 e502} [  802.617611] HSM: scan: transition BSS_CHANNEL => FOREIGN_CHANNEL
2026-03-05 11:04:46,544 <4>Jan 29 06:42:22 BZ2,002722b6662b,v4.3.28.11361: kernel: [  802.617611] HSM: scan: transition BSS_CHANNEL => FOREIGN_CHANNEL
2026-03-05 11:04:46,665 {2ab0 e502} [  802.752471] HSM: scan: transition FOREIGN_CHANNEL => IDLE
2026-03-05 11:04:46,673 <27>Jan 29 06:42:22 BZ2,002722b6662b,v4.3.28.11361: wpa_supplicant[5322]: driver_atheros_event_wireless: scan result event - SIOCGIWSCAN
2026-03-05 11:04:46,673 <4>Jan 29 06:42:22 BZ2,002722b6662b,v4.3.28.11361: kernel: [  802.752471] HSM: scan: transition FOREIGN_CHANNEL => IDLE
2026-03-05 11:04:47,694 {2ab0 e502} [  803.781612] HSM: scan: transition IDLE => BSS_CHANNEL
2026-03-05 11:04:47,701 <4>Jan 29 06:42:23 BZ2,002722b6662b,v4.3.28.11361: kernel: [  803.781612] HSM: scan: transition IDLE => BSS_CHANNEL
2026-03-05 11:04:48,170 {2ab0 e502} [  804.257625] HSM: scan: transition BSS_CHANNEL => FOREIGN_CHANNEL
2026-03-05 11:04:48,184 <4>Jan 29 06:42:23 BZ2,002722b6662b,v4.3.28.11361: kernel: [  804.257625] HSM: scan: transition BSS_CHANNEL => FOREIGN_CHANNEL
2026-03-05 11:04:48,301 {2ab0 e502} [  804.387630] HSM: scan: transition FOREIGN_CHANNEL => BSS_CHANNEL
2026-03-05 11:04:48,316 <4>Jan 29 06:42:24 BZ2,002722b6662b,v4.3.28.11361: kernel: [  804.387630] HSM: scan: transition FOREIGN_CHANNEL => BSS_CHANNEL
2026-03-05 11:04:49,931 {2ab0 e502} [  806.017673] HSM: scan: transition BSS_CHANNEL => FOREIGN_CHANNEL
2026-03-05 11:04:49,945 <4>Jan 29 06:42:25 BZ2,002722b6662b,v4.3.28.11361: kernel: [  806.017673] HSM: scan: transition BSS_CHANNEL => FOREIGN_CHANNEL
2026-03-05 11:04:50,060 {2ab0 e502} [  806.147680] HSM: scan: transition FOREIGN_CHANNEL => BSS_CHANNEL
2026-03-05 11:04:50,071 <4>Jan 29 06:42:25 BZ2,002722b6662b,v4.3.28.11361: kernel: [  806.147680] HSM: scan: transition FOREIGN_CHANNEL => BSS_CHANNEL
2026-03-05 11:04:51,680 {2ab0 e502} [  807.767620] HSM: scan: transition BSS_CHANNEL => FOREIGN_CHANNEL
2026-03-05 11:04:51,694 <4>Jan 29 06:42:27 BZ2,002722b6662b,v4.3.28.11361: kernel: [  807.767620] HSM: scan: transition BSS_CHANNEL => FOREIGN_CHANNEL
2026-03-05 11:04:51,811 {2ab0 e502} [  807.897635] HSM: scan: transition FOREIGN_CHANNEL => BSS_CHANNEL
2026-03-05 11:04:51,822 <4>Jan 29 06:42:27 BZ2,002722b6662b,v4.3.28.11361: kernel: [  807.897635] HSM: scan: transition FOREIGN_CHANNEL => BSS_CHANNEL
2026-03-05 11:04:53,431 {2ab0 e502} [  809.517625] HSM: scan: transition BSS_CHANNEL => FOREIGN_CHANNEL
2026-03-05 11:04:53,444 <4>Jan 29 06:42:29 BZ2,002722b6662b,v4.3.28.11361: kernel: [  809.517625] HSM: scan: transition BSS_CHANNEL => FOREIGN_CHANNEL
2026-03-05 11:04:53,560 {2ab0 e502} [  809.647634] HSM: scan: transition FOREIGN_CHANNEL => BSS_CHANNEL
2026-03-05 11:04:53,572 <4>Jan 29 06:42:29 BZ2,002722b6662b,v4.3.28.11361: kernel: [  809.647634] HSM: scan: transition FOREIGN_CHANNEL => BSS_CHANNEL
2026-03-05 11:04:55,181 {2ab0 e502} [  811.267629] HSM: scan: transition BSS_CHANNEL => FOREIGN_CHANNEL
2026-03-05 11:04:55,194 <4>Jan 29 06:42:30 BZ2,002722b6662b,v4.3.28.11361: kernel: [  811.267629] HSM: scan: transition BSS_CHANNEL => FOREIGN_CHANNEL
2026-03-05 11:04:55,310 {2ab0 e502} [  811.397636] HSM: scan: transition FOREIGN_CHANNEL => BSS_CHANNEL
2026-03-05 11:04:55,322 <4>Jan 29 06:42:31 BZ2,002722b6662b,v4.3.28.11361: kernel: [  811.397636] HSM: scan: transition FOREIGN_CHANNEL => BSS_CHANNEL
2026-03-05 11:04:56,933 {2ab0 e502} [  813.017617] HSM: scan: transition BSS_CHANNEL => FOREIGN_CHANNEL
2026-03-05 11:04:56,944 <4>Jan 29 06:42:32 BZ2,002722b6662b,v4.3.28.11361: kernel: [  813.017617] HSM: scan: transition BSS_CHANNEL => FOREIGN_CHANNEL
2026-03-05 11:04:57,061 {2ab0 e502} [  813.147627] HSM: scan: transition FOREIGN_CHANNEL => BSS_CHANNEL
2026-03-05 11:04:57,072 <4>Jan 29 06:42:32 BZ2,002722b6662b,v4.3.28.11361: kernel: [  813.147627] HSM: scan: transition FOREIGN_CHANNEL => BSS_CHANNEL
2026-03-05 11:04:58,252 <11>Jan 29 06:42:34 BZ2,002722b6662b,v4.3.28.11361: : uplink-monitor[4697]: uplink-monitor.get_link_info(): uplink addr is null
2026-03-05 11:04:58,680 {2ab0 e502} [  814.767625] HSM: scan: transition BSS_CHANNEL => FOREIGN_CHANNEL
2026-03-05 11:04:58,694 <4>Jan 29 06:42:34 BZ2,002722b6662b,v4.3.28.11361: kernel: [  814.767625] HSM: scan: transition BSS_CHANNEL => FOREIGN_CHANNEL
2026-03-05 11:04:58,811 {2ab0 e502} [  814.897633] HSM: scan: transition FOREIGN_CHANNEL => BSS_CHANNEL
2026-03-05 11:04:58,822 <4>Jan 29 06:42:34 BZ2,002722b6662b,v4.3.28.11361: kernel: [  814.897633] HSM: scan: transition FOREIGN_CHANNEL => BSS_CHANNEL
2026-03-05 11:05:00,430 {2ab0 e502} [  816.517674] HSM: scan: transition BSS_CHANNEL => FOREIGN_CHANNEL
2026-03-05 11:05:00,444 <4>Jan 29 06:42:36 BZ2,002722b6662b,v4.3.28.11361: kernel: [  816.517674] HSM: scan: transition BSS_CHANNEL => FOREIGN_CHANNEL
2026-03-05 11:05:00,561 {2ab0 e502} [  816.647635] HSM: scan: transition FOREIGN_CHANNEL => BSS_CHANNEL
2026-03-05 11:05:00,572 <4>Jan 29 06:42:36 BZ2,002722b6662b,v4.3.28.11361: kernel: [  816.647635] HSM: scan: transition FOREIGN_CHANNEL => BSS_CHANNEL
2026-03-05 11:05:02,181 {2ab0 e502} [  818.267619] HSM: scan: transition BSS_CHANNEL => FOREIGN_CHANNEL
2026-03-05 11:05:02,194 <4>Jan 29 06:42:37 BZ2,002722b6662b,v4.3.28.11361: kernel: [  818.267619] HSM: scan: transition BSS_CHANNEL => FOREIGN_CHANNEL
2026-03-05 11:05:02,310 {2ab0 e502} [  818.397628] HSM: scan: transition FOREIGN_CHANNEL => BSS_CHANNEL
2026-03-05 11:05:02,322 <4>Jan 29 06:42:38 BZ2,002722b6662b,v4.3.28.11361: kernel: [  818.397628] HSM: scan: transition FOREIGN_CHANNEL => BSS_CHANNEL
2026-03-05 11:05:03,930 {2ab0 e502} [  820.017619] HSM: scan: transition BSS_CHANNEL => FOREIGN_CHANNEL
2026-03-05 11:05:03,944 <4>Jan 29 06:42:39 BZ2,002722b6662b,v4.3.28.11361: kernel: [  820.017619] HSM: scan: transition BSS_CHANNEL => FOREIGN_CHANNEL
2026-03-05 11:05:04,061 {2ab0 e502} [  820.147635] HSM: scan: transition FOREIGN_CHANNEL => BSS_CHANNEL
2026-03-05 11:05:04,072 <4>Jan 29 06:42:39 BZ2,002722b6662b,v4.3.28.11361: kernel: [  820.147635] HSM: scan: transition FOREIGN_CHANNEL => BSS_CHANNEL
2026-03-05 11:05:05,681 {2ab0 e502} [  821.767624] HSM: scan: transition BSS_CHANNEL => FOREIGN_CHANNEL
2026-03-05 11:05:05,694 <4>Jan 29 06:42:41 BZ2,002722b6662b,v4.3.28.11361: kernel: [  821.767624] HSM: scan: transition BSS_CHANNEL => FOREIGN_CHANNEL
2026-03-05 11:05:05,811 {2ab0 e502} [  821.897654] HSM: scan: transition FOREIGN_CHANNEL => BSS_CHANNEL
2026-03-05 11:05:05,821 <4>Jan 29 06:42:41 BZ2,002722b6662b,v4.3.28.11361: kernel: [  821.897654] HSM: scan: transition FOREIGN_CHANNEL => BSS_CHANNEL
2026-03-05 11:05:07,431 {2ab0 e502} [  823.517647] HSM: scan: transition BSS_CHANNEL => FOREIGN_CHANNEL
2026-03-05 11:05:07,444 <4>Jan 29 06:42:43 BZ2,002722b6662b,v4.3.28.11361: kernel: [  823.517647] HSM: scan: transition BSS_CHANNEL => FOREIGN_CHANNEL
2026-03-05 11:05:07,561 {2ab0 e502} [  823.647659] HSM: scan: transition FOREIGN_CHANNEL => BSS_CHANNEL
2026-03-05 11:05:07,571 <4>Jan 29 06:42:43 BZ2,002722b6662b,v4.3.28.11361: kernel: [  823.647659] HSM: scan: transition FOREIGN_CHANNEL => BSS_CHANNEL
2026-03-05 11:05:09,181 {2ab0 e502} [  825.267621] HSM: scan: transition BSS_CHANNEL => FOREIGN_CHANNEL
2026-03-05 11:05:09,194 <4>Jan 29 06:42:44 BZ2,002722b6662b,v4.3.28.11361: kernel: [  825.267621] HSM: scan: transition BSS_CHANNEL => FOREIGN_CHANNEL
2026-03-05 11:05:09,315 {2ab0 e502} [  825.402487] HSM: scan: transition FOREIGN_CHANNEL => IDLE
2026-03-05 11:05:09,323 <27>Jan 29 06:42:45 BZ2,002722b6662b,v4.3.28.11361: wpa_supplicant[5322]: driver_atheros_event_wireless: scan result event - SIOCGIWSCAN
2026-03-05 11:05:09,323 <4>Jan 29 06:42:45 BZ2,002722b6662b,v4.3.28.11361: kernel: [  825.402487] HSM: scan: transition FOREIGN_CHANNEL => IDLE
2026-03-05 11:05:10,345 {2ab0 e502} [  826.431635] HSM: scan: transition IDLE => BSS_CHANNEL
2026-03-05 11:05:10,351 <4>Jan 29 06:42:46 BZ2,002722b6662b,v4.3.28.11361: kernel: [  826.431635] HSM: scan: transition IDLE => BSS_CHANNEL
2026-03-05 11:05:10,820 {2ab0 e502} [  826.907658] HSM: scan: transition BSS_CHANNEL => FOREIGN_CHANNEL
2026-03-05 11:05:10,835 <4>Jan 29 06:42:46 BZ2,002722b6662b,v4.3.28.11361: kernel: [  826.907658] HSM: scan: transition BSS_CHANNEL => FOREIGN_CHANNEL
2026-03-05 11:05:10,953 {2ab0 e502} [  827.037667] HSM: scan: transition FOREIGN_CHANNEL => BSS_CHANNEL
2026-03-05 11:05:10,964 <4>Jan 29 06:42:46 BZ2,002722b6662b,v4.3.28.11361: kernel: [  827.037667] HSM: scan: transition FOREIGN_CHANNEL => BSS_CHANNEL
2026-03-05 11:05:12,581 {2ab0 e502} [  828.667626] HSM: scan: transition BSS_CHANNEL => FOREIGN_CHANNEL
2026-03-05 11:05:12,595 <4>Jan 29 06:42:48 BZ2,002722b6662b,v4.3.28.11361: kernel: [  828.667626] HSM: scan: transition BSS_CHANNEL => FOREIGN_CHANNEL
2026-03-05 11:05:12,711 {2ab0 e502} [  828.797655] HSM: scan: transition FOREIGN_CHANNEL => BSS_CHANNEL
2026-03-05 11:05:12,722 <4>Jan 29 06:42:48 BZ2,002722b6662b,v4.3.28.11361: kernel: [  828.797655] HSM: scan: transition FOREIGN_CHANNEL => BSS_CHANNEL
2026-03-05 11:05:13,676 <11>Jan 29 06:42:49 BZ2,002722b6662b,v4.3.28.11361: : uplink-monitor[4697]: uplink-monitor.get_link_info(): uplink addr is null
2026-03-05 11:05:14,331 {2ab0 e502} [  830.417622] HSM: scan: transition BSS_CHANNEL => FOREIGN_CHANNEL
2026-03-05 11:05:14,344 <4>Jan 29 06:42:50 BZ2,002722b6662b,v4.3.28.11361: kernel: [  830.417622] HSM: scan: transition BSS_CHANNEL => FOREIGN_CHANNEL
2026-03-05 11:05:14,461 {2ab0 e502} [  830.547649] HSM: scan: transition FOREIGN_CHANNEL => BSS_CHANNEL
2026-03-05 11:05:14,472 <4>Jan 29 06:42:50 BZ2,002722b6662b,v4.3.28.11361: kernel: [  830.547649] HSM: scan: transition FOREIGN_CHANNEL => BSS_CHANNEL
2026-03-05 11:05:16,081 {2ab0 e502} [  832.167619] HSM: scan: transition BSS_CHANNEL => FOREIGN_CHANNEL
2026-03-05 11:05:16,094 <4>Jan 29 06:42:51 BZ2,002722b6662b,v4.3.28.11361: kernel: [  832.167619] HSM: scan: transition BSS_CHANNEL => FOREIGN_CHANNEL
2026-03-05 11:05:16,214 {2ab0 e502} [  832.297634] HSM: scan: transition FOREIGN_CHANNEL => BSS_CHANNEL
2026-03-05 11:05:16,222 <4>Jan 29 06:42:51 BZ2,002722b6662b,v4.3.28.11361: kernel: [  832.297634] HSM: scan: transition FOREIGN_CHANNEL => BSS_CHANNEL
2026-03-05 11:05:17,831 {2ab0 e502} [  833.917619] HSM: scan: transition BSS_CHANNEL => FOREIGN_CHANNEL
2026-03-05 11:05:17,844 <4>Jan 29 06:42:53 BZ2,002722b6662b,v4.3.28.11361: kernel: [  833.917619] HSM: scan: transition BSS_CHANNEL => FOREIGN_CHANNEL
2026-03-05 11:05:17,961 {2ab0 e502} [  834.047637] HSM: scan: transition FOREIGN_CHANNEL => BSS_CHANNEL
2026-03-05 11:05:17,972 <4>Jan 29 06:42:53 BZ2,002722b6662b,v4.3.28.11361: kernel: [  834.047637] HSM: scan: transition FOREIGN_CHANNEL => BSS_CHANNEL
2026-03-05 11:05:19,581 {2ab0 e502} [  835.667621] HSM: scan: transition BSS_CHANNEL => FOREIGN_CHANNEL
2026-03-05 11:05:19,594 <4>Jan 29 06:42:55 BZ2,002722b6662b,v4.3.28.11361: kernel: [  835.667621] HSM: scan: transition BSS_CHANNEL => FOREIGN_CHANNEL
2026-03-05 11:05:19,711 {2ab0 e502} [  835.797632] HSM: scan: transition FOREIGN_CHANNEL => BSS_CHANNEL
2026-03-05 11:05:19,722 <4>Jan 29 06:42:55 BZ2,002722b6662b,v4.3.28.11361: kernel: [  835.797632] HSM: scan: transition FOREIGN_CHANNEL => BSS_CHANNEL
2026-03-05 11:05:21,331 {2ab0 e502} [  837.417629] HSM: scan: transition BSS_CHANNEL => FOREIGN_CHANNEL
2026-03-05 11:05:21,348 <4>Jan 29 06:42:57 BZ2,002722b6662b,v4.3.28.11361: kernel: [  837.417629] HSM: scan: transition BSS_CHANNEL => FOREIGN_CHANNEL
2026-03-05 11:05:21,461 {2ab0 e502} [  837.547635] HSM: scan: transition FOREIGN_CHANNEL => BSS_CHANNEL
2026-03-05 11:05:21,471 <4>Jan 29 06:42:57 BZ2,002722b6662b,v4.3.28.11361: kernel: [  837.547635] HSM: scan: transition FOREIGN_CHANNEL => BSS_CHANNEL
2026-03-05 11:05:23,081 {2ab0 e502} [  839.167623] HSM: scan: transition BSS_CHANNEL => FOREIGN_CHANNEL
2026-03-05 11:05:23,095 <4>Jan 29 06:42:58 BZ2,002722b6662b,v4.3.28.11361: kernel: [  839.167623] HSM: scan: transition BSS_CHANNEL => FOREIGN_CHANNEL
2026-03-05 11:05:23,211 {2ab0 e502} [  839.297628] HSM: scan: transition FOREIGN_CHANNEL => BSS_CHANNEL
2026-03-05 11:05:23,222 <4>Jan 29 06:42:58 BZ2,002722b6662b,v4.3.28.11361: kernel: [  839.297628] HSM: scan: transition FOREIGN_CHANNEL => BSS_CHANNEL
2026-03-05 11:05:24,831 {2ab0 e502} [  840.917627] HSM: scan: transition BSS_CHANNEL => FOREIGN_CHANNEL
2026-03-05 11:05:24,844 <4>Jan 29 06:43:00 BZ2,002722b6662b,v4.3.28.11361: kernel: [  840.917627] HSM: scan: transition BSS_CHANNEL => FOREIGN_CHANNEL
2026-03-05 11:05:24,961 {2ab0 e502} [  841.047628] HSM: scan: transition FOREIGN_CHANNEL => BSS_CHANNEL
2026-03-05 11:05:24,972 <4>Jan 29 06:43:00 BZ2,002722b6662b,v4.3.28.11361: kernel: [  841.047628] HSM: scan: transition FOREIGN_CHANNEL => BSS_CHANNEL
2026-03-05 11:05:26,581 {2ab0 e502} [  842.667618] HSM: scan: transition BSS_CHANNEL => FOREIGN_CHANNEL
2026-03-05 11:05:26,595 <4>Jan 29 06:43:02 BZ2,002722b6662b,v4.3.28.11361: kernel: [  842.667618] HSM: scan: transition BSS_CHANNEL => FOREIGN_CHANNEL
2026-03-05 11:05:26,711 {2ab0 e502} [  842.797662] HSM: scan: transition FOREIGN_CHANNEL => BSS_CHANNEL
2026-03-05 11:05:26,722 <4>Jan 29 06:43:02 BZ2,002722b6662b,v4.3.28.11361: kernel: [  842.797662] HSM: scan: transition FOREIGN_CHANNEL => BSS_CHANNEL
2026-03-05 11:05:28,331 {2ab0 e502} [  844.417624] HSM: scan: transition BSS_CHANNEL => FOREIGN_CHANNEL
2026-03-05 11:05:28,345 <4>Jan 29 06:43:04 BZ2,002722b6662b,v4.3.28.11361: kernel: [  844.417624] HSM: scan: transition BSS_CHANNEL => FOREIGN_CHANNEL
2026-03-05 11:05:28,461 {2ab0 e502} [  844.547639] HSM: scan: transition FOREIGN_CHANNEL => BSS_CHANNEL
2026-03-05 11:05:28,472 <4>Jan 29 06:43:04 BZ2,002722b6662b,v4.3.28.11361: kernel: [  844.547639] HSM: scan: transition FOREIGN_CHANNEL => BSS_CHANNEL
2026-03-05 11:05:29,099 <11>Jan 29 06:43:04 BZ2,002722b6662b,v4.3.28.11361: : uplink-monitor[4697]: uplink-monitor.get_link_info(): uplink addr is null
2026-03-05 11:05:30,081 {2ab0 e502} [  846.167619] HSM: scan: transition BSS_CHANNEL => FOREIGN_CHANNEL
2026-03-05 11:05:30,094 <4>Jan 29 06:43:05 BZ2,002722b6662b,v4.3.28.11361: kernel: [  846.167619] HSM: scan: transition BSS_CHANNEL => FOREIGN_CHANNEL
2026-03-05 11:05:30,212 {2ab0 e502} [  846.297691] HSM: scan: transition FOREIGN_CHANNEL => BSS_CHANNEL
2026-03-05 11:05:30,222 <4>Jan 29 06:43:05 BZ2,002722b6662b,v4.3.28.11361: kernel: [  846.297691] HSM: scan: transition FOREIGN_CHANNEL => BSS_CHANNEL
2026-03-05 11:05:31,831 {2ab0 e502} [  847.917611] HSM: scan: transition BSS_CHANNEL => FOREIGN_CHANNEL
2026-03-05 11:05:31,844 <4>Jan 29 06:43:07 BZ2,002722b6662b,v4.3.28.11361: kernel: [  847.917611] HSM: scan: transition BSS_CHANNEL => FOREIGN_CHANNEL
2026-03-05 11:05:31,966 {2ab0 e502} [  848.052490] HSM: scan: transition FOREIGN_CHANNEL => IDLE
2026-03-05 11:05:31,973 <27>Jan 29 06:43:07 BZ2,002722b6662b,v4.3.28.11361: wpa_supplicant[5322]: driver_atheros_event_wireless: scan result event - SIOCGIWSCAN
2026-03-05 11:05:31,974 <4>Jan 29 06:43:07 BZ2,002722b6662b,v4.3.28.11361: kernel: [  848.052490] HSM: scan: transition FOREIGN_CHANNEL => IDLE
2026-03-05 11:05:32,995 {2ab0 e502} [  849.081625] HSM: scan: transition IDLE => BSS_CHANNEL
2026-03-05 11:05:33,002 <4>Jan 29 06:43:08 BZ2,002722b6662b,v4.3.28.11361: kernel: [  849.081625] HSM: scan: transition IDLE => BSS_CHANNEL
2026-03-05 11:05:33,471 {2ab0 e502} [  849.557623] HSM: scan: transition BSS_CHANNEL => FOREIGN_CHANNEL
2026-03-05 11:05:33,485 <4>Jan 29 06:43:09 BZ2,002722b6662b,v4.3.28.11361: kernel: [  849.557623] HSM: scan: transition BSS_CHANNEL => FOREIGN_CHANNEL
2026-03-05 11:05:33,601 {2ab0 e502} [  849.687637] HSM: scan: transition FOREIGN_CHANNEL => BSS_CHANNEL
2026-03-05 11:05:33,615 <4>Jan 29 06:43:09 BZ2,002722b6662b,v4.3.28.11361: kernel: [  849.687637] HSM: scan: transition FOREIGN_CHANNEL => BSS_CHANNEL
2026-03-05 11:05:35,231 {2ab0 e502} [  851.317619] HSM: scan: transition BSS_CHANNEL => FOREIGN_CHANNEL
2026-03-05 11:05:35,245 <4>Jan 29 06:43:11 BZ2,002722b6662b,v4.3.28.11361: kernel: [  851.317619] HSM: scan: transition BSS_CHANNEL => FOREIGN_CHANNEL
2026-03-05 11:05:35,361 {2ab0 e502} [  851.447650] HSM: scan: transition FOREIGN_CHANNEL => BSS_CHANNEL
2026-03-05 11:05:35,372 <4>Jan 29 06:43:11 BZ2,002722b6662b,v4.3.28.11361: kernel: [  851.447650] HSM: scan: transition FOREIGN_CHANNEL => BSS_CHANNEL
2026-03-05 11:05:36,981 {2ab0 e502} [  853.067621] HSM: scan: transition BSS_CHANNEL => FOREIGN_CHANNEL
2026-03-05 11:05:36,995 <4>Jan 29 06:43:12 BZ2,002722b6662b,v4.3.28.11361: kernel: [  853.067621] HSM: scan: transition BSS_CHANNEL => FOREIGN_CHANNEL
2026-03-05 11:05:37,111 {2ab0 e502} [  853.197633] HSM: scan: transition FOREIGN_CHANNEL => BSS_CHANNEL
2026-03-05 11:05:37,122 <4>Jan 29 06:43:12 BZ2,002722b6662b,v4.3.28.11361: kernel: [  853.197633] HSM: scan: transition FOREIGN_CHANNEL => BSS_CHANNEL
2026-03-05 11:05:38,731 {2ab0 e502} [  854.817620] HSM: scan: transition BSS_CHANNEL => FOREIGN_CHANNEL
2026-03-05 11:05:38,745 <4>Jan 29 06:43:14 BZ2,002722b6662b,v4.3.28.11361: kernel: [  854.817620] HSM: scan: transition BSS_CHANNEL => FOREIGN_CHANNEL
2026-03-05 11:05:38,861 {2ab0 e502} [  854.947637] HSM: scan: transition FOREIGN_CHANNEL => BSS_CHANNEL
2026-03-05 11:05:38,872 <4>Jan 29 06:43:14 BZ2,002722b6662b,v4.3.28.11361: kernel: [  854.947637] HSM: scan: transition FOREIGN_CHANNEL => BSS_CHANNEL
2026-03-05 11:05:40,482 {2ab0 e502} [  856.567626] HSM: scan: transition BSS_CHANNEL => FOREIGN_CHANNEL
2026-03-05 11:05:40,498 <4>Jan 29 06:43:16 BZ2,002722b6662b,v4.3.28.11361: kernel: [  856.567626] HSM: scan: transition BSS_CHANNEL => FOREIGN_CHANNEL
2026-03-05 11:05:40,611 {2ab0 e502} [  856.697638] HSM: scan: transition FOREIGN_CHANNEL => BSS_CHANNEL
2026-03-05 11:05:40,623 <4>Jan 29 06:43:16 BZ2,002722b6662b,v4.3.28.11361: kernel: [  856.697638] HSM: scan: transition FOREIGN_CHANNEL => BSS_CHANNEL
2026-03-05 11:05:42,231 {2ab0 e502} [  858.317621] HSM: scan: transition BSS_CHANNEL => FOREIGN_CHANNEL
2026-03-05 11:05:42,245 <4>Jan 29 06:43:18 BZ2,002722b6662b,v4.3.28.11361: kernel: [  858.317621] HSM: scan: transition BSS_CHANNEL => FOREIGN_CHANNEL
2026-03-05 11:05:42,361 {2ab0 e502} [  858.447635] HSM: scan: transition FOREIGN_CHANNEL => BSS_CHANNEL
2026-03-05 11:05:42,372 <4>Jan 29 06:43:18 BZ2,002722b6662b,v4.3.28.11361: kernel: [  858.447635] HSM: scan: transition FOREIGN_CHANNEL => BSS_CHANNEL
2026-03-05 11:05:43,981 {2ab0 e502} [  860.067619] HSM: scan: transition BSS_CHANNEL => FOREIGN_CHANNEL
2026-03-05 11:05:43,995 <4>Jan 29 06:43:19 BZ2,002722b6662b,v4.3.28.11361: kernel: [  860.067619] HSM: scan: transition BSS_CHANNEL => FOREIGN_CHANNEL
2026-03-05 11:05:44,111 {2ab0 e502} [  860.197634] HSM: scan: transition FOREIGN_CHANNEL => BSS_CHANNEL
2026-03-05 11:05:44,122 <4>Jan 29 06:43:19 BZ2,002722b6662b,v4.3.28.11361: kernel: [  860.197634] HSM: scan: transition FOREIGN_CHANNEL => BSS_CHANNEL
2026-03-05 11:05:44,707 <11>Jan 29 06:43:20 BZ2,002722b6662b,v4.3.28.11361: : uplink-monitor[4697]: uplink-monitor.get_link_info(): uplink addr is null
2026-03-05 11:05:45,731 {2ab0 e502} [  861.817626] HSM: scan: transition BSS_CHANNEL => FOREIGN_CHANNEL
2026-03-05 11:05:45,745 <4>Jan 29 06:43:21 BZ2,002722b6662b,v4.3.28.11361: kernel: [  861.817626] HSM: scan: transition BSS_CHANNEL => FOREIGN_CHANNEL
2026-03-05 11:05:45,861 {2ab0 e502} [  861.947629] HSM: scan: transition FOREIGN_CHANNEL => BSS_CHANNEL
2026-03-05 11:05:45,872 <4>Jan 29 06:43:21 BZ2,002722b6662b,v4.3.28.11361: kernel: [  861.947629] HSM: scan: transition FOREIGN_CHANNEL => BSS_CHANNEL
2026-03-05 11:05:47,482 {2ab0 e502} [  863.567630] HSM: scan: transition BSS_CHANNEL => FOREIGN_CHANNEL
2026-03-05 11:05:47,495 <4>Jan 29 06:43:23 BZ2,002722b6662b,v4.3.28.11361: kernel: [  863.567630] HSM: scan: transition BSS_CHANNEL => FOREIGN_CHANNEL
2026-03-05 11:05:47,611 {2ab0 e502} [  863.697746] HSM: scan: transition FOREIGN_CHANNEL => BSS_CHANNEL
2026-03-05 11:05:47,622 <4>Jan 29 06:43:23 BZ2,002722b6662b,v4.3.28.11361: kernel: [  863.697746] HSM: scan: transition FOREIGN_CHANNEL => BSS_CHANNEL
2026-03-05 11:05:49,231 {2ab0 e502} [  865.317634] HSM: scan: transition BSS_CHANNEL => FOREIGN_CHANNEL
2026-03-05 11:05:49,245 <4>Jan 29 06:43:25 BZ2,002722b6662b,v4.3.28.11361: kernel: [  865.317634] HSM: scan: transition BSS_CHANNEL => FOREIGN_CHANNEL
2026-03-05 11:05:49,361 {2ab0 e502} [  865.447636] HSM: scan: transition FOREIGN_CHANNEL => BSS_CHANNEL
2026-03-05 11:05:49,372 <4>Jan 29 06:43:25 BZ2,002722b6662b,v4.3.28.11361: kernel: [  865.447636] HSM: scan: transition FOREIGN_CHANNEL => BSS_CHANNEL
2026-03-05 11:05:50,981 {2ab0 e502} [  867.067625] HSM: scan: transition BSS_CHANNEL => FOREIGN_CHANNEL
2026-03-05 11:05:50,995 <4>Jan 29 06:43:26 BZ2,002722b6662b,v4.3.28.11361: kernel: [  867.067625] HSM: scan: transition BSS_CHANNEL => FOREIGN_CHANNEL
2026-03-05 11:05:51,112 {2ab0 e502} [  867.197637] HSM: scan: transition FOREIGN_CHANNEL => BSS_CHANNEL
2026-03-05 11:05:51,123 <4>Jan 29 06:43:26 BZ2,002722b6662b,v4.3.28.11361: kernel: [  867.197637] HSM: scan: transition FOREIGN_CHANNEL => BSS_CHANNEL
2026-03-05 11:05:52,731 {2ab0 e502} [  868.817623] HSM: scan: transition BSS_CHANNEL => FOREIGN_CHANNEL
2026-03-05 11:05:52,745 <4>Jan 29 06:43:28 BZ2,002722b6662b,v4.3.28.11361: kernel: [  868.817623] HSM: scan: transition BSS_CHANNEL => FOREIGN_CHANNEL
2026-03-05 11:05:52,862 {2ab0 e502} [  868.947678] HSM: scan: transition FOREIGN_CHANNEL => BSS_CHANNEL
2026-03-05 11:05:52,872 <4>Jan 29 06:43:28 BZ2,002722b6662b,v4.3.28.11361: kernel: [  868.947678] HSM: scan: transition FOREIGN_CHANNEL => BSS_CHANNEL
2026-03-05 11:05:54,481 {2ab0 e502} [  870.567643] HSM: scan: transition BSS_CHANNEL => FOREIGN_CHANNEL
2026-03-05 11:05:54,495 <4>Jan 29 06:43:30 BZ2,002722b6662b,v4.3.28.11361: kernel: [  870.567643] HSM: scan: transition BSS_CHANNEL => FOREIGN_CHANNEL
2026-03-05 11:05:54,616 {2ab0 e502} [  870.702562] HSM: scan: transition FOREIGN_CHANNEL => IDLE
2026-03-05 11:05:54,626 <4>Jan 29 06:43:30 BZ2,002722b6662b,v4.3.28.11361: kernel: [  870.702562] HSM: scan: transition FOREIGN_CHANNEL => IDLE
2026-03-05 11:05:54,627 <27>Jan 29 06:43:30 BZ2,002722b6662b,v4.3.28.11361: wpa_supplicant[5322]: driver_atheros_event_wireless: scan result event - SIOCGIWSCAN
2026-03-05 11:05:55,645 {2ab0 e502} [  871.731641] HSM: scan: transition IDLE => BSS_CHANNEL
2026-03-05 11:05:55,652 <4>Jan 29 06:43:31 BZ2,002722b6662b,v4.3.28.11361: kernel: [  871.731641] HSM: scan: transition IDLE => BSS_CHANNEL
2026-03-05 11:05:56,121 {2ab0 e502} [  872.207619] HSM: scan: transition BSS_CHANNEL => FOREIGN_CHANNEL
2026-03-05 11:05:56,135 <4>Jan 29 06:43:31 BZ2,002722b6662b,v4.3.28.11361: kernel: [  872.207619] HSM: scan: transition BSS_CHANNEL => FOREIGN_CHANNEL
2026-03-05 11:05:56,251 {2ab0 e502} [  872.337629] HSM: scan: transition FOREIGN_CHANNEL => BSS_CHANNEL
2026-03-05 11:05:56,265 <4>Jan 29 06:43:32 BZ2,002722b6662b,v4.3.28.11361: kernel: [  872.337629] HSM: scan: transition FOREIGN_CHANNEL => BSS_CHANNEL
2026-03-05 11:05:57,882 {2ab0 e502} [  873.967621] HSM: scan: transition BSS_CHANNEL => FOREIGN_CHANNEL
2026-03-05 11:05:57,895 <4>Jan 29 06:43:33 BZ2,002722b6662b,v4.3.28.11361: kernel: [  873.967621] HSM: scan: transition BSS_CHANNEL => FOREIGN_CHANNEL
2026-03-05 11:05:58,011 {2ab0 e502} [  874.097657] HSM: scan: transition FOREIGN_CHANNEL => BSS_CHANNEL
2026-03-05 11:05:58,023 <4>Jan 29 06:43:33 BZ2,002722b6662b,v4.3.28.11361: kernel: [  874.097657] HSM: scan: transition FOREIGN_CHANNEL => BSS_CHANNEL
2026-03-05 11:05:59,631 {2ab0 e502} [  875.717627] HSM: scan: transition BSS_CHANNEL => FOREIGN_CHANNEL
2026-03-05 11:05:59,645 <4>Jan 29 06:43:35 BZ2,002722b6662b,v4.3.28.11361: kernel: [  875.717627] HSM: scan: transition BSS_CHANNEL => FOREIGN_CHANNEL
2026-03-05 11:05:59,761 {2ab0 e502} [  875.847637] HSM: scan: transition FOREIGN_CHANNEL => BSS_CHANNEL
2026-03-05 11:05:59,772 <4>Jan 29 06:43:35 BZ2,002722b6662b,v4.3.28.11361: kernel: [  875.847637] HSM: scan: transition FOREIGN_CHANNEL => BSS_CHANNEL
2026-03-05 11:06:00,127 <11>Jan 29 06:43:35 BZ2,002722b6662b,v4.3.28.11361: : uplink-monitor[4697]: uplink-monitor.get_link_info(): uplink addr is null
2026-03-05 11:06:01,381 {2ab0 e502} [  877.467634] HSM: scan: transition BSS_CHANNEL => FOREIGN_CHANNEL
2026-03-05 11:06:01,395 <4>Jan 29 06:43:37 BZ2,002722b6662b,v4.3.28.11361: kernel: [  877.467634] HSM: scan: transition BSS_CHANNEL => FOREIGN_CHANNEL
2026-03-05 11:06:01,511 {2ab0 e502} [  877.597633] HSM: scan: transition FOREIGN_CHANNEL => BSS_CHANNEL
2026-03-05 11:06:01,522 <4>Jan 29 06:43:37 BZ2,002722b6662b,v4.3.28.11361: kernel: [  877.597633] HSM: scan: transition FOREIGN_CHANNEL => BSS_CHANNEL
2026-03-05 11:06:03,131 {2ab0 e502} [  879.217619] HSM: scan: transition BSS_CHANNEL => FOREIGN_CHANNEL
2026-03-05 11:06:03,145 <4>Jan 29 06:43:38 BZ2,002722b6662b,v4.3.28.11361: kernel: [  879.217619] HSM: scan: transition BSS_CHANNEL => FOREIGN_CHANNEL
2026-03-05 11:06:03,261 {2ab0 e502} [  879.347636] HSM: scan: transition FOREIGN_CHANNEL => BSS_CHANNEL
2026-03-05 11:06:03,273 <4>Jan 29 06:43:39 BZ2,002722b6662b,v4.3.28.11361: kernel: [  879.347636] HSM: scan: transition FOREIGN_CHANNEL => BSS_CHANNEL
2026-03-05 11:06:04,881 {2ab0 e502} [  880.967620] HSM: scan: transition BSS_CHANNEL => FOREIGN_CHANNEL
2026-03-05 11:06:04,895 <4>Jan 29 06:43:40 BZ2,002722b6662b,v4.3.28.11361: kernel: [  880.967620] HSM: scan: transition BSS_CHANNEL => FOREIGN_CHANNEL
2026-03-05 11:06:05,011 {2ab0 e502} [  881.097628] HSM: scan: transition FOREIGN_CHANNEL => BSS_CHANNEL
2026-03-05 11:06:05,023 <4>Jan 29 06:43:40 BZ2,002722b6662b,v4.3.28.11361: kernel: [  881.097628] HSM: scan: transition FOREIGN_CHANNEL => BSS_CHANNEL
2026-03-05 11:06:06,631 {2ab0 e502} [  882.717625] HSM: scan: transition BSS_CHANNEL => FOREIGN_CHANNEL
2026-03-05 11:06:06,645 <4>Jan 29 06:43:42 BZ2,002722b6662b,v4.3.28.11361: kernel: [  882.717625] HSM: scan: transition BSS_CHANNEL => FOREIGN_CHANNEL
2026-03-05 11:06:06,761 {2ab0 e502} [  882.847634] HSM: scan: transition FOREIGN_CHANNEL => BSS_CHANNEL
2026-03-05 11:06:06,772 <4>Jan 29 06:43:42 BZ2,002722b6662b,v4.3.28.11361: kernel: [  882.847634] HSM: scan: transition FOREIGN_CHANNEL => BSS_CHANNEL
2026-03-05 11:06:08,382 {2ab0 e502} [  884.467631] HSM: scan: transition BSS_CHANNEL => FOREIGN_CHANNEL
2026-03-05 11:06:08,395 <4>Jan 29 06:43:44 BZ2,002722b6662b,v4.3.28.11361: kernel: [  884.467631] HSM: scan: transition BSS_CHANNEL => FOREIGN_CHANNEL
2026-03-05 11:06:08,511 {2ab0 e502} [  884.597637] HSM: scan: transition FOREIGN_CHANNEL => BSS_CHANNEL
2026-03-05 11:06:08,523 <4>Jan 29 06:43:44 BZ2,002722b6662b,v4.3.28.11361: kernel: [  884.597637] HSM: scan: transition FOREIGN_CHANNEL => BSS_CHANNEL
2026-03-05 11:06:10,132 {2ab0 e502} [  886.217618] HSM: scan: transition BSS_CHANNEL => FOREIGN_CHANNEL
2026-03-05 11:06:10,145 <4>Jan 29 06:43:45 BZ2,002722b6662b,v4.3.28.11361: kernel: [  886.217618] HSM: scan: transition BSS_CHANNEL => FOREIGN_CHANNEL
2026-03-05 11:06:10,261 {2ab0 e502} [  886.347635] HSM: scan: transition FOREIGN_CHANNEL => BSS_CHANNEL
2026-03-05 11:06:10,273 <4>Jan 29 06:43:46 BZ2,002722b6662b,v4.3.28.11361: kernel: [  886.347635] HSM: scan: transition FOREIGN_CHANNEL => BSS_CHANNEL
2026-03-05 11:06:11,881 {2ab0 e502} [  887.967625] HSM: scan: transition BSS_CHANNEL => FOREIGN_CHANNEL
2026-03-05 11:06:11,895 <4>Jan 29 06:43:47 BZ2,002722b6662b,v4.3.28.11361: kernel: [  887.967625] HSM: scan: transition BSS_CHANNEL => FOREIGN_CHANNEL
2026-03-05 11:06:12,011 {2ab0 e502} [  888.097636] HSM: scan: transition FOREIGN_CHANNEL => BSS_CHANNEL
2026-03-05 11:06:12,023 <4>Jan 29 06:43:47 BZ2,002722b6662b,v4.3.28.11361: kernel: [  888.097636] HSM: scan: transition FOREIGN_CHANNEL => BSS_CHANNEL
2026-03-05 11:06:13,632 {2ab0 e502} [  889.717635] HSM: scan: transition BSS_CHANNEL => FOREIGN_CHANNEL
2026-03-05 11:06:13,645 <4>Jan 29 06:43:49 BZ2,002722b6662b,v4.3.28.11361: kernel: [  889.717635] HSM: scan: transition BSS_CHANNEL => FOREIGN_CHANNEL
2026-03-05 11:06:13,761 {2ab0 e502} [  889.847637] HSM: scan: transition FOREIGN_CHANNEL => BSS_CHANNEL
2026-03-05 11:06:13,773 <4>Jan 29 06:43:49 BZ2,002722b6662b,v4.3.28.11361: kernel: [  889.847637] HSM: scan: transition FOREIGN_CHANNEL => BSS_CHANNEL
2026-03-05 11:06:15,382 {2ab0 e502} [  891.467626] HSM: scan: transition BSS_CHANNEL => FOREIGN_CHANNEL
2026-03-05 11:06:15,395 <4>Jan 29 06:43:51 BZ2,002722b6662b,v4.3.28.11361: kernel: [  891.467626] HSM: scan: transition BSS_CHANNEL => FOREIGN_CHANNEL
2026-03-05 11:06:15,512 {2ab0 e502} [  891.597674] HSM: scan: transition FOREIGN_CHANNEL => BSS_CHANNEL
2026-03-05 11:06:15,522 <4>Jan 29 06:43:51 BZ2,002722b6662b,v4.3.28.11361: kernel: [  891.597674] HSM: scan: transition FOREIGN_CHANNEL => BSS_CHANNEL
2026-03-05 11:06:15,565 <11>Jan 29 06:43:51 BZ2,002722b6662b,v4.3.28.11361: : uplink-monitor[4697]: uplink-monitor.get_link_info(): uplink addr is null
2026-03-05 11:06:17,131 {2ab0 e502} [  893.217626] HSM: scan: transition BSS_CHANNEL => FOREIGN_CHANNEL
2026-03-05 11:06:17,145 <4>Jan 29 06:43:52 BZ2,002722b6662b,v4.3.28.11361: kernel: [  893.217626] HSM: scan: transition BSS_CHANNEL => FOREIGN_CHANNEL
2026-03-05 11:06:17,267 {2ab0 e502} [  893.352495] HSM: scan: transition FOREIGN_CHANNEL => IDLE
2026-03-05 11:06:17,274 <27>Jan 29 06:43:53 BZ2,002722b6662b,v4.3.28.11361: wpa_supplicant[5322]: driver_atheros_event_wireless: scan result event - SIOCGIWSCAN
2026-03-05 11:06:17,275 <4>Jan 29 06:43:53 BZ2,002722b6662b,v4.3.28.11361: kernel: [  893.352495] HSM: scan: transition FOREIGN_CHANNEL => IDLE
2026-03-05 11:06:18,296 {2ab0 e502} [  894.381629] HSM: scan: transition IDLE => BSS_CHANNEL
2026-03-05 11:06:18,302 <4>Jan 29 06:43:54 BZ2,002722b6662b,v4.3.28.11361: kernel: [  894.381629] HSM: scan: transition IDLE => BSS_CHANNEL
2026-03-05 11:06:18,772 {2ab0 e502} [  894.857629] HSM: scan: transition BSS_CHANNEL => FOREIGN_CHANNEL
2026-03-05 11:06:18,785 <4>Jan 29 06:43:54 BZ2,002722b6662b,v4.3.28.11361: kernel: [  894.857629] HSM: scan: transition BSS_CHANNEL => FOREIGN_CHANNEL
2026-03-05 11:06:18,901 {2ab0 e502} [  894.987627] HSM: scan: transition FOREIGN_CHANNEL => BSS_CHANNEL
2026-03-05 11:06:18,916 <4>Jan 29 06:43:54 BZ2,002722b6662b,v4.3.28.11361: kernel: [  894.987627] HSM: scan: transition FOREIGN_CHANNEL => BSS_CHANNEL
2026-03-05 11:06:20,532 {2ab0 e502} [  896.617626] HSM: scan: transition BSS_CHANNEL => FOREIGN_CHANNEL
2026-03-05 11:06:20,545 <4>Jan 29 06:43:56 BZ2,002722b6662b,v4.3.28.11361: kernel: [  896.617626] HSM: scan: transition BSS_CHANNEL => FOREIGN_CHANNEL
2026-03-05 11:06:20,662 {2ab0 e502} [  896.747637] HSM: scan: transition FOREIGN_CHANNEL => BSS_CHANNEL
2026-03-05 11:06:20,673 <4>Jan 29 06:43:56 BZ2,002722b6662b,v4.3.28.11361: kernel: [  896.747637] HSM: scan: transition FOREIGN_CHANNEL => BSS_CHANNEL
2026-03-05 11:06:22,282 {2ab0 e502} [  898.367618] HSM: scan: transition BSS_CHANNEL => FOREIGN_CHANNEL
2026-03-05 11:06:22,295 <4>Jan 29 06:43:58 BZ2,002722b6662b,v4.3.28.11361: kernel: [  898.367618] HSM: scan: transition BSS_CHANNEL => FOREIGN_CHANNEL
2026-03-05 11:06:22,412 {2ab0 e502} [  898.497635] HSM: scan: transition FOREIGN_CHANNEL => BSS_CHANNEL
2026-03-05 11:06:22,423 <4>Jan 29 06:43:58 BZ2,002722b6662b,v4.3.28.11361: kernel: [  898.497635] HSM: scan: transition FOREIGN_CHANNEL => BSS_CHANNEL
2026-03-05 11:06:24,032 {2ab0 e502} [  900.117623] HSM: scan: transition BSS_CHANNEL => FOREIGN_CHANNEL
2026-03-05 11:06:24,045 <4>Jan 29 06:43:59 BZ2,002722b6662b,v4.3.28.11361: kernel: [  900.117623] HSM: scan: transition BSS_CHANNEL => FOREIGN_CHANNEL
2026-03-05 11:06:24,162 {2ab0 e502} [  900.247635] HSM: scan: transition FOREIGN_CHANNEL => BSS_CHANNEL
2026-03-05 11:06:24,173 <4>Jan 29 06:43:59 BZ2,002722b6662b,v4.3.28.11361: kernel: [  900.247635] HSM: scan: transition FOREIGN_CHANNEL => BSS_CHANNEL
2026-03-05 11:06:25,781 {2ab0 e502} [  901.867661] HSM: scan: transition BSS_CHANNEL => FOREIGN_CHANNEL
2026-03-05 11:06:25,796 <4>Jan 29 06:44:01 BZ2,002722b6662b,v4.3.28.11361: kernel: [  901.867661] HSM: scan: transition BSS_CHANNEL => FOREIGN_CHANNEL
2026-03-05 11:06:25,912 {2ab0 e502} [  901.997633] HSM: scan: transition FOREIGN_CHANNEL => BSS_CHANNEL
2026-03-05 11:06:25,923 <4>Jan 29 06:44:01 BZ2,002722b6662b,v4.3.28.11361: kernel: [  901.997633] HSM: scan: transition FOREIGN_CHANNEL => BSS_CHANNEL
2026-03-05 11:06:27,532 {2ab0 e502} [  903.617634] HSM: scan: transition BSS_CHANNEL => FOREIGN_CHANNEL
2026-03-05 11:06:27,545 <4>Jan 29 06:44:03 BZ2,002722b6662b,v4.3.28.11361: kernel: [  903.617634] HSM: scan: transition BSS_CHANNEL => FOREIGN_CHANNEL
2026-03-05 11:06:27,662 {2ab0 e502} [  903.747634] HSM: scan: transition FOREIGN_CHANNEL => BSS_CHANNEL
2026-03-05 11:06:27,673 <4>Jan 29 06:44:03 BZ2,002722b6662b,v4.3.28.11361: kernel: [  903.747634] HSM: scan: transition FOREIGN_CHANNEL => BSS_CHANNEL
2026-03-05 11:06:29,282 {2ab0 e502} [  905.367650] HSM: scan: transition BSS_CHANNEL => FOREIGN_CHANNEL
2026-03-05 11:06:29,296 <4>Jan 29 06:44:05 BZ2,002722b6662b,v4.3.28.11361: kernel: [  905.367650] HSM: scan: transition BSS_CHANNEL => FOREIGN_CHANNEL
2026-03-05 11:06:29,412 {2ab0 e502} [  905.497641] HSM: scan: transition FOREIGN_CHANNEL => BSS_CHANNEL
2026-03-05 11:06:29,422 <4>Jan 29 06:44:05 BZ2,002722b6662b,v4.3.28.11361: kernel: [  905.497641] HSM: scan: transition FOREIGN_CHANNEL => BSS_CHANNEL
2026-03-05 11:06:31,000 <11>Jan 29 06:44:06 BZ2,002722b6662b,v4.3.28.11361: : uplink-monitor[4697]: uplink-monitor.get_link_info(): uplink addr is null
2026-03-05 11:06:31,032 {2ab0 e502} [  907.117671] HSM: scan: transition BSS_CHANNEL => FOREIGN_CHANNEL
2026-03-05 11:06:31,046 <4>Jan 29 06:44:06 BZ2,002722b6662b,v4.3.28.11361: kernel: [  907.117671] HSM: scan: transition BSS_CHANNEL => FOREIGN_CHANNEL
2026-03-05 11:06:31,162 {2ab0 e502} [  907.247891] HSM: scan: transition FOREIGN_CHANNEL => BSS_CHANNEL
2026-03-05 11:06:31,172 <4>Jan 29 06:44:06 BZ2,002722b6662b,v4.3.28.11361: kernel: [  907.247891] HSM: scan: transition FOREIGN_CHANNEL => BSS_CHANNEL
2026-03-05 11:06:32,782 {2ab0 e502} [  908.867625] HSM: scan: transition BSS_CHANNEL => FOREIGN_CHANNEL
2026-03-05 11:06:32,798 <4>Jan 29 06:44:08 BZ2,002722b6662b,v4.3.28.11361: kernel: [  908.867625] HSM: scan: transition BSS_CHANNEL => FOREIGN_CHANNEL
2026-03-05 11:06:32,912 {2ab0 e502} [  908.997667] HSM: scan: transition FOREIGN_CHANNEL => BSS_CHANNEL
2026-03-05 11:06:32,923 <4>Jan 29 06:44:08 BZ2,002722b6662b,v4.3.28.11361: kernel: [  908.997667] HSM: scan: transition FOREIGN_CHANNEL => BSS_CHANNEL
2026-03-05 11:06:34,532 {2ab0 e502} [  910.617634] HSM: scan: transition BSS_CHANNEL => FOREIGN_CHANNEL
2026-03-05 11:06:34,546 <4>Jan 29 06:44:10 BZ2,002722b6662b,v4.3.28.11361: kernel: [  910.617634] HSM: scan: transition BSS_CHANNEL => FOREIGN_CHANNEL
2026-03-05 11:06:34,662 {2ab0 e502} [  910.747666] HSM: scan: transition FOREIGN_CHANNEL => BSS_CHANNEL
2026-03-05 11:06:34,673 <4>Jan 29 06:44:10 BZ2,002722b6662b,v4.3.28.11361: kernel: [  910.747666] HSM: scan: transition FOREIGN_CHANNEL => BSS_CHANNEL
2026-03-05 11:06:36,282 {2ab0 e502} [  912.367625] HSM: scan: transition BSS_CHANNEL => FOREIGN_CHANNEL
2026-03-05 11:06:36,295 <4>Jan 29 06:44:12 BZ2,002722b6662b,v4.3.28.11361: kernel: [  912.367625] HSM: scan: transition BSS_CHANNEL => FOREIGN_CHANNEL
2026-03-05 11:06:36,412 {2ab0 e502} [  912.497653] HSM: scan: transition FOREIGN_CHANNEL => BSS_CHANNEL
2026-03-05 11:06:36,424 <4>Jan 29 06:44:12 BZ2,002722b6662b,v4.3.28.11361: kernel: [  912.497653] HSM: scan: transition FOREIGN_CHANNEL => BSS_CHANNEL
2026-03-05 11:06:38,032 {2ab0 e502} [  914.117620] HSM: scan: transition BSS_CHANNEL => FOREIGN_CHANNEL
2026-03-05 11:06:38,045 <4>Jan 29 06:44:13 BZ2,002722b6662b,v4.3.28.11361: kernel: [  914.117620] HSM: scan: transition BSS_CHANNEL => FOREIGN_CHANNEL
2026-03-05 11:06:38,162 {2ab0 e502} [  914.247682] HSM: scan: transition FOREIGN_CHANNEL => BSS_CHANNEL
2026-03-05 11:06:38,172 <4>Jan 29 06:44:13 BZ2,002722b6662b,v4.3.28.11361: kernel: [  914.247682] HSM: scan: transition FOREIGN_CHANNEL => BSS_CHANNEL
2026-03-05 11:06:39,782 {2ab0 e502} [  915.867630] HSM: scan: transition BSS_CHANNEL => FOREIGN_CHANNEL
2026-03-05 11:06:39,795 <4>Jan 29 06:44:15 BZ2,002722b6662b,v4.3.28.11361: kernel: [  915.867630] HSM: scan: transition BSS_CHANNEL => FOREIGN_CHANNEL
2026-03-05 11:06:39,918 {2ab0 e502} [  916.002483] HSM: scan: transition FOREIGN_CHANNEL => IDLE
2026-03-05 11:06:39,924 <27>Jan 29 06:44:15 BZ2,002722b6662b,v4.3.28.11361: wpa_supplicant[5322]: driver_atheros_event_wireless: scan result event - SIOCGIWSCAN
2026-03-05 11:06:39,925 <4>Jan 29 06:44:15 BZ2,002722b6662b,v4.3.28.11361: kernel: [  916.002483] HSM: scan: transition FOREIGN_CHANNEL => IDLE
2026-03-05 11:06:40,946 {2ab0 e502} [  917.031626] HSM: scan: transition IDLE => BSS_CHANNEL
2026-03-05 11:06:40,954 <4>Jan 29 06:44:16 BZ2,002722b6662b,v4.3.28.11361: kernel: [  917.031626] HSM: scan: transition IDLE => BSS_CHANNEL
2026-03-05 11:06:41,422 {2ab0 e502} [  917.507629] HSM: scan: transition BSS_CHANNEL => FOREIGN_CHANNEL
2026-03-05 11:06:41,439 <4>Jan 29 06:44:17 BZ2,002722b6662b,v4.3.28.11361: kernel: [  917.507629] HSM: scan: transition BSS_CHANNEL => FOREIGN_CHANNEL
2026-03-05 11:06:41,553 {2ab0 e502} [  917.637636] HSM: scan: transition FOREIGN_CHANNEL => BSS_CHANNEL
2026-03-05 11:06:41,566 <4>Jan 29 06:44:17 BZ2,002722b6662b,v4.3.28.11361: kernel: [  917.637636] HSM: scan: transition FOREIGN_CHANNEL => BSS_CHANNEL
2026-03-05 11:06:43,182 {2ab0 e502} [  919.267623] HSM: scan: transition BSS_CHANNEL => FOREIGN_CHANNEL
2026-03-05 11:06:43,196 <4>Jan 29 06:44:18 BZ2,002722b6662b,v4.3.28.11361: kernel: [  919.267623] HSM: scan: transition BSS_CHANNEL => FOREIGN_CHANNEL
2026-03-05 11:06:43,312 {2ab0 e502} [  919.397630] HSM: scan: transition FOREIGN_CHANNEL => BSS_CHANNEL
2026-03-05 11:06:43,323 <4>Jan 29 06:44:19 BZ2,002722b6662b,v4.3.28.11361: kernel: [  919.397630] HSM: scan: transition FOREIGN_CHANNEL => BSS_CHANNEL
2026-03-05 11:06:44,932 {2ab0 e502} [  921.017626] HSM: scan: transition BSS_CHANNEL => FOREIGN_CHANNEL
2026-03-05 11:06:44,945 <4>Jan 29 06:44:20 BZ2,002722b6662b,v4.3.28.11361: kernel: [  921.017626] HSM: scan: transition BSS_CHANNEL => FOREIGN_CHANNEL
2026-03-05 11:06:45,062 {2ab0 e502} [  921.147630] HSM: scan: transition FOREIGN_CHANNEL => BSS_CHANNEL
2026-03-05 11:06:45,073 <4>Jan 29 06:44:20 BZ2,002722b6662b,v4.3.28.11361: kernel: [  921.147630] HSM: scan: transition FOREIGN_CHANNEL => BSS_CHANNEL
2026-03-05 11:06:46,477 <11>Jan 29 06:44:22 BZ2,002722b6662b,v4.3.28.11361: : uplink-monitor[4697]: uplink-monitor.get_link_info(): uplink addr is null
2026-03-05 11:06:46,682 {2ab0 e502} [  922.767685] HSM: scan: transition BSS_CHANNEL => FOREIGN_CHANNEL
2026-03-05 11:06:46,696 <4>Jan 29 06:44:22 BZ2,002722b6662b,v4.3.28.11361: kernel: [  922.767685] HSM: scan: transition BSS_CHANNEL => FOREIGN_CHANNEL
2026-03-05 11:06:46,812 {2ab0 e502} [  922.897692] HSM: scan: transition FOREIGN_CHANNEL => BSS_CHANNEL
2026-03-05 11:06:46,823 <4>Jan 29 06:44:22 BZ2,002722b6662b,v4.3.28.11361: kernel: [  922.897692] HSM: scan: transition FOREIGN_CHANNEL => BSS_CHANNEL
2026-03-05 11:06:48,432 {2ab0 e502} [  924.517627] HSM: scan: transition BSS_CHANNEL => FOREIGN_CHANNEL
2026-03-05 11:06:48,446 <4>Jan 29 06:44:24 BZ2,002722b6662b,v4.3.28.11361: kernel: [  924.517627] HSM: scan: transition BSS_CHANNEL => FOREIGN_CHANNEL
2026-03-05 11:06:48,562 {2ab0 e502} [  924.647645] HSM: scan: transition FOREIGN_CHANNEL => BSS_CHANNEL
2026-03-05 11:06:48,573 <4>Jan 29 06:44:24 BZ2,002722b6662b,v4.3.28.11361: kernel: [  924.647645] HSM: scan: transition FOREIGN_CHANNEL => BSS_CHANNEL
2026-03-05 11:06:50,182 {2ab0 e502} [  926.267628] HSM: scan: transition BSS_CHANNEL => FOREIGN_CHANNEL
2026-03-05 11:06:50,196 <4>Jan 29 06:44:25 BZ2,002722b6662b,v4.3.28.11361: kernel: [  926.267628] HSM: scan: transition BSS_CHANNEL => FOREIGN_CHANNEL
2026-03-05 11:06:50,312 {2ab0 e502} [  926.397629] HSM: scan: transition FOREIGN_CHANNEL => BSS_CHANNEL
2026-03-05 11:06:50,323 <4>Jan 29 06:44:26 BZ2,002722b6662b,v4.3.28.11361: kernel: [  926.397629] HSM: scan: transition FOREIGN_CHANNEL => BSS_CHANNEL
2026-03-05 11:06:51,932 {2ab0 e502} [  928.017619] HSM: scan: transition BSS_CHANNEL => FOREIGN_CHANNEL
2026-03-05 11:06:51,946 <4>Jan 29 06:44:27 BZ2,002722b6662b,v4.3.28.11361: kernel: [  928.017619] HSM: scan: transition BSS_CHANNEL => FOREIGN_CHANNEL
2026-03-05 11:06:52,062 {2ab0 e502} [  928.147635] HSM: scan: transition FOREIGN_CHANNEL => BSS_CHANNEL
2026-03-05 11:06:52,073 <4>Jan 29 06:44:27 BZ2,002722b6662b,v4.3.28.11361: kernel: [  928.147635] HSM: scan: transition FOREIGN_CHANNEL => BSS_CHANNEL
2026-03-05 11:06:53,682 {2ab0 e502} [  929.767634] HSM: scan: transition BSS_CHANNEL => FOREIGN_CHANNEL
2026-03-05 11:06:53,696 <4>Jan 29 06:44:29 BZ2,002722b6662b,v4.3.28.11361: kernel: [  929.767634] HSM: scan: transition BSS_CHANNEL => FOREIGN_CHANNEL
2026-03-05 11:06:53,812 {2ab0 e502} [  929.897634] HSM: scan: transition FOREIGN_CHANNEL => BSS_CHANNEL
2026-03-05 11:06:53,823 <4>Jan 29 06:44:29 BZ2,002722b6662b,v4.3.28.11361: kernel: [  929.897634] HSM: scan: transition FOREIGN_CHANNEL => BSS_CHANNEL
2026-03-05 11:06:55,433 {2ab0 e502} [  931.517619] HSM: scan: transition BSS_CHANNEL => FOREIGN_CHANNEL
2026-03-05 11:06:55,446 <4>Jan 29 06:44:31 BZ2,002722b6662b,v4.3.28.11361: kernel: [  931.517619] HSM: scan: transition BSS_CHANNEL => FOREIGN_CHANNEL
2026-03-05 11:06:55,563 {2ab0 e502} [  931.647631] HSM: scan: transition FOREIGN_CHANNEL => BSS_CHANNEL
2026-03-05 11:06:55,573 <4>Jan 29 06:44:31 BZ2,002722b6662b,v4.3.28.11361: kernel: [  931.647631] HSM: scan: transition FOREIGN_CHANNEL => BSS_CHANNEL
2026-03-05 11:06:57,182 {2ab0 e502} [  933.267624] HSM: scan: transition BSS_CHANNEL => FOREIGN_CHANNEL
2026-03-05 11:06:57,196 <4>Jan 29 06:44:32 BZ2,002722b6662b,v4.3.28.11361: kernel: [  933.267624] HSM: scan: transition BSS_CHANNEL => FOREIGN_CHANNEL
2026-03-05 11:06:57,312 {2ab0 e502} [  933.397635] HSM: scan: transition FOREIGN_CHANNEL => BSS_CHANNEL
2026-03-05 11:06:57,323 <4>Jan 29 06:44:33 BZ2,002722b6662b,v4.3.28.11361: kernel: [  933.397635] HSM: scan: transition FOREIGN_CHANNEL => BSS_CHANNEL
2026-03-05 11:06:58,932 {2ab0 e502} [  935.017622] HSM: scan: transition BSS_CHANNEL => FOREIGN_CHANNEL
2026-03-05 11:06:58,946 <4>Jan 29 06:44:34 BZ2,002722b6662b,v4.3.28.11361: kernel: [  935.017622] HSM: scan: transition BSS_CHANNEL => FOREIGN_CHANNEL
2026-03-05 11:06:59,062 {2ab0 e502} [  935.147688] HSM: scan: transition FOREIGN_CHANNEL => BSS_CHANNEL
2026-03-05 11:06:59,073 <4>Jan 29 06:44:34 BZ2,002722b6662b,v4.3.28.11361: kernel: [  935.147688] HSM: scan: transition FOREIGN_CHANNEL => BSS_CHANNEL
2026-03-05 11:07:00,682 {2ab0 e502} [  936.767618] HSM: scan: transition BSS_CHANNEL => FOREIGN_CHANNEL
2026-03-05 11:07:00,696 <4>Jan 29 06:44:36 BZ2,002722b6662b,v4.3.28.11361: kernel: [  936.767618] HSM: scan: transition BSS_CHANNEL => FOREIGN_CHANNEL
2026-03-05 11:07:00,812 {2ab0 e502} [  936.897733] HSM: scan: transition FOREIGN_CHANNEL => BSS_CHANNEL
2026-03-05 11:07:00,823 <4>Jan 29 06:44:36 BZ2,002722b6662b,v4.3.28.11361: kernel: [  936.897733] HSM: scan: transition FOREIGN_CHANNEL => BSS_CHANNEL
2026-03-05 11:07:01,933 <11>Jan 29 06:44:37 BZ2,002722b6662b,v4.3.28.11361: : uplink-monitor[4697]: uplink-monitor.get_link_info(): uplink addr is null
2026-03-05 11:07:02,432 {2ab0 e502} [  938.517617] HSM: scan: transition BSS_CHANNEL => FOREIGN_CHANNEL
2026-03-05 11:07:02,446 <4>Jan 29 06:44:38 BZ2,002722b6662b,v4.3.28.11361: kernel: [  938.517617] HSM: scan: transition BSS_CHANNEL => FOREIGN_CHANNEL
2026-03-05 11:07:02,567 {2ab0 e502} [  938.652522] HSM: scan: transition FOREIGN_CHANNEL => IDLE
2026-03-05 11:07:02,574 <27>Jan 29 06:44:38 BZ2,002722b6662b,v4.3.28.11361: wpa_supplicant[5322]: driver_atheros_event_wireless: scan result event - SIOCGIWSCAN
2026-03-05 11:07:02,575 <4>Jan 29 06:44:38 BZ2,002722b6662b,v4.3.28.11361: kernel: [  938.652522] HSM: scan: transition FOREIGN_CHANNEL => IDLE
2026-03-05 11:07:03,596 {2ab0 e502} [  939.681646] HSM: scan: transition IDLE => BSS_CHANNEL
2026-03-05 11:07:03,603 <4>Jan 29 06:44:39 BZ2,002722b6662b,v4.3.28.11361: kernel: [  939.681646] HSM: scan: transition IDLE => BSS_CHANNEL
2026-03-05 11:07:04,072 {2ab0 e502} [  940.157621] HSM: scan: transition BSS_CHANNEL => FOREIGN_CHANNEL
2026-03-05 11:07:04,086 <4>Jan 29 06:44:39 BZ2,002722b6662b,v4.3.28.11361: kernel: [  940.157621] HSM: scan: transition BSS_CHANNEL => FOREIGN_CHANNEL
2026-03-05 11:07:04,202 {2ab0 e502} [  940.287641] HSM: scan: transition FOREIGN_CHANNEL => BSS_CHANNEL
2026-03-05 11:07:04,216 <4>Jan 29 06:44:39 BZ2,002722b6662b,v4.3.28.11361: kernel: [  940.287641] HSM: scan: transition FOREIGN_CHANNEL => BSS_CHANNEL
2026-03-05 11:07:05,832 {2ab0 e502} [  941.917686] HSM: scan: transition BSS_CHANNEL => FOREIGN_CHANNEL
2026-03-05 11:07:05,847 <4>Jan 29 06:44:41 BZ2,002722b6662b,v4.3.28.11361: kernel: [  941.917686] HSM: scan: transition BSS_CHANNEL => FOREIGN_CHANNEL
2026-03-05 11:07:05,964 {2ab0 e502} [  942.047669] HSM: scan: transition FOREIGN_CHANNEL => BSS_CHANNEL
2026-03-05 11:07:05,973 <4>Jan 29 06:44:41 BZ2,002722b6662b,v4.3.28.11361: kernel: [  942.047669] HSM: scan: transition FOREIGN_CHANNEL => BSS_CHANNEL
2026-03-05 11:07:07,582 {2ab0 e502} [  943.667625] HSM: scan: transition BSS_CHANNEL => FOREIGN_CHANNEL
2026-03-05 11:07:07,598 <4>Jan 29 06:44:43 BZ2,002722b6662b,v4.3.28.11361: kernel: [  943.667625] HSM: scan: transition BSS_CHANNEL => FOREIGN_CHANNEL
2026-03-05 11:07:07,712 {2ab0 e502} [  943.797646] HSM: scan: transition FOREIGN_CHANNEL => BSS_CHANNEL
2026-03-05 11:07:07,723 <4>Jan 29 06:44:43 BZ2,002722b6662b,v4.3.28.11361: kernel: [  943.797646] HSM: scan: transition FOREIGN_CHANNEL => BSS_CHANNEL
2026-03-05 11:07:09,332 {2ab0 e502} [  945.417627] HSM: scan: transition BSS_CHANNEL => FOREIGN_CHANNEL
2026-03-05 11:07:09,352 <4>Jan 29 06:44:45 BZ2,002722b6662b,v4.3.28.11361: kernel: [  945.417627] HSM: scan: transition BSS_CHANNEL => FOREIGN_CHANNEL
2026-03-05 11:07:09,462 {2ab0 e502} [  945.547634] HSM: scan: transition FOREIGN_CHANNEL => BSS_CHANNEL
2026-03-05 11:07:09,474 <4>Jan 29 06:44:45 BZ2,002722b6662b,v4.3.28.11361: kernel: [  945.547634] HSM: scan: transition FOREIGN_CHANNEL => BSS_CHANNEL
2026-03-05 11:07:11,082 {2ab0 e502} [  947.167627] HSM: scan: transition BSS_CHANNEL => FOREIGN_CHANNEL
2026-03-05 11:07:11,096 <4>Jan 29 06:44:46 BZ2,002722b6662b,v4.3.28.11361: kernel: [  947.167627] HSM: scan: transition BSS_CHANNEL => FOREIGN_CHANNEL
2026-03-05 11:07:11,212 {2ab0 e502} [  947.297634] HSM: scan: transition FOREIGN_CHANNEL => BSS_CHANNEL
2026-03-05 11:07:11,224 <4>Jan 29 06:44:46 BZ2,002722b6662b,v4.3.28.11361: kernel: [  947.297634] HSM: scan: transition FOREIGN_CHANNEL => BSS_CHANNEL
2026-03-05 11:07:12,832 {2ab0 e502} [  948.917618] HSM: scan: transition BSS_CHANNEL => FOREIGN_CHANNEL
2026-03-05 11:07:12,846 <4>Jan 29 06:44:48 BZ2,002722b6662b,v4.3.28.11361: kernel: [  948.917618] HSM: scan: transition BSS_CHANNEL => FOREIGN_CHANNEL
2026-03-05 11:07:12,962 {2ab0 e502} [  949.047632] HSM: scan: transition FOREIGN_CHANNEL => BSS_CHANNEL
2026-03-05 11:07:12,973 <4>Jan 29 06:44:48 BZ2,002722b6662b,v4.3.28.11361: kernel: [  949.047632] HSM: scan: transition FOREIGN_CHANNEL => BSS_CHANNEL
2026-03-05 11:07:14,582 {2ab0 e502} [  950.667635] HSM: scan: transition BSS_CHANNEL => FOREIGN_CHANNEL
2026-03-05 11:07:14,596 <4>Jan 29 06:44:50 BZ2,002722b6662b,v4.3.28.11361: kernel: [  950.667635] HSM: scan: transition BSS_CHANNEL => FOREIGN_CHANNEL
2026-03-05 11:07:14,714 {2ab0 e502} [  950.797634] HSM: scan: transition FOREIGN_CHANNEL => BSS_CHANNEL
2026-03-05 11:07:14,724 <4>Jan 29 06:44:50 BZ2,002722b6662b,v4.3.28.11361: kernel: [  950.797634] HSM: scan: transition FOREIGN_CHANNEL => BSS_CHANNEL
2026-03-05 11:07:16,332 {2ab0 e502} [  952.417619] HSM: scan: transition BSS_CHANNEL => FOREIGN_CHANNEL
2026-03-05 11:07:16,346 <4>Jan 29 06:44:52 BZ2,002722b6662b,v4.3.28.11361: kernel: [  952.417619] HSM: scan: transition BSS_CHANNEL => FOREIGN_CHANNEL
2026-03-05 11:07:16,462 {2ab0 e502} [  952.547627] HSM: scan: transition FOREIGN_CHANNEL => BSS_CHANNEL
2026-03-05 11:07:16,474 <4>Jan 29 06:44:52 BZ2,002722b6662b,v4.3.28.11361: kernel: [  952.547627] HSM: scan: transition FOREIGN_CHANNEL => BSS_CHANNEL
2026-03-05 11:07:17,368 <11>Jan 29 06:44:53 BZ2,002722b6662b,v4.3.28.11361: : uplink-monitor[4697]: uplink-monitor.get_link_info(): uplink addr is null
2026-03-05 11:07:18,082 {2ab0 e502} [  954.167625] HSM: scan: transition BSS_CHANNEL => FOREIGN_CHANNEL
2026-03-05 11:07:18,096 <4>Jan 29 06:44:53 BZ2,002722b6662b,v4.3.28.11361: kernel: [  954.167625] HSM: scan: transition BSS_CHANNEL => FOREIGN_CHANNEL
2026-03-05 11:07:18,212 {2ab0 e502} [  954.297630] HSM: scan: transition FOREIGN_CHANNEL => BSS_CHANNEL
2026-03-05 11:07:18,224 <4>Jan 29 06:44:53 BZ2,002722b6662b,v4.3.28.11361: kernel: [  954.297630] HSM: scan: transition FOREIGN_CHANNEL => BSS_CHANNEL
2026-03-05 11:07:19,832 {2ab0 e502} [  955.917622] HSM: scan: transition BSS_CHANNEL => FOREIGN_CHANNEL
2026-03-05 11:07:19,846 <4>Jan 29 06:44:55 BZ2,002722b6662b,v4.3.28.11361: kernel: [  955.917622] HSM: scan: transition BSS_CHANNEL => FOREIGN_CHANNEL
2026-03-05 11:07:19,962 {2ab0 e502} [  956.047665] HSM: scan: transition FOREIGN_CHANNEL => BSS_CHANNEL
2026-03-05 11:07:19,973 <4>Jan 29 06:44:55 BZ2,002722b6662b,v4.3.28.11361: kernel: [  956.047665] HSM: scan: transition FOREIGN_CHANNEL => BSS_CHANNEL
2026-03-05 11:07:21,583 {2ab0 e502} [  957.667618] HSM: scan: transition BSS_CHANNEL => FOREIGN_CHANNEL
2026-03-05 11:07:21,596 <4>Jan 29 06:44:57 BZ2,002722b6662b,v4.3.28.11361: kernel: [  957.667618] HSM: scan: transition BSS_CHANNEL => FOREIGN_CHANNEL
2026-03-05 11:07:21,713 {2ab0 e502} [  957.797637] HSM: scan: transition FOREIGN_CHANNEL => BSS_CHANNEL
2026-03-05 11:07:21,724 <4>Jan 29 06:44:57 BZ2,002722b6662b,v4.3.28.11361: kernel: [  957.797637] HSM: scan: transition FOREIGN_CHANNEL => BSS_CHANNEL
2026-03-05 11:07:23,332 {2ab0 e502} [  959.417629] HSM: scan: transition BSS_CHANNEL => FOREIGN_CHANNEL
2026-03-05 11:07:23,346 <4>Jan 29 06:44:59 BZ2,002722b6662b,v4.3.28.11361: kernel: [  959.417629] HSM: scan: transition BSS_CHANNEL => FOREIGN_CHANNEL
2026-03-05 11:07:23,463 {2ab0 e502} [  959.547642] HSM: scan: transition FOREIGN_CHANNEL => BSS_CHANNEL
2026-03-05 11:07:23,473 <4>Jan 29 06:44:59 BZ2,002722b6662b,v4.3.28.11361: kernel: [  959.547642] HSM: scan: transition FOREIGN_CHANNEL => BSS_CHANNEL
2026-03-05 11:07:25,083 {2ab0 e502} [  961.167626] HSM: scan: transition BSS_CHANNEL => FOREIGN_CHANNEL
2026-03-05 11:07:25,096 <4>Jan 29 06:45:00 BZ2,002722b6662b,v4.3.28.11361: kernel: [  961.167626] HSM: scan: transition BSS_CHANNEL => FOREIGN_CHANNEL
2026-03-05 11:07:25,217 {2ab0 e502} [  961.302556] HSM: scan: transition FOREIGN_CHANNEL => IDLE
2026-03-05 11:07:25,227 <4>Jan 29 06:45:00 BZ2,002722b6662b,v4.3.28.11361: kernel: [  961.302556] HSM: scan: transition FOREIGN_CHANNEL => IDLE
2026-03-05 11:07:25,229 <27>Jan 29 06:45:00 BZ2,002722b6662b,v4.3.28.11361: wpa_supplicant[5322]: driver_atheros_event_wireless: scan result event - SIOCGIWSCAN
2026-03-05 11:07:26,247 {2ab0 e502} [  962.331636] HSM: scan: transition IDLE => BSS_CHANNEL
2026-03-05 11:07:26,253 <4>Jan 29 06:45:02 BZ2,002722b6662b,v4.3.28.11361: kernel: [  962.331636] HSM: scan: transition IDLE => BSS_CHANNEL
2026-03-05 11:07:26,722 {2ab0 e502} [  962.807623] HSM: scan: transition BSS_CHANNEL => FOREIGN_CHANNEL
2026-03-05 11:07:26,738 <4>Jan 29 06:45:02 BZ2,002722b6662b,v4.3.28.11361: kernel: [  962.807623] HSM: scan: transition BSS_CHANNEL => FOREIGN_CHANNEL
2026-03-05 11:07:26,852 {2ab0 e502} [  962.937633] HSM: scan: transition FOREIGN_CHANNEL => BSS_CHANNEL
2026-03-05 11:07:26,866 <4>Jan 29 06:45:02 BZ2,002722b6662b,v4.3.28.11361: kernel: [  962.937633] HSM: scan: transition FOREIGN_CHANNEL => BSS_CHANNEL
2026-03-05 11:07:28,482 {2ab0 e502} [  964.567619] HSM: scan: transition BSS_CHANNEL => FOREIGN_CHANNEL
2026-03-05 11:07:28,496 <4>Jan 29 06:45:04 BZ2,002722b6662b,v4.3.28.11361: kernel: [  964.567619] HSM: scan: transition BSS_CHANNEL => FOREIGN_CHANNEL
2026-03-05 11:07:28,612 {2ab0 e502} [  964.697645] HSM: scan: transition FOREIGN_CHANNEL => BSS_CHANNEL
2026-03-05 11:07:28,624 <4>Jan 29 06:45:04 BZ2,002722b6662b,v4.3.28.11361: kernel: [  964.697645] HSM: scan: transition FOREIGN_CHANNEL => BSS_CHANNEL
2026-03-05 11:07:30,233 {2ab0 e502} [  966.317621] HSM: scan: transition BSS_CHANNEL => FOREIGN_CHANNEL
2026-03-05 11:07:30,246 <4>Jan 29 06:45:06 BZ2,002722b6662b,v4.3.28.11361: kernel: [  966.317621] HSM: scan: transition BSS_CHANNEL => FOREIGN_CHANNEL
2026-03-05 11:07:30,362 {2ab0 e502} [  966.447652] HSM: scan: transition FOREIGN_CHANNEL => BSS_CHANNEL
2026-03-05 11:07:30,374 <4>Jan 29 06:45:06 BZ2,002722b6662b,v4.3.28.11361: kernel: [  966.447652] HSM: scan: transition FOREIGN_CHANNEL => BSS_CHANNEL
2026-03-05 11:07:31,982 {2ab0 e502} [  968.067620] HSM: scan: transition BSS_CHANNEL => FOREIGN_CHANNEL
2026-03-05 11:07:31,996 <4>Jan 29 06:45:07 BZ2,002722b6662b,v4.3.28.11361: kernel: [  968.067620] HSM: scan: transition BSS_CHANNEL => FOREIGN_CHANNEL
2026-03-05 11:07:32,113 {2ab0 e502} [  968.197681] HSM: scan: transition FOREIGN_CHANNEL => BSS_CHANNEL
2026-03-05 11:07:32,123 <4>Jan 29 06:45:07 BZ2,002722b6662b,v4.3.28.11361: kernel: [  968.197681] HSM: scan: transition FOREIGN_CHANNEL => BSS_CHANNEL
2026-03-05 11:07:32,798 <11>Jan 29 06:45:08 BZ2,002722b6662b,v4.3.28.11361: : uplink-monitor[4697]: uplink-monitor.get_link_info(): uplink addr is null
2026-03-05 11:07:33,732 {2ab0 e502} [  969.817622] HSM: scan: transition BSS_CHANNEL => FOREIGN_CHANNEL
2026-03-05 11:07:33,746 <4>Jan 29 06:45:09 BZ2,002722b6662b,v4.3.28.11361: kernel: [  969.817622] HSM: scan: transition BSS_CHANNEL => FOREIGN_CHANNEL
2026-03-05 11:07:33,862 {2ab0 e502} [  969.947637] HSM: scan: transition FOREIGN_CHANNEL => BSS_CHANNEL
2026-03-05 11:07:33,874 <4>Jan 29 06:45:09 BZ2,002722b6662b,v4.3.28.11361: kernel: [  969.947637] HSM: scan: transition FOREIGN_CHANNEL => BSS_CHANNEL
2026-03-05 11:07:35,483 {2ab0 e502} [  971.567629] HSM: scan: transition BSS_CHANNEL => FOREIGN_CHANNEL
2026-03-05 11:07:35,496 <4>Jan 29 06:45:11 BZ2,002722b6662b,v4.3.28.11361: kernel: [  971.567629] HSM: scan: transition BSS_CHANNEL => FOREIGN_CHANNEL
2026-03-05 11:07:35,613 {2ab0 e502} [  971.697626] HSM: scan: transition FOREIGN_CHANNEL => BSS_CHANNEL
2026-03-05 11:07:35,624 <4>Jan 29 06:45:11 BZ2,002722b6662b,v4.3.28.11361: kernel: [  971.697626] HSM: scan: transition FOREIGN_CHANNEL => BSS_CHANNEL
2026-03-05 11:07:37,233 {2ab0 e502} [  973.317621] HSM: scan: transition BSS_CHANNEL => FOREIGN_CHANNEL
2026-03-05 11:07:37,246 <4>Jan 29 06:45:13 BZ2,002722b6662b,v4.3.28.11361: kernel: [  973.317621] HSM: scan: transition BSS_CHANNEL => FOREIGN_CHANNEL
2026-03-05 11:07:37,362 {2ab0 e502} [  973.447634] HSM: scan: transition FOREIGN_CHANNEL => BSS_CHANNEL
2026-03-05 11:07:37,374 <4>Jan 29 06:45:13 BZ2,002722b6662b,v4.3.28.11361: kernel: [  973.447634] HSM: scan: transition FOREIGN_CHANNEL => BSS_CHANNEL
2026-03-05 11:07:38,983 {2ab0 e502} [  975.067624] HSM: scan: transition BSS_CHANNEL => FOREIGN_CHANNEL
2026-03-05 11:07:38,997 <4>Jan 29 06:45:14 BZ2,002722b6662b,v4.3.28.11361: kernel: [  975.067624] HSM: scan: transition BSS_CHANNEL => FOREIGN_CHANNEL
2026-03-05 11:07:39,113 {2ab0 e502} [  975.197629] HSM: scan: transition FOREIGN_CHANNEL => BSS_CHANNEL
2026-03-05 11:07:39,124 <4>Jan 29 06:45:14 BZ2,002722b6662b,v4.3.28.11361: kernel: [  975.197629] HSM: scan: transition FOREIGN_CHANNEL => BSS_CHANNEL
2026-03-05 11:07:40,733 {2ab0 e502} [  976.817616] HSM: scan: transition BSS_CHANNEL => FOREIGN_CHANNEL
2026-03-05 11:07:40,746 <4>Jan 29 06:45:16 BZ2,002722b6662b,v4.3.28.11361: kernel: [  976.817616] HSM: scan: transition BSS_CHANNEL => FOREIGN_CHANNEL
2026-03-05 11:07:40,863 {2ab0 e502} [  976.947635] HSM: scan: transition FOREIGN_CHANNEL => BSS_CHANNEL
2026-03-05 11:07:40,874 <4>Jan 29 06:45:16 BZ2,002722b6662b,v4.3.28.11361: kernel: [  976.947635] HSM: scan: transition FOREIGN_CHANNEL => BSS_CHANNEL
2026-03-05 11:07:42,483 {2ab0 e502} [  978.567619] HSM: scan: transition BSS_CHANNEL => FOREIGN_CHANNEL
2026-03-05 11:07:42,496 <4>Jan 29 06:45:18 BZ2,002722b6662b,v4.3.28.11361: kernel: [  978.567619] HSM: scan: transition BSS_CHANNEL => FOREIGN_CHANNEL
2026-03-05 11:07:42,613 {2ab0 e502} [  978.697635] HSM: scan: transition FOREIGN_CHANNEL => BSS_CHANNEL
2026-03-05 11:07:42,624 <4>Jan 29 06:45:18 BZ2,002722b6662b,v4.3.28.11361: kernel: [  978.697635] HSM: scan: transition FOREIGN_CHANNEL => BSS_CHANNEL
2026-03-05 11:07:44,233 {2ab0 e502} [  980.317624] HSM: scan: transition BSS_CHANNEL => FOREIGN_CHANNEL
2026-03-05 11:07:44,246 <4>Jan 29 06:45:20 BZ2,002722b6662b,v4.3.28.11361: kernel: [  980.317624] HSM: scan: transition BSS_CHANNEL => FOREIGN_CHANNEL
2026-03-05 11:07:44,365 {2ab0 e502} [  980.447653] HSM: scan: transition FOREIGN_CHANNEL => BSS_CHANNEL
2026-03-05 11:07:44,374 <4>Jan 29 06:45:20 BZ2,002722b6662b,v4.3.28.11361: kernel: [  980.447653] HSM: scan: transition FOREIGN_CHANNEL => BSS_CHANNEL
2026-03-05 11:07:45,983 {2ab0 e502} [  982.067628] HSM: scan: transition BSS_CHANNEL => FOREIGN_CHANNEL
2026-03-05 11:07:46,004 <4>Jan 29 06:45:21 BZ2,002722b6662b,v4.3.28.11361: kernel: [  982.067628] HSM: scan: transition BSS_CHANNEL => FOREIGN_CHANNEL
2026-03-05 11:07:46,113 {2ab0 e502} [  982.197652] HSM: scan: transition FOREIGN_CHANNEL => BSS_CHANNEL
2026-03-05 11:07:46,123 <4>Jan 29 06:45:21 BZ2,002722b6662b,v4.3.28.11361: kernel: [  982.197652] HSM: scan: transition FOREIGN_CHANNEL => BSS_CHANNEL
2026-03-05 11:07:47,733 {2ab0 e502} [  983.817625] HSM: scan: transition BSS_CHANNEL => FOREIGN_CHANNEL
2026-03-05 11:07:47,746 <4>Jan 29 06:45:23 BZ2,002722b6662b,v4.3.28.11361: kernel: [  983.817625] HSM: scan: transition BSS_CHANNEL => FOREIGN_CHANNEL
2026-03-05 11:07:47,868 {2ab0 e502} [  983.952485] HSM: scan: transition FOREIGN_CHANNEL => IDLE
2026-03-05 11:07:47,875 <27>Jan 29 06:45:23 BZ2,002722b6662b,v4.3.28.11361: wpa_supplicant[5322]: driver_atheros_event_wireless: scan result event - SIOCGIWSCAN
2026-03-05 11:07:47,876 <4>Jan 29 06:45:23 BZ2,002722b6662b,v4.3.28.11361: kernel: [  983.952485] HSM: scan: transition FOREIGN_CHANNEL => IDLE
2026-03-05 11:07:48,219 <11>Jan 29 06:45:23 BZ2,002722b6662b,v4.3.28.11361: : uplink-monitor[4697]: uplink-monitor.get_link_info(): uplink addr is null
2026-03-05 11:07:48,897 {2ab0 e502} [  984.981628] HSM: scan: transition IDLE => BSS_CHANNEL
2026-03-05 11:07:48,903 <4>Jan 29 06:45:24 BZ2,002722b6662b,v4.3.28.11361: kernel: [  984.981628] HSM: scan: transition IDLE => BSS_CHANNEL
2026-03-05 11:07:49,373 {2ab0 e502} [  985.457624] HSM: scan: transition BSS_CHANNEL => FOREIGN_CHANNEL
2026-03-05 11:07:49,387 <4>Jan 29 06:45:25 BZ2,002722b6662b,v4.3.28.11361: kernel: [  985.457624] HSM: scan: transition BSS_CHANNEL => FOREIGN_CHANNEL
2026-03-05 11:07:49,503 {2ab0 e502} [  985.587631] HSM: scan: transition FOREIGN_CHANNEL => BSS_CHANNEL
2026-03-05 11:07:49,517 <4>Jan 29 06:45:25 BZ2,002722b6662b,v4.3.28.11361: kernel: [  985.587631] HSM: scan: transition FOREIGN_CHANNEL => BSS_CHANNEL
2026-03-05 11:07:51,133 {2ab0 e502} [  987.217619] HSM: scan: transition BSS_CHANNEL => FOREIGN_CHANNEL
2026-03-05 11:07:51,146 <4>Jan 29 06:45:26 BZ2,002722b6662b,v4.3.28.11361: kernel: [  987.217619] HSM: scan: transition BSS_CHANNEL => FOREIGN_CHANNEL
2026-03-05 11:07:51,263 {2ab0 e502} [  987.347652] HSM: scan: transition FOREIGN_CHANNEL => BSS_CHANNEL
2026-03-05 11:07:51,274 <4>Jan 29 06:45:27 BZ2,002722b6662b,v4.3.28.11361: kernel: [  987.347652] HSM: scan: transition FOREIGN_CHANNEL => BSS_CHANNEL
2026-03-05 11:07:52,883 {2ab0 e502} [  988.967618] HSM: scan: transition BSS_CHANNEL => FOREIGN_CHANNEL
2026-03-05 11:07:52,896 <4>Jan 29 06:45:28 BZ2,002722b6662b,v4.3.28.11361: kernel: [  988.967618] HSM: scan: transition BSS_CHANNEL => FOREIGN_CHANNEL
2026-03-05 11:07:53,013 {2ab0 e502} [  989.097637] HSM: scan: transition FOREIGN_CHANNEL => BSS_CHANNEL
2026-03-05 11:07:53,024 <4>Jan 29 06:45:28 BZ2,002722b6662b,v4.3.28.11361: kernel: [  989.097637] HSM: scan: transition FOREIGN_CHANNEL => BSS_CHANNEL
2026-03-05 11:07:54,633 {2ab0 e502} [  990.717623] HSM: scan: transition BSS_CHANNEL => FOREIGN_CHANNEL
2026-03-05 11:07:54,651 <4>Jan 29 06:45:30 BZ2,002722b6662b,v4.3.28.11361: kernel: [  990.717623] HSM: scan: transition BSS_CHANNEL => FOREIGN_CHANNEL
2026-03-05 11:07:54,763 {2ab0 e502} [  990.847635] HSM: scan: transition FOREIGN_CHANNEL => BSS_CHANNEL
2026-03-05 11:07:54,774 <4>Jan 29 06:45:30 BZ2,002722b6662b,v4.3.28.11361: kernel: [  990.847635] HSM: scan: transition FOREIGN_CHANNEL => BSS_CHANNEL
2026-03-05 11:07:56,383 {2ab0 e502} [  992.467683] HSM: scan: transition BSS_CHANNEL => FOREIGN_CHANNEL
2026-03-05 11:07:56,397 <4>Jan 29 06:45:32 BZ2,002722b6662b,v4.3.28.11361: kernel: [  992.467683] HSM: scan: transition BSS_CHANNEL => FOREIGN_CHANNEL
2026-03-05 11:07:56,513 {2ab0 e502} [  992.597655] HSM: scan: transition FOREIGN_CHANNEL => BSS_CHANNEL
2026-03-05 11:07:56,523 <4>Jan 29 06:45:32 BZ2,002722b6662b,v4.3.28.11361: kernel: [  992.597655] HSM: scan: transition FOREIGN_CHANNEL => BSS_CHANNEL
2026-03-05 11:07:58,133 {2ab0 e502} [  994.217619] HSM: scan: transition BSS_CHANNEL => FOREIGN_CHANNEL
2026-03-05 11:07:58,147 <4>Jan 29 06:45:33 BZ2,002722b6662b,v4.3.28.11361: kernel: [  994.217619] HSM: scan: transition BSS_CHANNEL => FOREIGN_CHANNEL
2026-03-05 11:07:58,263 {2ab0 e502} [  994.347629] HSM: scan: transition FOREIGN_CHANNEL => BSS_CHANNEL
2026-03-05 11:07:58,274 <4>Jan 29 06:45:34 BZ2,002722b6662b,v4.3.28.11361: kernel: [  994.347629] HSM: scan: transition FOREIGN_CHANNEL => BSS_CHANNEL
2026-03-05 11:07:59,884 {2ab0 e502} [  995.967619] HSM: scan: transition BSS_CHANNEL => FOREIGN_CHANNEL
2026-03-05 11:07:59,896 <4>Jan 29 06:45:35 BZ2,002722b6662b,v4.3.28.11361: kernel: [  995.967619] HSM: scan: transition BSS_CHANNEL => FOREIGN_CHANNEL
2026-03-05 11:08:00,013 {2ab0 e502} [  996.097639] HSM: scan: transition FOREIGN_CHANNEL => BSS_CHANNEL
2026-03-05 11:08:00,024 <4>Jan 29 06:45:35 BZ2,002722b6662b,v4.3.28.11361: kernel: [  996.097639] HSM: scan: transition FOREIGN_CHANNEL => BSS_CHANNEL
2026-03-05 11:08:01,633 {2ab0 e502} [  997.717623] HSM: scan: transition BSS_CHANNEL => FOREIGN_CHANNEL
2026-03-05 11:08:01,647 <4>Jan 29 06:45:37 BZ2,002722b6662b,v4.3.28.11361: kernel: [  997.717623] HSM: scan: transition BSS_CHANNEL => FOREIGN_CHANNEL
2026-03-05 11:08:01,763 {2ab0 e502} [  997.847634] HSM: scan: transition FOREIGN_CHANNEL => BSS_CHANNEL
2026-03-05 11:08:01,774 <4>Jan 29 06:45:37 BZ2,002722b6662b,v4.3.28.11361: kernel: [  997.847634] HSM: scan: transition FOREIGN_CHANNEL => BSS_CHANNEL
2026-03-05 11:08:03,383 {2ab0 e502} [  999.467626] HSM: scan: transition BSS_CHANNEL => FOREIGN_CHANNEL
2026-03-05 11:08:03,397 <4>Jan 29 06:45:39 BZ2,002722b6662b,v4.3.28.11361: kernel: [  999.467626] HSM: scan: transition BSS_CHANNEL => FOREIGN_CHANNEL
2026-03-05 11:08:03,513 {2ab0 e502} [  999.597633] HSM: scan: transition FOREIGN_CHANNEL => BSS_CHANNEL
2026-03-05 11:08:03,524 <4>Jan 29 06:45:39 BZ2,002722b6662b,v4.3.28.11361: kernel: [  999.597633] HSM: scan: transition FOREIGN_CHANNEL => BSS_CHANNEL
2026-03-05 11:08:03,640 <11>Jan 29 06:45:39 BZ2,002722b6662b,v4.3.28.11361: : uplink-monitor[4697]: uplink-monitor.get_link_info(): uplink addr is null
2026-03-05 11:08:05,133 {2ab0 e502} [ 1001.217619] HSM: scan: transition BSS_CHANNEL => FOREIGN_CHANNEL
2026-03-05 11:08:05,146 <4>Jan 29 06:45:40 BZ2,002722b6662b,v4.3.28.11361: kernel: [ 1001.217619] HSM: scan: transition BSS_CHANNEL => FOREIGN_CHANNEL
2026-03-05 11:08:05,263 {2ab0 e502} [ 1001.347636] HSM: scan: transition FOREIGN_CHANNEL => BSS_CHANNEL
2026-03-05 11:08:05,274 <4>Jan 29 06:45:41 BZ2,002722b6662b,v4.3.28.11361: kernel: [ 1001.347636] HSM: scan: transition FOREIGN_CHANNEL => BSS_CHANNEL
2026-03-05 11:08:06,883 {2ab0 e502} [ 1002.967640] HSM: scan: transition BSS_CHANNEL => FOREIGN_CHANNEL
2026-03-05 11:08:06,898 <4>Jan 29 06:45:42 BZ2,002722b6662b,v4.3.28.11361: kernel: [ 1002.967640] HSM: scan: transition BSS_CHANNEL => FOREIGN_CHANNEL
2026-03-05 11:08:07,013 {2ab0 e502} [ 1003.097694] HSM: scan: transition FOREIGN_CHANNEL => BSS_CHANNEL
2026-03-05 11:08:07,024 <4>Jan 29 06:45:42 BZ2,002722b6662b,v4.3.28.11361: kernel: [ 1003.097694] HSM: scan: transition FOREIGN_CHANNEL => BSS_CHANNEL
2026-03-05 11:08:08,633 {2ab0 e502} [ 1004.717618] HSM: scan: transition BSS_CHANNEL => FOREIGN_CHANNEL
2026-03-05 11:08:08,647 <4>Jan 29 06:45:44 BZ2,002722b6662b,v4.3.28.11361: kernel: [ 1004.717618] HSM: scan: transition BSS_CHANNEL => FOREIGN_CHANNEL
2026-03-05 11:08:08,763 {2ab0 e502} [ 1004.847671] HSM: scan: transition FOREIGN_CHANNEL => BSS_CHANNEL
2026-03-05 11:08:08,774 <4>Jan 29 06:45:44 BZ2,002722b6662b,v4.3.28.11361: kernel: [ 1004.847671] HSM: scan: transition FOREIGN_CHANNEL => BSS_CHANNEL
2026-03-05 11:08:10,383 {2ab0 e502} [ 1006.467618] HSM: scan: transition BSS_CHANNEL => FOREIGN_CHANNEL
2026-03-05 11:08:10,398 <4>Jan 29 06:45:46 BZ2,002722b6662b,v4.3.28.11361: kernel: [ 1006.467618] HSM: scan: transition BSS_CHANNEL => FOREIGN_CHANNEL
2026-03-05 11:08:10,518 {2ab0 e502} [ 1006.602489] HSM: scan: transition FOREIGN_CHANNEL => IDLE
2026-03-05 11:08:10,525 <27>Jan 29 06:45:46 BZ2,002722b6662b,v4.3.28.11361: wpa_supplicant[5322]: driver_atheros_event_wireless: scan result event - SIOCGIWSCAN
2026-03-05 11:08:10,526 <4>Jan 29 06:45:46 BZ2,002722b6662b,v4.3.28.11361: kernel: [ 1006.602489] HSM: scan: transition FOREIGN_CHANNEL => IDLE
2026-03-05 11:08:11,547 {2ab0 e502} [ 1007.631629] HSM: scan: transition IDLE => BSS_CHANNEL
2026-03-05 11:08:11,554 <4>Jan 29 06:45:47 BZ2,002722b6662b,v4.3.28.11361: kernel: [ 1007.631629] HSM: scan: transition IDLE => BSS_CHANNEL
2026-03-05 11:08:12,023 {2ab0 e502} [ 1008.107619] HSM: scan: transition BSS_CHANNEL => FOREIGN_CHANNEL
2026-03-05 11:08:12,036 <4>Jan 29 06:45:47 BZ2,002722b6662b,v4.3.28.11361: kernel: [ 1008.107619] HSM: scan: transition BSS_CHANNEL => FOREIGN_CHANNEL
2026-03-05 11:08:12,153 {2ab0 e502} [ 1008.237635] HSM: scan: transition FOREIGN_CHANNEL => BSS_CHANNEL
2026-03-05 11:08:12,167 <4>Jan 29 06:45:47 BZ2,002722b6662b,v4.3.28.11361: kernel: [ 1008.237635] HSM: scan: transition FOREIGN_CHANNEL => BSS_CHANNEL
2026-03-05 11:08:13,783 {2ab0 e502} [ 1009.867625] HSM: scan: transition BSS_CHANNEL => FOREIGN_CHANNEL
2026-03-05 11:08:13,797 <4>Jan 29 06:45:49 BZ2,002722b6662b,v4.3.28.11361: kernel: [ 1009.867625] HSM: scan: transition BSS_CHANNEL => FOREIGN_CHANNEL
2026-03-05 11:08:13,913 {2ab0 e502} [ 1009.997650] HSM: scan: transition FOREIGN_CHANNEL => BSS_CHANNEL
2026-03-05 11:08:13,924 <4>Jan 29 06:45:49 BZ2,002722b6662b,v4.3.28.11361: kernel: [ 1009.997650] HSM: scan: transition FOREIGN_CHANNEL => BSS_CHANNEL
2026-03-05 11:08:15,533 {2ab0 e502} [ 1011.617619] HSM: scan: transition BSS_CHANNEL => FOREIGN_CHANNEL
2026-03-05 11:08:15,547 <4>Jan 29 06:45:51 BZ2,002722b6662b,v4.3.28.11361: kernel: [ 1011.617619] HSM: scan: transition BSS_CHANNEL => FOREIGN_CHANNEL
2026-03-05 11:08:15,663 {2ab0 e502} [ 1011.747630] HSM: scan: transition FOREIGN_CHANNEL => BSS_CHANNEL
2026-03-05 11:08:15,674 <4>Jan 29 06:45:51 BZ2,002722b6662b,v4.3.28.11361: kernel: [ 1011.747630] HSM: scan: transition FOREIGN_CHANNEL => BSS_CHANNEL
2026-03-05 11:08:17,283 {2ab0 e502} [ 1013.367644] HSM: scan: transition BSS_CHANNEL => FOREIGN_CHANNEL
2026-03-05 11:08:17,297 <4>Jan 29 06:45:53 BZ2,002722b6662b,v4.3.28.11361: kernel: [ 1013.367644] HSM: scan: transition BSS_CHANNEL => FOREIGN_CHANNEL
2026-03-05 11:08:17,414 {2ab0 e502} [ 1013.497657] HSM: scan: transition FOREIGN_CHANNEL => BSS_CHANNEL
2026-03-05 11:08:17,424 <4>Jan 29 06:45:53 BZ2,002722b6662b,v4.3.28.11361: kernel: [ 1013.497657] HSM: scan: transition FOREIGN_CHANNEL => BSS_CHANNEL
2026-03-05 11:08:19,033 {2ab0 e502} [ 1015.117619] HSM: scan: transition BSS_CHANNEL => FOREIGN_CHANNEL
2026-03-05 11:08:19,049 <4>Jan 29 06:45:54 BZ2,002722b6662b,v4.3.28.11361: kernel: [ 1015.117619] HSM: scan: transition BSS_CHANNEL => FOREIGN_CHANNEL
2026-03-05 11:08:19,163 {2ab0 e502} [ 1015.247636] HSM: scan: transition FOREIGN_CHANNEL => BSS_CHANNEL
2026-03-05 11:08:19,175 <4>Jan 29 06:45:54 BZ2,002722b6662b,v4.3.28.11361: kernel: [ 1015.247636] HSM: scan: transition FOREIGN_CHANNEL => BSS_CHANNEL
2026-03-05 11:08:19,249 <11>Jan 29 06:45:55 BZ2,002722b6662b,v4.3.28.11361: : uplink-monitor[4697]: uplink-monitor.get_link_info(): uplink addr is null
2026-03-05 11:08:20,783 {2ab0 e502} [ 1016.867676] HSM: scan: transition BSS_CHANNEL => FOREIGN_CHANNEL
2026-03-05 11:08:20,797 <4>Jan 29 06:45:56 BZ2,002722b6662b,v4.3.28.11361: kernel: [ 1016.867676] HSM: scan: transition BSS_CHANNEL => FOREIGN_CHANNEL
2026-03-05 11:08:20,913 {2ab0 e502} [ 1016.997628] HSM: scan: transition FOREIGN_CHANNEL => BSS_CHANNEL
2026-03-05 11:08:20,924 <4>Jan 29 06:45:56 BZ2,002722b6662b,v4.3.28.11361: kernel: [ 1016.997628] HSM: scan: transition FOREIGN_CHANNEL => BSS_CHANNEL
2026-03-05 11:08:22,533 {2ab0 e502} [ 1018.617683] HSM: scan: transition BSS_CHANNEL => FOREIGN_CHANNEL
2026-03-05 11:08:22,547 <4>Jan 29 06:45:58 BZ2,002722b6662b,v4.3.28.11361: kernel: [ 1018.617683] HSM: scan: transition BSS_CHANNEL => FOREIGN_CHANNEL
2026-03-05 11:08:22,663 {2ab0 e502} [ 1018.747639] HSM: scan: transition FOREIGN_CHANNEL => BSS_CHANNEL
2026-03-05 11:08:22,674 <4>Jan 29 06:45:58 BZ2,002722b6662b,v4.3.28.11361: kernel: [ 1018.747639] HSM: scan: transition FOREIGN_CHANNEL => BSS_CHANNEL
2026-03-05 11:08:24,283 {2ab0 e502} [ 1020.367627] HSM: scan: transition BSS_CHANNEL => FOREIGN_CHANNEL
2026-03-05 11:08:24,297 <4>Jan 29 06:46:00 BZ2,002722b6662b,v4.3.28.11361: kernel: [ 1020.367627] HSM: scan: transition BSS_CHANNEL => FOREIGN_CHANNEL
2026-03-05 11:08:24,413 {2ab0 e502} [ 1020.497700] HSM: scan: transition FOREIGN_CHANNEL => BSS_CHANNEL
2026-03-05 11:08:24,424 <4>Jan 29 06:46:00 BZ2,002722b6662b,v4.3.28.11361: kernel: [ 1020.497700] HSM: scan: transition FOREIGN_CHANNEL => BSS_CHANNEL
2026-03-05 11:08:26,033 {2ab0 e502} [ 1022.117619] HSM: scan: transition BSS_CHANNEL => FOREIGN_CHANNEL
2026-03-05 11:08:26,047 <4>Jan 29 06:46:01 BZ2,002722b6662b,v4.3.28.11361: kernel: [ 1022.117619] HSM: scan: transition BSS_CHANNEL => FOREIGN_CHANNEL
2026-03-05 11:08:26,163 {2ab0 e502} [ 1022.247678] HSM: scan: transition FOREIGN_CHANNEL => BSS_CHANNEL
2026-03-05 11:08:26,174 <4>Jan 29 06:46:01 BZ2,002722b6662b,v4.3.28.11361: kernel: [ 1022.247678] HSM: scan: transition FOREIGN_CHANNEL => BSS_CHANNEL
2026-03-05 11:08:27,784 {2ab0 e502} [ 1023.867678] HSM: scan: transition BSS_CHANNEL => FOREIGN_CHANNEL
2026-03-05 11:08:27,797 <4>Jan 29 06:46:03 BZ2,002722b6662b,v4.3.28.11361: kernel: [ 1023.867678] HSM: scan: transition BSS_CHANNEL => FOREIGN_CHANNEL
2026-03-05 11:08:27,913 {2ab0 e502} [ 1023.997634] HSM: scan: transition FOREIGN_CHANNEL => BSS_CHANNEL
2026-03-05 11:08:27,924 <4>Jan 29 06:46:03 BZ2,002722b6662b,v4.3.28.11361: kernel: [ 1023.997634] HSM: scan: transition FOREIGN_CHANNEL => BSS_CHANNEL
2026-03-05 11:08:29,533 {2ab0 e502} [ 1025.617622] HSM: scan: transition BSS_CHANNEL => FOREIGN_CHANNEL
2026-03-05 11:08:29,547 <4>Jan 29 06:46:05 BZ2,002722b6662b,v4.3.28.11361: kernel: [ 1025.617622] HSM: scan: transition BSS_CHANNEL => FOREIGN_CHANNEL
2026-03-05 11:08:29,663 {2ab0 e502} [ 1025.747639] HSM: scan: transition FOREIGN_CHANNEL => BSS_CHANNEL
2026-03-05 11:08:29,674 <4>Jan 29 06:46:05 BZ2,002722b6662b,v4.3.28.11361: kernel: [ 1025.747639] HSM: scan: transition FOREIGN_CHANNEL => BSS_CHANNEL
2026-03-05 11:08:31,283 {2ab0 e502} [ 1027.367624] HSM: scan: transition BSS_CHANNEL => FOREIGN_CHANNEL
2026-03-05 11:08:31,297 <4>Jan 29 06:46:07 BZ2,002722b6662b,v4.3.28.11361: kernel: [ 1027.367624] HSM: scan: transition BSS_CHANNEL => FOREIGN_CHANNEL
2026-03-05 11:08:31,413 {2ab0 e502} [ 1027.497669] HSM: scan: transition FOREIGN_CHANNEL => BSS_CHANNEL
2026-03-05 11:08:31,424 <4>Jan 29 06:46:07 BZ2,002722b6662b,v4.3.28.11361: kernel: [ 1027.497669] HSM: scan: transition FOREIGN_CHANNEL => BSS_CHANNEL
2026-03-05 11:08:33,033 {2ab0 e502} [ 1029.117620] HSM: scan: transition BSS_CHANNEL => FOREIGN_CHANNEL
2026-03-05 11:08:33,047 <4>Jan 29 06:46:08 BZ2,002722b6662b,v4.3.28.11361: kernel: [ 1029.117620] HSM: scan: transition BSS_CHANNEL => FOREIGN_CHANNEL
2026-03-05 11:08:33,168 {2ab0 e502} [ 1029.252474] HSM: scan: transition FOREIGN_CHANNEL => IDLE
2026-03-05 11:08:33,176 <27>Jan 29 06:46:08 BZ2,002722b6662b,v4.3.28.11361: wpa_supplicant[5322]: driver_atheros_event_wireless: scan result event - SIOCGIWSCAN
2026-03-05 11:08:33,177 <4>Jan 29 06:46:08 BZ2,002722b6662b,v4.3.28.11361: kernel: [ 1029.252474] HSM: scan: transition FOREIGN_CHANNEL => IDLE
2026-03-05 11:08:34,197 {2ab0 e502} [ 1030.281619] HSM: scan: transition IDLE => BSS_CHANNEL
2026-03-05 11:08:34,204 <4>Jan 29 06:46:09 BZ2,002722b6662b,v4.3.28.11361: kernel: [ 1030.281619] HSM: scan: transition IDLE => BSS_CHANNEL
2026-03-05 11:08:34,661 <11>Jan 29 06:46:10 BZ2,002722b6662b,v4.3.28.11361: : uplink-monitor[4697]: uplink-monitor.get_link_info(): uplink addr is null
2026-03-05 11:08:34,673 {2ab0 e502} [ 1030.757669] HSM: scan: transition BSS_CHANNEL => FOREIGN_CHANNEL
2026-03-05 11:08:34,687 <4>Jan 29 06:46:10 BZ2,002722b6662b,v4.3.28.11361: kernel: [ 1030.757669] HSM: scan: transition BSS_CHANNEL => FOREIGN_CHANNEL
2026-03-05 11:08:34,803 {2ab0 e502} [ 1030.887689] HSM: scan: transition FOREIGN_CHANNEL => BSS_CHANNEL
2026-03-05 11:08:34,817 <4>Jan 29 06:46:10 BZ2,002722b6662b,v4.3.28.11361: kernel: [ 1030.887689] HSM: scan: transition FOREIGN_CHANNEL => BSS_CHANNEL
2026-03-05 11:08:36,433 {2ab0 e502} [ 1032.517619] HSM: scan: transition BSS_CHANNEL => FOREIGN_CHANNEL
2026-03-05 11:08:36,447 <4>Jan 29 06:46:12 BZ2,002722b6662b,v4.3.28.11361: kernel: [ 1032.517619] HSM: scan: transition BSS_CHANNEL => FOREIGN_CHANNEL
2026-03-05 11:08:36,566 {2ab0 e502} [ 1032.647634] HSM: scan: transition FOREIGN_CHANNEL => BSS_CHANNEL
2026-03-05 11:08:36,575 <4>Jan 29 06:46:12 BZ2,002722b6662b,v4.3.28.11361: kernel: [ 1032.647634] HSM: scan: transition FOREIGN_CHANNEL => BSS_CHANNEL
2026-03-05 11:08:38,183 {2ab0 e502} [ 1034.267633] HSM: scan: transition BSS_CHANNEL => FOREIGN_CHANNEL
2026-03-05 11:08:38,197 <4>Jan 29 06:46:13 BZ2,002722b6662b,v4.3.28.11361: kernel: [ 1034.267633] HSM: scan: transition BSS_CHANNEL => FOREIGN_CHANNEL
2026-03-05 11:08:38,313 {2ab0 e502} [ 1034.397630] HSM: scan: transition FOREIGN_CHANNEL => BSS_CHANNEL
2026-03-05 11:08:38,324 <4>Jan 29 06:46:14 BZ2,002722b6662b,v4.3.28.11361: kernel: [ 1034.397630] HSM: scan: transition FOREIGN_CHANNEL => BSS_CHANNEL
2026-03-05 11:08:39,934 {2ab0 e502} [ 1036.017626] HSM: scan: transition BSS_CHANNEL => FOREIGN_CHANNEL
2026-03-05 11:08:39,947 <4>Jan 29 06:46:15 BZ2,002722b6662b,v4.3.28.11361: kernel: [ 1036.017626] HSM: scan: transition BSS_CHANNEL => FOREIGN_CHANNEL
2026-03-05 11:08:40,064 {2ab0 e502} [ 1036.147663] HSM: scan: transition FOREIGN_CHANNEL => BSS_CHANNEL
2026-03-05 11:08:40,074 <4>Jan 29 06:46:15 BZ2,002722b6662b,v4.3.28.11361: kernel: [ 1036.147663] HSM: scan: transition FOREIGN_CHANNEL => BSS_CHANNEL
2026-03-05 11:08:41,684 {2ab0 e502} [ 1037.767623] HSM: scan: transition BSS_CHANNEL => FOREIGN_CHANNEL
2026-03-05 11:08:41,697 <4>Jan 29 06:46:17 BZ2,002722b6662b,v4.3.28.11361: kernel: [ 1037.767623] HSM: scan: transition BSS_CHANNEL => FOREIGN_CHANNEL
2026-03-05 11:08:41,814 {2ab0 e502} [ 1037.897636] HSM: scan: transition FOREIGN_CHANNEL => BSS_CHANNEL
2026-03-05 11:08:41,825 <4>Jan 29 06:46:17 BZ2,002722b6662b,v4.3.28.11361: kernel: [ 1037.897636] HSM: scan: transition FOREIGN_CHANNEL => BSS_CHANNEL
2026-03-05 11:08:43,433 {2ab0 e502} [ 1039.517668] HSM: scan: transition BSS_CHANNEL => FOREIGN_CHANNEL
2026-03-05 11:08:43,447 <4>Jan 29 06:46:19 BZ2,002722b6662b,v4.3.28.11361: kernel: [ 1039.517668] HSM: scan: transition BSS_CHANNEL => FOREIGN_CHANNEL
2026-03-05 11:08:43,563 {2ab0 e502} [ 1039.647632] HSM: scan: transition FOREIGN_CHANNEL => BSS_CHANNEL
2026-03-05 11:08:43,575 <4>Jan 29 06:46:19 BZ2,002722b6662b,v4.3.28.11361: kernel: [ 1039.647632] HSM: scan: transition FOREIGN_CHANNEL => BSS_CHANNEL
2026-03-05 11:08:45,183 {2ab0 e502} [ 1041.267630] HSM: scan: transition BSS_CHANNEL => FOREIGN_CHANNEL
2026-03-05 11:08:45,197 <4>Jan 29 06:46:20 BZ2,002722b6662b,v4.3.28.11361: kernel: [ 1041.267630] HSM: scan: transition BSS_CHANNEL => FOREIGN_CHANNEL
2026-03-05 11:08:45,313 {2ab0 e502} [ 1041.397628] HSM: scan: transition FOREIGN_CHANNEL => BSS_CHANNEL
2026-03-05 11:08:45,325 <4>Jan 29 06:46:21 BZ2,002722b6662b,v4.3.28.11361: kernel: [ 1041.397628] HSM: scan: transition FOREIGN_CHANNEL => BSS_CHANNEL
2026-03-05 11:08:46,933 {2ab0 e502} [ 1043.017623] HSM: scan: transition BSS_CHANNEL => FOREIGN_CHANNEL
2026-03-05 11:08:46,947 <4>Jan 29 06:46:22 BZ2,002722b6662b,v4.3.28.11361: kernel: [ 1043.017623] HSM: scan: transition BSS_CHANNEL => FOREIGN_CHANNEL
2026-03-05 11:08:47,063 {2ab0 e502} [ 1043.147634] HSM: scan: transition FOREIGN_CHANNEL => BSS_CHANNEL
2026-03-05 11:08:47,075 <4>Jan 29 06:46:22 BZ2,002722b6662b,v4.3.28.11361: kernel: [ 1043.147634] HSM: scan: transition FOREIGN_CHANNEL => BSS_CHANNEL
2026-03-05 11:08:48,685 {2ab0 e502} [ 1044.767620] HSM: scan: transition BSS_CHANNEL => FOREIGN_CHANNEL
2026-03-05 11:08:48,697 <4>Jan 29 06:46:24 BZ2,002722b6662b,v4.3.28.11361: kernel: [ 1044.767620] HSM: scan: transition BSS_CHANNEL => FOREIGN_CHANNEL
2026-03-05 11:08:48,813 {2ab0 e502} [ 1044.897637] HSM: scan: transition FOREIGN_CHANNEL => BSS_CHANNEL
2026-03-05 11:08:48,825 <4>Jan 29 06:46:24 BZ2,002722b6662b,v4.3.28.11361: kernel: [ 1044.897637] HSM: scan: transition FOREIGN_CHANNEL => BSS_CHANNEL
2026-03-05 11:08:50,126 <11>Jan 29 06:46:25 BZ2,002722b6662b,v4.3.28.11361: : uplink-monitor[4697]: uplink-monitor.get_link_info(): uplink addr is null
2026-03-05 11:08:50,433 {2ab0 e502} [ 1046.517683] HSM: scan: transition BSS_CHANNEL => FOREIGN_CHANNEL
2026-03-05 11:08:50,448 <4>Jan 29 06:46:26 BZ2,002722b6662b,v4.3.28.11361: kernel: [ 1046.517683] HSM: scan: transition BSS_CHANNEL => FOREIGN_CHANNEL
2026-03-05 11:08:50,564 {2ab0 e502} [ 1046.647689] HSM: scan: transition FOREIGN_CHANNEL => BSS_CHANNEL
2026-03-05 11:08:50,576 <4>Jan 29 06:46:26 BZ2,002722b6662b,v4.3.28.11361: kernel: [ 1046.647689] HSM: scan: transition FOREIGN_CHANNEL => BSS_CHANNEL
2026-03-05 11:08:52,184 {2ab0 e502} [ 1048.267618] HSM: scan: transition BSS_CHANNEL => FOREIGN_CHANNEL
2026-03-05 11:08:52,197 <4>Jan 29 06:46:27 BZ2,002722b6662b,v4.3.28.11361: kernel: [ 1048.267618] HSM: scan: transition BSS_CHANNEL => FOREIGN_CHANNEL
2026-03-05 11:08:52,314 {2ab0 e502} [ 1048.397672] HSM: scan: transition FOREIGN_CHANNEL => BSS_CHANNEL
2026-03-05 11:08:52,324 <4>Jan 29 06:46:28 BZ2,002722b6662b,v4.3.28.11361: kernel: [ 1048.397672] HSM: scan: transition FOREIGN_CHANNEL => BSS_CHANNEL
2026-03-05 11:08:53,934 {2ab0 e502} [ 1050.017619] HSM: scan: transition BSS_CHANNEL => FOREIGN_CHANNEL
2026-03-05 11:08:53,947 <4>Jan 29 06:46:29 BZ2,002722b6662b,v4.3.28.11361: kernel: [ 1050.017619] HSM: scan: transition BSS_CHANNEL => FOREIGN_CHANNEL
2026-03-05 11:08:54,064 {2ab0 e502} [ 1050.147708] HSM: scan: transition FOREIGN_CHANNEL => BSS_CHANNEL
2026-03-05 11:08:54,074 <4>Jan 29 06:46:29 BZ2,002722b6662b,v4.3.28.11361: kernel: [ 1050.147708] HSM: scan: transition FOREIGN_CHANNEL => BSS_CHANNEL
2026-03-05 11:08:55,684 {2ab0 e502} [ 1051.767624] HSM: scan: transition BSS_CHANNEL => FOREIGN_CHANNEL
2026-03-05 11:08:55,697 <4>Jan 29 06:46:31 BZ2,002722b6662b,v4.3.28.11361: kernel: [ 1051.767624] HSM: scan: transition BSS_CHANNEL => FOREIGN_CHANNEL
2026-03-05 11:08:55,819 {2ab0 e502} [ 1051.902640] HSM: scan: transition FOREIGN_CHANNEL => IDLE
2026-03-05 11:08:55,826 <27>Jan 29 06:46:31 BZ2,002722b6662b,v4.3.28.11361: wpa_supplicant[5322]: driver_atheros_event_wireless: scan result event - SIOCGIWSCAN
2026-03-05 11:08:55,827 <4>Jan 29 06:46:31 BZ2,002722b6662b,v4.3.28.11361: kernel: [ 1051.902640] HSM: scan: transition FOREIGN_CHANNEL => IDLE
2026-03-05 11:08:56,847 {2ab0 e502} [ 1052.931609] HSM: scan: transition IDLE => BSS_CHANNEL
2026-03-05 11:08:56,854 <4>Jan 29 06:46:32 BZ2,002722b6662b,v4.3.28.11361: kernel: [ 1052.931609] HSM: scan: transition IDLE => BSS_CHANNEL
2026-03-05 11:08:57,323 {2ab0 e502} [ 1053.407613] HSM: scan: transition BSS_CHANNEL => FOREIGN_CHANNEL
2026-03-05 11:08:57,337 <4>Jan 29 06:46:33 BZ2,002722b6662b,v4.3.28.11361: kernel: [ 1053.407613] HSM: scan: transition BSS_CHANNEL => FOREIGN_CHANNEL
2026-03-05 11:08:57,454 {2ab0 e502} [ 1053.537636] HSM: scan: transition FOREIGN_CHANNEL => BSS_CHANNEL
2026-03-05 11:08:57,468 <4>Jan 29 06:46:33 BZ2,002722b6662b,v4.3.28.11361: kernel: [ 1053.537636] HSM: scan: transition FOREIGN_CHANNEL => BSS_CHANNEL
2026-03-05 11:08:59,085 {2ab0 e502} [ 1055.167626] HSM: scan: transition BSS_CHANNEL => FOREIGN_CHANNEL
2026-03-05 11:08:59,097 <4>Jan 29 06:46:34 BZ2,002722b6662b,v4.3.28.11361: kernel: [ 1055.167626] HSM: scan: transition BSS_CHANNEL => FOREIGN_CHANNEL
2026-03-05 11:08:59,214 {2ab0 e502} [ 1055.297643] HSM: scan: transition FOREIGN_CHANNEL => BSS_CHANNEL
2026-03-05 11:08:59,225 <4>Jan 29 06:46:34 BZ2,002722b6662b,v4.3.28.11361: kernel: [ 1055.297643] HSM: scan: transition FOREIGN_CHANNEL => BSS_CHANNEL
2026-03-05 11:09:00,834 {2ab0 e502} [ 1056.917634] HSM: scan: transition BSS_CHANNEL => FOREIGN_CHANNEL
2026-03-05 11:09:00,847 <4>Jan 29 06:46:36 BZ2,002722b6662b,v4.3.28.11361: kernel: [ 1056.917634] HSM: scan: transition BSS_CHANNEL => FOREIGN_CHANNEL
2026-03-05 11:09:00,964 {2ab0 e502} [ 1057.047658] HSM: scan: transition FOREIGN_CHANNEL => BSS_CHANNEL
2026-03-05 11:09:00,975 <4>Jan 29 06:46:36 BZ2,002722b6662b,v4.3.28.11361: kernel: [ 1057.047658] HSM: scan: transition FOREIGN_CHANNEL => BSS_CHANNEL
2026-03-05 11:09:02,584 {2ab0 e502} [ 1058.667629] HSM: scan: transition BSS_CHANNEL => FOREIGN_CHANNEL
2026-03-05 11:09:02,597 <4>Jan 29 06:46:38 BZ2,002722b6662b,v4.3.28.11361: kernel: [ 1058.667629] HSM: scan: transition BSS_CHANNEL => FOREIGN_CHANNEL
2026-03-05 11:09:02,714 {2ab0 e502} [ 1058.797646] HSM: scan: transition FOREIGN_CHANNEL => BSS_CHANNEL
2026-03-05 11:09:02,725 <4>Jan 29 06:46:38 BZ2,002722b6662b,v4.3.28.11361: kernel: [ 1058.797646] HSM: scan: transition FOREIGN_CHANNEL => BSS_CHANNEL
2026-03-05 11:09:04,334 {2ab0 e502} [ 1060.417622] HSM: scan: transition BSS_CHANNEL => FOREIGN_CHANNEL
2026-03-05 11:09:04,347 <4>Jan 29 06:46:40 BZ2,002722b6662b,v4.3.28.11361: kernel: [ 1060.417622] HSM: scan: transition BSS_CHANNEL => FOREIGN_CHANNEL
2026-03-05 11:09:04,464 {2ab0 e502} [ 1060.547633] HSM: scan: transition FOREIGN_CHANNEL => BSS_CHANNEL
2026-03-05 11:09:04,475 <4>Jan 29 06:46:40 BZ2,002722b6662b,v4.3.28.11361: kernel: [ 1060.547633] HSM: scan: transition FOREIGN_CHANNEL => BSS_CHANNEL
2026-03-05 11:09:05,590 <11>Jan 29 06:46:41 BZ2,002722b6662b,v4.3.28.11361: : uplink-monitor[4697]: uplink-monitor.get_link_info(): uplink addr is null
2026-03-05 11:09:06,084 {2ab0 e502} [ 1062.167611] HSM: scan: transition BSS_CHANNEL => FOREIGN_CHANNEL
2026-03-05 11:09:06,097 <4>Jan 29 06:46:41 BZ2,002722b6662b,v4.3.28.11361: kernel: [ 1062.167611] HSM: scan: transition BSS_CHANNEL => FOREIGN_CHANNEL
2026-03-05 11:09:06,214 {2ab0 e502} [ 1062.297634] HSM: scan: transition FOREIGN_CHANNEL => BSS_CHANNEL
2026-03-05 11:09:06,225 <4>Jan 29 06:46:41 BZ2,002722b6662b,v4.3.28.11361: kernel: [ 1062.297634] HSM: scan: transition FOREIGN_CHANNEL => BSS_CHANNEL
2026-03-05 11:09:07,834 {2ab0 e502} [ 1063.917624] HSM: scan: transition BSS_CHANNEL => FOREIGN_CHANNEL
2026-03-05 11:09:07,847 <4>Jan 29 06:46:43 BZ2,002722b6662b,v4.3.28.11361: kernel: [ 1063.917624] HSM: scan: transition BSS_CHANNEL => FOREIGN_CHANNEL
2026-03-05 11:09:07,964 {2ab0 e502} [ 1064.047629] HSM: scan: transition FOREIGN_CHANNEL => BSS_CHANNEL
2026-03-05 11:09:07,975 <4>Jan 29 06:46:43 BZ2,002722b6662b,v4.3.28.11361: kernel: [ 1064.047629] HSM: scan: transition FOREIGN_CHANNEL => BSS_CHANNEL
2026-03-05 11:09:09,584 {2ab0 e502} [ 1065.667625] HSM: scan: transition BSS_CHANNEL => FOREIGN_CHANNEL
2026-03-05 11:09:09,597 <4>Jan 29 06:46:45 BZ2,002722b6662b,v4.3.28.11361: kernel: [ 1065.667625] HSM: scan: transition BSS_CHANNEL => FOREIGN_CHANNEL
2026-03-05 11:09:09,714 {2ab0 e502} [ 1065.797632] HSM: scan: transition FOREIGN_CHANNEL => BSS_CHANNEL
2026-03-05 11:09:09,725 <4>Jan 29 06:46:45 BZ2,002722b6662b,v4.3.28.11361: kernel: [ 1065.797632] HSM: scan: transition FOREIGN_CHANNEL => BSS_CHANNEL
2026-03-05 11:09:11,334 {2ab0 e502} [ 1067.417621] HSM: scan: transition BSS_CHANNEL => FOREIGN_CHANNEL
2026-03-05 11:09:11,348 <4>Jan 29 06:46:47 BZ2,002722b6662b,v4.3.28.11361: kernel: [ 1067.417621] HSM: scan: transition BSS_CHANNEL => FOREIGN_CHANNEL
2026-03-05 11:09:11,464 {2ab0 e502} [ 1067.547631] HSM: scan: transition FOREIGN_CHANNEL => BSS_CHANNEL
2026-03-05 11:09:11,477 <4>Jan 29 06:46:47 BZ2,002722b6662b,v4.3.28.11361: kernel: [ 1067.547631] HSM: scan: transition FOREIGN_CHANNEL => BSS_CHANNEL
2026-03-05 11:09:13,084 {2ab0 e502} [ 1069.167628] HSM: scan: transition BSS_CHANNEL => FOREIGN_CHANNEL
2026-03-05 11:09:13,098 <4>Jan 29 06:46:48 BZ2,002722b6662b,v4.3.28.11361: kernel: [ 1069.167628] HSM: scan: transition BSS_CHANNEL => FOREIGN_CHANNEL
2026-03-05 11:09:13,214 {2ab0 e502} [ 1069.297639] HSM: scan: transition FOREIGN_CHANNEL => BSS_CHANNEL
2026-03-05 11:09:13,226 <4>Jan 29 06:46:48 BZ2,002722b6662b,v4.3.28.11361: kernel: [ 1069.297639] HSM: scan: transition FOREIGN_CHANNEL => BSS_CHANNEL
2026-03-05 11:09:14,834 {2ab0 e502} [ 1070.917648] HSM: scan: transition BSS_CHANNEL => FOREIGN_CHANNEL
2026-03-05 11:09:14,849 <4>Jan 29 06:46:50 BZ2,002722b6662b,v4.3.28.11361: kernel: [ 1070.917648] HSM: scan: transition BSS_CHANNEL => FOREIGN_CHANNEL
2026-03-05 11:09:14,964 {2ab0 e502} [ 1071.047638] HSM: scan: transition FOREIGN_CHANNEL => BSS_CHANNEL
2026-03-05 11:09:14,975 <4>Jan 29 06:46:50 BZ2,002722b6662b,v4.3.28.11361: kernel: [ 1071.047638] HSM: scan: transition FOREIGN_CHANNEL => BSS_CHANNEL
2026-03-05 11:09:16,584 {2ab0 e502} [ 1072.667611] HSM: scan: transition BSS_CHANNEL => FOREIGN_CHANNEL
2026-03-05 11:09:16,598 <4>Jan 29 06:46:52 BZ2,002722b6662b,v4.3.28.11361: kernel: [ 1072.667611] HSM: scan: transition BSS_CHANNEL => FOREIGN_CHANNEL
2026-03-05 11:09:16,714 {2ab0 e502} [ 1072.797667] HSM: scan: transition FOREIGN_CHANNEL => BSS_CHANNEL
2026-03-05 11:09:16,725 <4>Jan 29 06:46:52 BZ2,002722b6662b,v4.3.28.11361: kernel: [ 1072.797667] HSM: scan: transition FOREIGN_CHANNEL => BSS_CHANNEL
2026-03-05 11:09:18,334 {2ab0 e502} [ 1074.417613] HSM: scan: transition BSS_CHANNEL => FOREIGN_CHANNEL
2026-03-05 11:09:18,348 <4>Jan 29 06:46:54 BZ2,002722b6662b,v4.3.28.11361: kernel: [ 1074.417613] HSM: scan: transition BSS_CHANNEL => FOREIGN_CHANNEL
2026-03-05 11:09:18,469 {2ab0 e502} [ 1074.552477] HSM: scan: transition FOREIGN_CHANNEL => IDLE
2026-03-05 11:09:18,476 <27>Jan 29 06:46:54 BZ2,002722b6662b,v4.3.28.11361: wpa_supplicant[5322]: driver_atheros_event_wireless: scan result event - SIOCGIWSCAN
2026-03-05 11:09:18,477 <4>Jan 29 06:46:54 BZ2,002722b6662b,v4.3.28.11361: kernel: [ 1074.552477] HSM: scan: transition FOREIGN_CHANNEL => IDLE
2026-03-05 11:09:19,489 {2ab0 e502} [ 1075.572126] HSM: scan: transition IDLE => BSS_CHANNEL
2026-03-05 11:09:19,495 <4>Jan 29 06:46:55 BZ2,002722b6662b,v4.3.28.11361: kernel: [ 1075.572126] HSM: scan: transition IDLE => BSS_CHANNEL
2026-03-05 11:09:19,964 {2ab0 e502} [ 1076.047619] HSM: scan: transition BSS_CHANNEL => FOREIGN_CHANNEL
2026-03-05 11:09:19,978 <4>Jan 29 06:46:55 BZ2,002722b6662b,v4.3.28.11361: kernel: [ 1076.047619] HSM: scan: transition BSS_CHANNEL => FOREIGN_CHANNEL
2026-03-05 11:09:20,094 {2ab0 e502} [ 1076.177627] HSM: scan: transition FOREIGN_CHANNEL => BSS_CHANNEL
2026-03-05 11:09:20,108 <4>Jan 29 06:46:55 BZ2,002722b6662b,v4.3.28.11361: kernel: [ 1076.177627] HSM: scan: transition FOREIGN_CHANNEL => BSS_CHANNEL
2026-03-05 11:09:21,012 <11>Jan 29 06:46:56 BZ2,002722b6662b,v4.3.28.11361: : uplink-monitor[4697]: uplink-monitor.get_link_info(): uplink addr is null
2026-03-05 11:09:21,724 {2ab0 e502} [ 1077.807625] HSM: scan: transition BSS_CHANNEL => FOREIGN_CHANNEL
2026-03-05 11:09:21,737 <4>Jan 29 06:46:57 BZ2,002722b6662b,v4.3.28.11361: kernel: [ 1077.807625] HSM: scan: transition BSS_CHANNEL => FOREIGN_CHANNEL
2026-03-05 11:09:21,854 {2ab0 e502} [ 1077.937639] HSM: scan: transition FOREIGN_CHANNEL => BSS_CHANNEL
2026-03-05 11:09:21,865 <4>Jan 29 06:46:57 BZ2,002722b6662b,v4.3.28.11361: kernel: [ 1077.937639] HSM: scan: transition FOREIGN_CHANNEL => BSS_CHANNEL
2026-03-05 11:09:23,474 {2ab0 e502} [ 1079.557626] HSM: scan: transition BSS_CHANNEL => FOREIGN_CHANNEL
2026-03-05 11:09:23,488 <4>Jan 29 06:46:59 BZ2,002722b6662b,v4.3.28.11361: kernel: [ 1079.557626] HSM: scan: transition BSS_CHANNEL => FOREIGN_CHANNEL
2026-03-05 11:09:23,604 {2ab0 e502} [ 1079.687692] HSM: scan: transition FOREIGN_CHANNEL => BSS_CHANNEL
2026-03-05 11:09:23,615 <4>Jan 29 06:46:59 BZ2,002722b6662b,v4.3.28.11361: kernel: [ 1079.687692] HSM: scan: transition FOREIGN_CHANNEL => BSS_CHANNEL
2026-03-05 11:09:25,224 {2ab0 e502} [ 1081.307619] HSM: scan: transition BSS_CHANNEL => FOREIGN_CHANNEL
2026-03-05 11:09:25,238 <4>Jan 29 06:47:00 BZ2,002722b6662b,v4.3.28.11361: kernel: [ 1081.307619] HSM: scan: transition BSS_CHANNEL => FOREIGN_CHANNEL
2026-03-05 11:09:25,354 {2ab0 e502} [ 1081.437633] HSM: scan: transition FOREIGN_CHANNEL => BSS_CHANNEL
2026-03-05 11:09:25,366 <4>Jan 29 06:47:01 BZ2,002722b6662b,v4.3.28.11361: kernel: [ 1081.437633] HSM: scan: transition FOREIGN_CHANNEL => BSS_CHANNEL
2026-03-05 11:09:26,974 {2ab0 e502} [ 1083.057625] HSM: scan: transition BSS_CHANNEL => FOREIGN_CHANNEL
2026-03-05 11:09:26,988 <4>Jan 29 06:47:02 BZ2,002722b6662b,v4.3.28.11361: kernel: [ 1083.057625] HSM: scan: transition BSS_CHANNEL => FOREIGN_CHANNEL
2026-03-05 11:09:27,104 {2ab0 e502} [ 1083.187628] HSM: scan: transition FOREIGN_CHANNEL => BSS_CHANNEL
2026-03-05 11:09:27,115 <4>Jan 29 06:47:02 BZ2,002722b6662b,v4.3.28.11361: kernel: [ 1083.187628] HSM: scan: transition FOREIGN_CHANNEL => BSS_CHANNEL
2026-03-05 11:09:28,724 {2ab0 e502} [ 1084.807625] HSM: scan: transition BSS_CHANNEL => FOREIGN_CHANNEL
2026-03-05 11:09:28,738 <4>Jan 29 06:47:04 BZ2,002722b6662b,v4.3.28.11361: kernel: [ 1084.807625] HSM: scan: transition BSS_CHANNEL => FOREIGN_CHANNEL
2026-03-05 11:09:28,854 {2ab0 e502} [ 1084.937637] HSM: scan: transition FOREIGN_CHANNEL => BSS_CHANNEL
2026-03-05 11:09:28,865 <4>Jan 29 06:47:04 BZ2,002722b6662b,v4.3.28.11361: kernel: [ 1084.937637] HSM: scan: transition FOREIGN_CHANNEL => BSS_CHANNEL
2026-03-05 11:09:30,474 {2ab0 e502} [ 1086.557620] HSM: scan: transition BSS_CHANNEL => FOREIGN_CHANNEL
2026-03-05 11:09:30,488 <4>Jan 29 06:47:06 BZ2,002722b6662b,v4.3.28.11361: kernel: [ 1086.557620] HSM: scan: transition BSS_CHANNEL => FOREIGN_CHANNEL
2026-03-05 11:09:30,604 {2ab0 e502} [ 1086.687637] HSM: scan: transition FOREIGN_CHANNEL => BSS_CHANNEL
2026-03-05 11:09:30,615 <4>Jan 29 06:47:06 BZ2,002722b6662b,v4.3.28.11361: kernel: [ 1086.687637] HSM: scan: transition FOREIGN_CHANNEL => BSS_CHANNEL
2026-03-05 11:09:32,224 {2ab0 e502} [ 1088.307626] HSM: scan: transition BSS_CHANNEL => FOREIGN_CHANNEL
2026-03-05 11:09:32,238 <4>Jan 29 06:47:07 BZ2,002722b6662b,v4.3.28.11361: kernel: [ 1088.307626] HSM: scan: transition BSS_CHANNEL => FOREIGN_CHANNEL
2026-03-05 11:09:32,354 {2ab0 e502} [ 1088.437631] HSM: scan: transition FOREIGN_CHANNEL => BSS_CHANNEL
2026-03-05 11:09:32,365 <4>Jan 29 06:47:08 BZ2,002722b6662b,v4.3.28.11361: kernel: [ 1088.437631] HSM: scan: transition FOREIGN_CHANNEL => BSS_CHANNEL
2026-03-05 11:09:33,974 {2ab0 e502} [ 1090.057680] HSM: scan: transition BSS_CHANNEL => FOREIGN_CHANNEL
2026-03-05 11:09:33,988 <4>Jan 29 06:47:09 BZ2,002722b6662b,v4.3.28.11361: kernel: [ 1090.057680] HSM: scan: transition BSS_CHANNEL => FOREIGN_CHANNEL
2026-03-05 11:09:34,104 {2ab0 e502} [ 1090.187629] HSM: scan: transition FOREIGN_CHANNEL => BSS_CHANNEL
2026-03-05 11:09:34,115 <4>Jan 29 06:47:09 BZ2,002722b6662b,v4.3.28.11361: kernel: [ 1090.187629] HSM: scan: transition FOREIGN_CHANNEL => BSS_CHANNEL
2026-03-05 11:09:35,724 {2ab0 e502} [ 1091.807617] HSM: scan: transition BSS_CHANNEL => FOREIGN_CHANNEL
2026-03-05 11:09:35,738 <4>Jan 29 06:47:11 BZ2,002722b6662b,v4.3.28.11361: kernel: [ 1091.807617] HSM: scan: transition BSS_CHANNEL => FOREIGN_CHANNEL
2026-03-05 11:09:35,855 {2ab0 e502} [ 1091.937674] HSM: scan: transition FOREIGN_CHANNEL => BSS_CHANNEL
2026-03-05 11:09:35,865 <4>Jan 29 06:47:11 BZ2,002722b6662b,v4.3.28.11361: kernel: [ 1091.937674] HSM: scan: transition FOREIGN_CHANNEL => BSS_CHANNEL
2026-03-05 11:09:36,441 <11>Jan 29 06:47:12 BZ2,002722b6662b,v4.3.28.11361: : uplink-monitor[4697]: uplink-monitor.get_link_info(): uplink addr is null
2026-03-05 11:09:37,474 {2ab0 e502} [ 1093.557636] HSM: scan: transition BSS_CHANNEL => FOREIGN_CHANNEL
2026-03-05 11:09:37,488 <4>Jan 29 06:47:13 BZ2,002722b6662b,v4.3.28.11361: kernel: [ 1093.557636] HSM: scan: transition BSS_CHANNEL => FOREIGN_CHANNEL
2026-03-05 11:09:37,604 {2ab0 e502} [ 1093.687684] HSM: scan: transition FOREIGN_CHANNEL => BSS_CHANNEL
2026-03-05 11:09:37,615 <4>Jan 29 06:47:13 BZ2,002722b6662b,v4.3.28.11361: kernel: [ 1093.687684] HSM: scan: transition FOREIGN_CHANNEL => BSS_CHANNEL
2026-03-05 11:09:39,224 {2ab0 e502} [ 1095.307626] HSM: scan: transition BSS_CHANNEL => FOREIGN_CHANNEL
2026-03-05 11:09:39,238 <4>Jan 29 06:47:14 BZ2,002722b6662b,v4.3.28.11361: kernel: [ 1095.307626] HSM: scan: transition BSS_CHANNEL => FOREIGN_CHANNEL
2026-03-05 11:09:39,354 {2ab0 e502} [ 1095.437643] HSM: scan: transition FOREIGN_CHANNEL => BSS_CHANNEL
2026-03-05 11:09:39,365 <4>Jan 29 06:47:15 BZ2,002722b6662b,v4.3.28.11361: kernel: [ 1095.437643] HSM: scan: transition FOREIGN_CHANNEL => BSS_CHANNEL
2026-03-05 11:09:40,974 {2ab0 e502} [ 1097.057625] HSM: scan: transition BSS_CHANNEL => FOREIGN_CHANNEL
2026-03-05 11:09:40,988 <4>Jan 29 06:47:16 BZ2,002722b6662b,v4.3.28.11361: kernel: [ 1097.057625] HSM: scan: transition BSS_CHANNEL => FOREIGN_CHANNEL
2026-03-05 11:09:41,109 {2ab0 e502} [ 1097.192627] HSM: scan: transition FOREIGN_CHANNEL => IDLE
2026-03-05 11:09:41,117 <27>Jan 29 06:47:16 BZ2,002722b6662b,v4.3.28.11361: wpa_supplicant[5322]: driver_atheros_event_wireless: scan result event - SIOCGIWSCAN
2026-03-05 11:09:41,117 <4>Jan 29 06:47:16 BZ2,002722b6662b,v4.3.28.11361: kernel: [ 1097.192627] HSM: scan: transition FOREIGN_CHANNEL => IDLE
2026-03-05 11:09:42,138 {2ab0 e502} [ 1098.221614] HSM: scan: transition IDLE => BSS_CHANNEL
2026-03-05 11:09:42,145 <4>Jan 29 06:47:17 BZ2,002722b6662b,v4.3.28.11361: kernel: [ 1098.221614] HSM: scan: transition IDLE => BSS_CHANNEL
2026-03-05 11:09:42,614 {2ab0 e502} [ 1098.697620] HSM: scan: transition BSS_CHANNEL => FOREIGN_CHANNEL
2026-03-05 11:09:42,628 <4>Jan 29 06:47:18 BZ2,002722b6662b,v4.3.28.11361: kernel: [ 1098.697620] HSM: scan: transition BSS_CHANNEL => FOREIGN_CHANNEL
2026-03-05 11:09:42,744 {2ab0 e502} [ 1098.827627] HSM: scan: transition FOREIGN_CHANNEL => BSS_CHANNEL
2026-03-05 11:09:42,758 <4>Jan 29 06:47:18 BZ2,002722b6662b,v4.3.28.11361: kernel: [ 1098.827627] HSM: scan: transition FOREIGN_CHANNEL => BSS_CHANNEL
2026-03-05 11:09:44,374 {2ab0 e502} [ 1100.457619] HSM: scan: transition BSS_CHANNEL => FOREIGN_CHANNEL
2026-03-05 11:09:44,389 <4>Jan 29 06:47:20 BZ2,002722b6662b,v4.3.28.11361: kernel: [ 1100.457619] HSM: scan: transition BSS_CHANNEL => FOREIGN_CHANNEL
2026-03-05 11:09:44,505 {2ab0 e502} [ 1100.587634] HSM: scan: transition FOREIGN_CHANNEL => BSS_CHANNEL
2026-03-05 11:09:44,516 <4>Jan 29 06:47:20 BZ2,002722b6662b,v4.3.28.11361: kernel: [ 1100.587634] HSM: scan: transition FOREIGN_CHANNEL => BSS_CHANNEL
2026-03-05 11:09:46,124 {2ab0 e502} [ 1102.207625] HSM: scan: transition BSS_CHANNEL => FOREIGN_CHANNEL
2026-03-05 11:09:46,138 <4>Jan 29 06:47:21 BZ2,002722b6662b,v4.3.28.11361: kernel: [ 1102.207625] HSM: scan: transition BSS_CHANNEL => FOREIGN_CHANNEL
2026-03-05 11:09:46,254 {2ab0 e502} [ 1102.337676] HSM: scan: transition FOREIGN_CHANNEL => BSS_CHANNEL
2026-03-05 11:09:46,266 <4>Jan 29 06:47:22 BZ2,002722b6662b,v4.3.28.11361: kernel: [ 1102.337676] HSM: scan: transition FOREIGN_CHANNEL => BSS_CHANNEL
2026-03-05 11:09:47,874 {2ab0 e502} [ 1103.957619] HSM: scan: transition BSS_CHANNEL => FOREIGN_CHANNEL
2026-03-05 11:09:47,888 <4>Jan 29 06:47:23 BZ2,002722b6662b,v4.3.28.11361: kernel: [ 1103.957619] HSM: scan: transition BSS_CHANNEL => FOREIGN_CHANNEL
2026-03-05 11:09:48,004 {2ab0 e502} [ 1104.087638] HSM: scan: transition FOREIGN_CHANNEL => BSS_CHANNEL
2026-03-05 11:09:48,016 <4>Jan 29 06:47:23 BZ2,002722b6662b,v4.3.28.11361: kernel: [ 1104.087638] HSM: scan: transition FOREIGN_CHANNEL => BSS_CHANNEL
2026-03-05 11:09:49,624 {2ab0 e502} [ 1105.707625] HSM: scan: transition BSS_CHANNEL => FOREIGN_CHANNEL
2026-03-05 11:09:49,638 <4>Jan 29 06:47:25 BZ2,002722b6662b,v4.3.28.11361: kernel: [ 1105.707625] HSM: scan: transition BSS_CHANNEL => FOREIGN_CHANNEL
2026-03-05 11:09:49,754 {2ab0 e502} [ 1105.837632] HSM: scan: transition FOREIGN_CHANNEL => BSS_CHANNEL
2026-03-05 11:09:49,766 <4>Jan 29 06:47:25 BZ2,002722b6662b,v4.3.28.11361: kernel: [ 1105.837632] HSM: scan: transition FOREIGN_CHANNEL => BSS_CHANNEL
2026-03-05 11:09:51,374 {2ab0 e502} [ 1107.457618] HSM: scan: transition BSS_CHANNEL => FOREIGN_CHANNEL
2026-03-05 11:09:51,388 <4>Jan 29 06:47:27 BZ2,002722b6662b,v4.3.28.11361: kernel: [ 1107.457618] HSM: scan: transition BSS_CHANNEL => FOREIGN_CHANNEL
2026-03-05 11:09:51,504 {2ab0 e502} [ 1107.587626] HSM: scan: transition FOREIGN_CHANNEL => BSS_CHANNEL
2026-03-05 11:09:51,516 <4>Jan 29 06:47:27 BZ2,002722b6662b,v4.3.28.11361: kernel: [ 1107.587626] HSM: scan: transition FOREIGN_CHANNEL => BSS_CHANNEL
2026-03-05 11:09:51,871 <11>Jan 29 06:47:27 BZ2,002722b6662b,v4.3.28.11361: : uplink-monitor[4697]: uplink-monitor.get_link_info(): uplink addr is null
2026-03-05 11:09:53,124 {2ab0 e502} [ 1109.207631] HSM: scan: transition BSS_CHANNEL => FOREIGN_CHANNEL
2026-03-05 11:09:53,138 <4>Jan 29 06:47:28 BZ2,002722b6662b,v4.3.28.11361: kernel: [ 1109.207631] HSM: scan: transition BSS_CHANNEL => FOREIGN_CHANNEL
2026-03-05 11:09:53,255 {2ab0 e502} [ 1109.337637] HSM: scan: transition FOREIGN_CHANNEL => BSS_CHANNEL
2026-03-05 11:09:53,266 <4>Jan 29 06:47:29 BZ2,002722b6662b,v4.3.28.11361: kernel: [ 1109.337637] HSM: scan: transition FOREIGN_CHANNEL => BSS_CHANNEL
2026-03-05 11:09:54,874 {2ab0 e502} [ 1110.957620] HSM: scan: transition BSS_CHANNEL => FOREIGN_CHANNEL
2026-03-05 11:09:54,888 <4>Jan 29 06:47:30 BZ2,002722b6662b,v4.3.28.11361: kernel: [ 1110.957620] HSM: scan: transition BSS_CHANNEL => FOREIGN_CHANNEL
2026-03-05 11:09:55,005 {2ab0 e502} [ 1111.087633] HSM: scan: transition FOREIGN_CHANNEL => BSS_CHANNEL
2026-03-05 11:09:55,016 <4>Jan 29 06:47:30 BZ2,002722b6662b,v4.3.28.11361: kernel: [ 1111.087633] HSM: scan: transition FOREIGN_CHANNEL => BSS_CHANNEL
2026-03-05 11:09:56,624 {2ab0 e502} [ 1112.707622] HSM: scan: transition BSS_CHANNEL => FOREIGN_CHANNEL
2026-03-05 11:09:56,638 <4>Jan 29 06:47:32 BZ2,002722b6662b,v4.3.28.11361: kernel: [ 1112.707622] HSM: scan: transition BSS_CHANNEL => FOREIGN_CHANNEL
2026-03-05 11:09:56,756 {2ab0 e502} [ 1112.837639] HSM: scan: transition FOREIGN_CHANNEL => BSS_CHANNEL
2026-03-05 11:09:56,766 <4>Jan 29 06:47:32 BZ2,002722b6662b,v4.3.28.11361: kernel: [ 1112.837639] HSM: scan: transition FOREIGN_CHANNEL => BSS_CHANNEL
2026-03-05 11:09:58,374 {2ab0 e502} [ 1114.457619] HSM: scan: transition BSS_CHANNEL => FOREIGN_CHANNEL
2026-03-05 11:09:58,388 <4>Jan 29 06:47:34 BZ2,002722b6662b,v4.3.28.11361: kernel: [ 1114.457619] HSM: scan: transition BSS_CHANNEL => FOREIGN_CHANNEL
2026-03-05 11:09:58,505 {2ab0 e502} [ 1114.587673] HSM: scan: transition FOREIGN_CHANNEL => BSS_CHANNEL
2026-03-05 11:09:58,515 <4>Jan 29 06:47:34 BZ2,002722b6662b,v4.3.28.11361: kernel: [ 1114.587673] HSM: scan: transition FOREIGN_CHANNEL => BSS_CHANNEL
2026-03-05 11:10:00,125 {2ab0 e502} [ 1116.207626] HSM: scan: transition BSS_CHANNEL => FOREIGN_CHANNEL
2026-03-05 11:10:00,138 <4>Jan 29 06:47:35 BZ2,002722b6662b,v4.3.28.11361: kernel: [ 1116.207626] HSM: scan: transition BSS_CHANNEL => FOREIGN_CHANNEL
2026-03-05 11:10:00,255 {2ab0 e502} [ 1116.337696] HSM: scan: transition FOREIGN_CHANNEL => BSS_CHANNEL
2026-03-05 11:10:00,265 <4>Jan 29 06:47:36 BZ2,002722b6662b,v4.3.28.11361: kernel: [ 1116.337696] HSM: scan: transition FOREIGN_CHANNEL => BSS_CHANNEL
2026-03-05 11:10:01,874 {2ab0 e502} [ 1117.957624] HSM: scan: transition BSS_CHANNEL => FOREIGN_CHANNEL
2026-03-05 11:10:01,888 <4>Jan 29 06:47:37 BZ2,002722b6662b,v4.3.28.11361: kernel: [ 1117.957624] HSM: scan: transition BSS_CHANNEL => FOREIGN_CHANNEL
2026-03-05 11:10:02,006 {2ab0 e502} [ 1118.087668] HSM: scan: transition FOREIGN_CHANNEL => BSS_CHANNEL
2026-03-05 11:10:02,016 <4>Jan 29 06:47:37 BZ2,002722b6662b,v4.3.28.11361: kernel: [ 1118.087668] HSM: scan: transition FOREIGN_CHANNEL => BSS_CHANNEL
2026-03-05 11:10:03,625 {2ab0 e502} [ 1119.707633] HSM: scan: transition BSS_CHANNEL => FOREIGN_CHANNEL
2026-03-05 11:10:03,638 <4>Jan 29 06:47:39 BZ2,002722b6662b,v4.3.28.11361: kernel: [ 1119.707633] HSM: scan: transition BSS_CHANNEL => FOREIGN_CHANNEL
2026-03-05 11:10:03,759 {2ab0 e502} [ 1119.842486] HSM: scan: transition FOREIGN_CHANNEL => IDLE
2026-03-05 11:10:03,767 <27>Jan 29 06:47:39 BZ2,002722b6662b,v4.3.28.11361: wpa_supplicant[5322]: driver_atheros_event_wireless: scan result event - SIOCGIWSCAN
2026-03-05 11:10:03,768 <4>Jan 29 06:47:39 BZ2,002722b6662b,v4.3.28.11361: kernel: [ 1119.842486] HSM: scan: transition FOREIGN_CHANNEL => IDLE
2026-03-05 11:10:04,789 {2ab0 e502} [ 1120.871608] HSM: scan: transition IDLE => BSS_CHANNEL
2026-03-05 11:10:04,795 <4>Jan 29 06:47:40 BZ2,002722b6662b,v4.3.28.11361: kernel: [ 1120.871608] HSM: scan: transition IDLE => BSS_CHANNEL
2026-03-05 11:10:05,265 {2ab0 e502} [ 1121.347618] HSM: scan: transition BSS_CHANNEL => FOREIGN_CHANNEL
2026-03-05 11:10:05,278 <4>Jan 29 06:47:41 BZ2,002722b6662b,v4.3.28.11361: kernel: [ 1121.347618] HSM: scan: transition BSS_CHANNEL => FOREIGN_CHANNEL
2026-03-05 11:10:05,395 {2ab0 e502} [ 1121.477635] HSM: scan: transition FOREIGN_CHANNEL => BSS_CHANNEL
2026-03-05 11:10:05,409 <4>Jan 29 06:47:41 BZ2,002722b6662b,v4.3.28.11361: kernel: [ 1121.477635] HSM: scan: transition FOREIGN_CHANNEL => BSS_CHANNEL
2026-03-05 11:10:07,025 {2ab0 e502} [ 1123.107623] HSM: scan: transition BSS_CHANNEL => FOREIGN_CHANNEL
2026-03-05 11:10:07,038 <4>Jan 29 06:47:42 BZ2,002722b6662b,v4.3.28.11361: kernel: [ 1123.107623] HSM: scan: transition BSS_CHANNEL => FOREIGN_CHANNEL
2026-03-05 11:10:07,155 {2ab0 e502} [ 1123.237644] HSM: scan: transition FOREIGN_CHANNEL => BSS_CHANNEL
2026-03-05 11:10:07,166 <4>Jan 29 06:47:42 BZ2,002722b6662b,v4.3.28.11361: kernel: [ 1123.237644] HSM: scan: transition FOREIGN_CHANNEL => BSS_CHANNEL
2026-03-05 11:10:07,299 <11>Jan 29 06:47:43 BZ2,002722b6662b,v4.3.28.11361: : uplink-monitor[4697]: uplink-monitor.get_link_info(): uplink addr is null
2026-03-05 11:10:08,775 {2ab0 e502} [ 1124.857618] HSM: scan: transition BSS_CHANNEL => FOREIGN_CHANNEL
2026-03-05 11:10:08,788 <4>Jan 29 06:47:44 BZ2,002722b6662b,v4.3.28.11361: kernel: [ 1124.857618] HSM: scan: transition BSS_CHANNEL => FOREIGN_CHANNEL
2026-03-05 11:10:08,905 {2ab0 e502} [ 1124.987637] HSM: scan: transition FOREIGN_CHANNEL => BSS_CHANNEL
2026-03-05 11:10:08,916 <4>Jan 29 06:47:44 BZ2,002722b6662b,v4.3.28.11361: kernel: [ 1124.987637] HSM: scan: transition FOREIGN_CHANNEL => BSS_CHANNEL
2026-03-05 11:10:10,525 {2ab0 e502} [ 1126.607622] HSM: scan: transition BSS_CHANNEL => FOREIGN_CHANNEL
2026-03-05 11:10:10,538 <4>Jan 29 06:47:46 BZ2,002722b6662b,v4.3.28.11361: kernel: [ 1126.607622] HSM: scan: transition BSS_CHANNEL => FOREIGN_CHANNEL
2026-03-05 11:10:10,655 {2ab0 e502} [ 1126.737634] HSM: scan: transition FOREIGN_CHANNEL => BSS_CHANNEL
2026-03-05 11:10:10,666 <4>Jan 29 06:47:46 BZ2,002722b6662b,v4.3.28.11361: kernel: [ 1126.737634] HSM: scan: transition FOREIGN_CHANNEL => BSS_CHANNEL
2026-03-05 11:10:12,274 {2ab0 e502} [ 1128.357622] HSM: scan: transition BSS_CHANNEL => FOREIGN_CHANNEL
2026-03-05 11:10:12,288 <4>Jan 29 06:47:48 BZ2,002722b6662b,v4.3.28.11361: kernel: [ 1128.357622] HSM: scan: transition BSS_CHANNEL => FOREIGN_CHANNEL
2026-03-05 11:10:12,405 {2ab0 e502} [ 1128.487633] HSM: scan: transition FOREIGN_CHANNEL => BSS_CHANNEL
2026-03-05 11:10:12,416 <4>Jan 29 06:47:48 BZ2,002722b6662b,v4.3.28.11361: kernel: [ 1128.487633] HSM: scan: transition FOREIGN_CHANNEL => BSS_CHANNEL
2026-03-05 11:10:14,025 {2ab0 e502} [ 1130.107623] HSM: scan: transition BSS_CHANNEL => FOREIGN_CHANNEL
2026-03-05 11:10:14,038 <4>Jan 29 06:47:49 BZ2,002722b6662b,v4.3.28.11361: kernel: [ 1130.107623] HSM: scan: transition BSS_CHANNEL => FOREIGN_CHANNEL
2026-03-05 11:10:14,155 {2ab0 e502} [ 1130.237626] HSM: scan: transition FOREIGN_CHANNEL => BSS_CHANNEL
2026-03-05 11:10:14,167 <4>Jan 29 06:47:49 BZ2,002722b6662b,v4.3.28.11361: kernel: [ 1130.237626] HSM: scan: transition FOREIGN_CHANNEL => BSS_CHANNEL
2026-03-05 11:10:15,775 {2ab0 e502} [ 1131.857623] HSM: scan: transition BSS_CHANNEL => FOREIGN_CHANNEL
2026-03-05 11:10:15,788 <4>Jan 29 06:47:51 BZ2,002722b6662b,v4.3.28.11361: kernel: [ 1131.857623] HSM: scan: transition BSS_CHANNEL => FOREIGN_CHANNEL
2026-03-05 11:10:15,905 {2ab0 e502} [ 1131.987638] HSM: scan: transition FOREIGN_CHANNEL => BSS_CHANNEL
2026-03-05 11:10:15,916 <4>Jan 29 06:47:51 BZ2,002722b6662b,v4.3.28.11361: kernel: [ 1131.987638] HSM: scan: transition FOREIGN_CHANNEL => BSS_CHANNEL
2026-03-05 11:10:17,525 {2ab0 e502} [ 1133.607654] HSM: scan: transition BSS_CHANNEL => FOREIGN_CHANNEL
2026-03-05 11:10:17,539 <4>Jan 29 06:47:53 BZ2,002722b6662b,v4.3.28.11361: kernel: [ 1133.607654] HSM: scan: transition BSS_CHANNEL => FOREIGN_CHANNEL
2026-03-05 11:10:17,655 {2ab0 e502} [ 1133.737633] HSM: scan: transition FOREIGN_CHANNEL => BSS_CHANNEL
2026-03-05 11:10:17,665 <4>Jan 29 06:47:53 BZ2,002722b6662b,v4.3.28.11361: kernel: [ 1133.737633] HSM: scan: transition FOREIGN_CHANNEL => BSS_CHANNEL
2026-03-05 11:10:19,275 {2ab0 e502} [ 1135.357619] HSM: scan: transition BSS_CHANNEL => FOREIGN_CHANNEL
2026-03-05 11:10:19,289 <4>Jan 29 06:47:55 BZ2,002722b6662b,v4.3.28.11361: kernel: [ 1135.357619] HSM: scan: transition BSS_CHANNEL => FOREIGN_CHANNEL
2026-03-05 11:10:19,405 {2ab0 e502} [ 1135.487629] HSM: scan: transition FOREIGN_CHANNEL => BSS_CHANNEL
2026-03-05 11:10:19,416 <4>Jan 29 06:47:55 BZ2,002722b6662b,v4.3.28.11361: kernel: [ 1135.487629] HSM: scan: transition FOREIGN_CHANNEL => BSS_CHANNEL
2026-03-05 11:10:21,025 {2ab0 e502} [ 1137.107618] HSM: scan: transition BSS_CHANNEL => FOREIGN_CHANNEL
2026-03-05 11:10:21,038 <4>Jan 29 06:47:56 BZ2,002722b6662b,v4.3.28.11361: kernel: [ 1137.107618] HSM: scan: transition BSS_CHANNEL => FOREIGN_CHANNEL
2026-03-05 11:10:21,156 {2ab0 e502} [ 1137.237636] HSM: scan: transition FOREIGN_CHANNEL => BSS_CHANNEL
2026-03-05 11:10:21,166 <4>Jan 29 06:47:56 BZ2,002722b6662b,v4.3.28.11361: kernel: [ 1137.237636] HSM: scan: transition FOREIGN_CHANNEL => BSS_CHANNEL
2026-03-05 11:10:22,732 <11>Jan 29 06:47:58 BZ2,002722b6662b,v4.3.28.11361: : uplink-monitor[4697]: uplink-monitor.get_link_info(): uplink addr is null
2026-03-05 11:10:22,775 {2ab0 e502} [ 1138.857669] HSM: scan: transition BSS_CHANNEL => FOREIGN_CHANNEL
2026-03-05 11:10:22,789 <4>Jan 29 06:47:58 BZ2,002722b6662b,v4.3.28.11361: kernel: [ 1138.857669] HSM: scan: transition BSS_CHANNEL => FOREIGN_CHANNEL
2026-03-05 11:10:22,906 {2ab0 e502} [ 1138.988013] HSM: scan: transition FOREIGN_CHANNEL => BSS_CHANNEL
2026-03-05 11:10:22,915 <4>Jan 29 06:47:58 BZ2,002722b6662b,v4.3.28.11361: kernel: [ 1138.988013] HSM: scan: transition FOREIGN_CHANNEL => BSS_CHANNEL
2026-03-05 11:10:24,525 {2ab0 e502} [ 1140.607617] HSM: scan: transition BSS_CHANNEL => FOREIGN_CHANNEL
2026-03-05 11:10:24,538 <4>Jan 29 06:48:00 BZ2,002722b6662b,v4.3.28.11361: kernel: [ 1140.607617] HSM: scan: transition BSS_CHANNEL => FOREIGN_CHANNEL
2026-03-05 11:10:24,655 {2ab0 e502} [ 1140.737673] HSM: scan: transition FOREIGN_CHANNEL => BSS_CHANNEL
2026-03-05 11:10:24,665 <4>Jan 29 06:48:00 BZ2,002722b6662b,v4.3.28.11361: kernel: [ 1140.737673] HSM: scan: transition FOREIGN_CHANNEL => BSS_CHANNEL
2026-03-05 11:10:26,275 {2ab0 e502} [ 1142.357618] HSM: scan: transition BSS_CHANNEL => FOREIGN_CHANNEL
2026-03-05 11:10:26,289 <4>Jan 29 06:48:02 BZ2,002722b6662b,v4.3.28.11361: kernel: [ 1142.357618] HSM: scan: transition BSS_CHANNEL => FOREIGN_CHANNEL
2026-03-05 11:10:26,410 {2ab0 e502} [ 1142.492470] HSM: scan: transition FOREIGN_CHANNEL => IDLE
2026-03-05 11:10:26,417 <27>Jan 29 06:48:02 BZ2,002722b6662b,v4.3.28.11361: wpa_supplicant[5322]: driver_atheros_event_wireless: scan result event - SIOCGIWSCAN
2026-03-05 11:10:26,418 <4>Jan 29 06:48:02 BZ2,002722b6662b,v4.3.28.11361: kernel: [ 1142.492470] HSM: scan: transition FOREIGN_CHANNEL => IDLE
2026-03-05 11:10:27,439 {2ab0 e502} [ 1143.521628] HSM: scan: transition IDLE => BSS_CHANNEL
2026-03-05 11:10:27,445 <4>Jan 29 06:48:03 BZ2,002722b6662b,v4.3.28.11361: kernel: [ 1143.521628] HSM: scan: transition IDLE => BSS_CHANNEL
2026-03-05 11:10:27,915 {2ab0 e502} [ 1143.997620] HSM: scan: transition BSS_CHANNEL => FOREIGN_CHANNEL
2026-03-05 11:10:27,929 <4>Jan 29 06:48:03 BZ2,002722b6662b,v4.3.28.11361: kernel: [ 1143.997620] HSM: scan: transition BSS_CHANNEL => FOREIGN_CHANNEL
2026-03-05 11:10:28,045 {2ab0 e502} [ 1144.127627] HSM: scan: transition FOREIGN_CHANNEL => BSS_CHANNEL
2026-03-05 11:10:28,059 <4>Jan 29 06:48:03 BZ2,002722b6662b,v4.3.28.11361: kernel: [ 1144.127627] HSM: scan: transition FOREIGN_CHANNEL => BSS_CHANNEL
2026-03-05 11:10:29,675 {2ab0 e502} [ 1145.757624] HSM: scan: transition BSS_CHANNEL => FOREIGN_CHANNEL
2026-03-05 11:10:29,688 <4>Jan 29 06:48:05 BZ2,002722b6662b,v4.3.28.11361: kernel: [ 1145.757624] HSM: scan: transition BSS_CHANNEL => FOREIGN_CHANNEL
2026-03-05 11:10:29,805 {2ab0 e502} [ 1145.887645] HSM: scan: transition FOREIGN_CHANNEL => BSS_CHANNEL
2026-03-05 11:10:29,816 <4>Jan 29 06:48:05 BZ2,002722b6662b,v4.3.28.11361: kernel: [ 1145.887645] HSM: scan: transition FOREIGN_CHANNEL => BSS_CHANNEL
2026-03-05 11:10:31,425 {2ab0 e502} [ 1147.507622] HSM: scan: transition BSS_CHANNEL => FOREIGN_CHANNEL
2026-03-05 11:10:31,441 <4>Jan 29 06:48:07 BZ2,002722b6662b,v4.3.28.11361: kernel: [ 1147.507622] HSM: scan: transition BSS_CHANNEL => FOREIGN_CHANNEL
2026-03-05 11:10:31,555 {2ab0 e502} [ 1147.637630] HSM: scan: transition FOREIGN_CHANNEL => BSS_CHANNEL
2026-03-05 11:10:31,566 <4>Jan 29 06:48:07 BZ2,002722b6662b,v4.3.28.11361: kernel: [ 1147.637630] HSM: scan: transition FOREIGN_CHANNEL => BSS_CHANNEL
2026-03-05 11:10:33,175 {2ab0 e502} [ 1149.257629] HSM: scan: transition BSS_CHANNEL => FOREIGN_CHANNEL
2026-03-05 11:10:33,188 <4>Jan 29 06:48:08 BZ2,002722b6662b,v4.3.28.11361: kernel: [ 1149.257629] HSM: scan: transition BSS_CHANNEL => FOREIGN_CHANNEL
2026-03-05 11:10:33,305 {2ab0 e502} [ 1149.387635] HSM: scan: transition FOREIGN_CHANNEL => BSS_CHANNEL
2026-03-05 11:10:33,316 <4>Jan 29 06:48:09 BZ2,002722b6662b,v4.3.28.11361: kernel: [ 1149.387635] HSM: scan: transition FOREIGN_CHANNEL => BSS_CHANNEL
2026-03-05 11:10:34,925 {2ab0 e502} [ 1151.007617] HSM: scan: transition BSS_CHANNEL => FOREIGN_CHANNEL
2026-03-05 11:10:34,939 <4>Jan 29 06:48:10 BZ2,002722b6662b,v4.3.28.11361: kernel: [ 1151.007617] HSM: scan: transition BSS_CHANNEL => FOREIGN_CHANNEL
2026-03-05 11:10:35,055 {2ab0 e502} [ 1151.137641] HSM: scan: transition FOREIGN_CHANNEL => BSS_CHANNEL
2026-03-05 11:10:35,066 <4>Jan 29 06:48:10 BZ2,002722b6662b,v4.3.28.11361: kernel: [ 1151.137641] HSM: scan: transition FOREIGN_CHANNEL => BSS_CHANNEL
2026-03-05 11:10:36,675 {2ab0 e502} [ 1152.757619] HSM: scan: transition BSS_CHANNEL => FOREIGN_CHANNEL
2026-03-05 11:10:36,689 <4>Jan 29 06:48:12 BZ2,002722b6662b,v4.3.28.11361: kernel: [ 1152.757619] HSM: scan: transition BSS_CHANNEL => FOREIGN_CHANNEL
2026-03-05 11:10:36,805 {2ab0 e502} [ 1152.887628] HSM: scan: transition FOREIGN_CHANNEL => BSS_CHANNEL
2026-03-05 11:10:36,816 <4>Jan 29 06:48:12 BZ2,002722b6662b,v4.3.28.11361: kernel: [ 1152.887628] HSM: scan: transition FOREIGN_CHANNEL => BSS_CHANNEL
2026-03-05 11:10:38,191 <11>Jan 29 06:48:13 BZ2,002722b6662b,v4.3.28.11361: : uplink-monitor[4697]: uplink-monitor.get_link_info(): uplink addr is null
2026-03-05 11:10:38,425 {2ab0 e502} [ 1154.507675] HSM: scan: transition BSS_CHANNEL => FOREIGN_CHANNEL
2026-03-05 11:10:38,439 <4>Jan 29 06:48:14 BZ2,002722b6662b,v4.3.28.11361: kernel: [ 1154.507675] HSM: scan: transition BSS_CHANNEL => FOREIGN_CHANNEL
2026-03-05 11:10:38,555 {2ab0 e502} [ 1154.637833] HSM: scan: transition FOREIGN_CHANNEL => BSS_CHANNEL
2026-03-05 11:10:38,566 <4>Jan 29 06:48:14 BZ2,002722b6662b,v4.3.28.11361: kernel: [ 1154.637833] HSM: scan: transition FOREIGN_CHANNEL => BSS_CHANNEL
2026-03-05 11:10:40,175 {2ab0 e502} [ 1156.257619] HSM: scan: transition BSS_CHANNEL => FOREIGN_CHANNEL
2026-03-05 11:10:40,189 <4>Jan 29 06:48:15 BZ2,002722b6662b,v4.3.28.11361: kernel: [ 1156.257619] HSM: scan: transition BSS_CHANNEL => FOREIGN_CHANNEL
2026-03-05 11:10:40,305 {2ab0 e502} [ 1156.387631] HSM: scan: transition FOREIGN_CHANNEL => BSS_CHANNEL
2026-03-05 11:10:40,318 <4>Jan 29 06:48:16 BZ2,002722b6662b,v4.3.28.11361: kernel: [ 1156.387631] HSM: scan: transition FOREIGN_CHANNEL => BSS_CHANNEL
2026-03-05 11:10:41,925 {2ab0 e502} [ 1158.007624] HSM: scan: transition BSS_CHANNEL => FOREIGN_CHANNEL
2026-03-05 11:10:41,939 <4>Jan 29 06:48:17 BZ2,002722b6662b,v4.3.28.11361: kernel: [ 1158.007624] HSM: scan: transition BSS_CHANNEL => FOREIGN_CHANNEL
2026-03-05 11:10:42,055 {2ab0 e502} [ 1158.137699] HSM: scan: transition FOREIGN_CHANNEL => BSS_CHANNEL
2026-03-05 11:10:42,066 <4>Jan 29 06:48:17 BZ2,002722b6662b,v4.3.28.11361: kernel: [ 1158.137699] HSM: scan: transition FOREIGN_CHANNEL => BSS_CHANNEL
2026-03-05 11:10:43,675 {2ab0 e502} [ 1159.757629] HSM: scan: transition BSS_CHANNEL => FOREIGN_CHANNEL
2026-03-05 11:10:43,689 <4>Jan 29 06:48:19 BZ2,002722b6662b,v4.3.28.11361: kernel: [ 1159.757629] HSM: scan: transition BSS_CHANNEL => FOREIGN_CHANNEL
2026-03-05 11:10:43,805 {2ab0 e502} [ 1159.887642] HSM: scan: transition FOREIGN_CHANNEL => BSS_CHANNEL
2026-03-05 11:10:43,816 <4>Jan 29 06:48:19 BZ2,002722b6662b,v4.3.28.11361: kernel: [ 1159.887642] HSM: scan: transition FOREIGN_CHANNEL => BSS_CHANNEL
2026-03-05 11:10:45,425 {2ab0 e502} [ 1161.507622] HSM: scan: transition BSS_CHANNEL => FOREIGN_CHANNEL
2026-03-05 11:10:45,439 <4>Jan 29 06:48:21 BZ2,002722b6662b,v4.3.28.11361: kernel: [ 1161.507622] HSM: scan: transition BSS_CHANNEL => FOREIGN_CHANNEL
2026-03-05 11:10:45,555 {2ab0 e502} [ 1161.637696] HSM: scan: transition FOREIGN_CHANNEL => BSS_CHANNEL
2026-03-05 11:10:45,566 <4>Jan 29 06:48:21 BZ2,002722b6662b,v4.3.28.11361: kernel: [ 1161.637696] HSM: scan: transition FOREIGN_CHANNEL => BSS_CHANNEL
2026-03-05 11:10:47,175 {2ab0 e502} [ 1163.257619] HSM: scan: transition BSS_CHANNEL => FOREIGN_CHANNEL
2026-03-05 11:10:47,189 <4>Jan 29 06:48:22 BZ2,002722b6662b,v4.3.28.11361: kernel: [ 1163.257619] HSM: scan: transition BSS_CHANNEL => FOREIGN_CHANNEL
2026-03-05 11:10:47,305 {2ab0 e502} [ 1163.387641] HSM: scan: transition FOREIGN_CHANNEL => BSS_CHANNEL
2026-03-05 11:10:47,316 <4>Jan 29 06:48:23 BZ2,002722b6662b,v4.3.28.11361: kernel: [ 1163.387641] HSM: scan: transition FOREIGN_CHANNEL => BSS_CHANNEL
2026-03-05 11:10:48,925 {2ab0 e502} [ 1165.007620] HSM: scan: transition BSS_CHANNEL => FOREIGN_CHANNEL
2026-03-05 11:10:48,939 <4>Jan 29 06:48:24 BZ2,002722b6662b,v4.3.28.11361: kernel: [ 1165.007620] HSM: scan: transition BSS_CHANNEL => FOREIGN_CHANNEL
2026-03-05 11:10:49,060 {2ab0 e502} [ 1165.142467] HSM: scan: transition FOREIGN_CHANNEL => IDLE
2026-03-05 11:10:49,068 <27>Jan 29 06:48:24 BZ2,002722b6662b,v4.3.28.11361: wpa_supplicant[5322]: driver_atheros_event_wireless: scan result event - SIOCGIWSCAN
2026-03-05 11:10:49,069 <4>Jan 29 06:48:24 BZ2,002722b6662b,v4.3.28.11361: kernel: [ 1165.142467] HSM: scan: transition FOREIGN_CHANNEL => IDLE
2026-03-05 11:10:50,089 {2ab0 e502} [ 1166.171609] HSM: scan: transition IDLE => BSS_CHANNEL
2026-03-05 11:10:50,096 <4>Jan 29 06:48:25 BZ2,002722b6662b,v4.3.28.11361: kernel: [ 1166.171609] HSM: scan: transition IDLE => BSS_CHANNEL
2026-03-05 11:10:50,565 {2ab0 e502} [ 1166.647620] HSM: scan: transition BSS_CHANNEL => FOREIGN_CHANNEL
2026-03-05 11:10:50,579 <4>Jan 29 06:48:26 BZ2,002722b6662b,v4.3.28.11361: kernel: [ 1166.647620] HSM: scan: transition BSS_CHANNEL => FOREIGN_CHANNEL
2026-03-05 11:10:50,695 {2ab0 e502} [ 1166.777626] HSM: scan: transition FOREIGN_CHANNEL => BSS_CHANNEL
2026-03-05 11:10:50,709 <4>Jan 29 06:48:26 BZ2,002722b6662b,v4.3.28.11361: kernel: [ 1166.777626] HSM: scan: transition FOREIGN_CHANNEL => BSS_CHANNEL
2026-03-05 11:10:52,326 {2ab0 e502} [ 1168.407627] HSM: scan: transition BSS_CHANNEL => FOREIGN_CHANNEL
2026-03-05 11:10:52,339 <4>Jan 29 06:48:28 BZ2,002722b6662b,v4.3.28.11361: kernel: [ 1168.407627] HSM: scan: transition BSS_CHANNEL => FOREIGN_CHANNEL
2026-03-05 11:10:52,455 {2ab0 e502} [ 1168.537681] HSM: scan: transition FOREIGN_CHANNEL => BSS_CHANNEL
2026-03-05 11:10:52,466 <4>Jan 29 06:48:28 BZ2,002722b6662b,v4.3.28.11361: kernel: [ 1168.537681] HSM: scan: transition FOREIGN_CHANNEL => BSS_CHANNEL
2026-03-05 11:10:53,639 <11>Jan 29 06:48:29 BZ2,002722b6662b,v4.3.28.11361: : uplink-monitor[4697]: uplink-monitor.get_link_info(): uplink addr is null
2026-03-05 11:10:54,075 {2ab0 e502} [ 1170.157634] HSM: scan: transition BSS_CHANNEL => FOREIGN_CHANNEL
2026-03-05 11:10:54,089 <4>Jan 29 06:48:29 BZ2,002722b6662b,v4.3.28.11361: kernel: [ 1170.157634] HSM: scan: transition BSS_CHANNEL => FOREIGN_CHANNEL
2026-03-05 11:10:54,205 {2ab0 e502} [ 1170.287634] HSM: scan: transition FOREIGN_CHANNEL => BSS_CHANNEL
2026-03-05 11:10:54,216 <4>Jan 29 06:48:29 BZ2,002722b6662b,v4.3.28.11361: kernel: [ 1170.287634] HSM: scan: transition FOREIGN_CHANNEL => BSS_CHANNEL
2026-03-05 11:10:55,826 {2ab0 e502} [ 1171.907650] HSM: scan: transition BSS_CHANNEL => FOREIGN_CHANNEL
2026-03-05 11:10:55,840 <4>Jan 29 06:48:31 BZ2,002722b6662b,v4.3.28.11361: kernel: [ 1171.907650] HSM: scan: transition BSS_CHANNEL => FOREIGN_CHANNEL
2026-03-05 11:10:55,955 {2ab0 e502} [ 1172.037635] HSM: scan: transition FOREIGN_CHANNEL => BSS_CHANNEL
2026-03-05 11:10:55,966 <4>Jan 29 06:48:31 BZ2,002722b6662b,v4.3.28.11361: kernel: [ 1172.037635] HSM: scan: transition FOREIGN_CHANNEL => BSS_CHANNEL
2026-03-05 11:10:57,575 {2ab0 e502} [ 1173.657623] HSM: scan: transition BSS_CHANNEL => FOREIGN_CHANNEL
2026-03-05 11:10:57,589 <4>Jan 29 06:48:33 BZ2,002722b6662b,v4.3.28.11361: kernel: [ 1173.657623] HSM: scan: transition BSS_CHANNEL => FOREIGN_CHANNEL
2026-03-05 11:10:57,705 {2ab0 e502} [ 1173.787634] HSM: scan: transition FOREIGN_CHANNEL => BSS_CHANNEL
2026-03-05 11:10:57,716 <4>Jan 29 06:48:33 BZ2,002722b6662b,v4.3.28.11361: kernel: [ 1173.787634] HSM: scan: transition FOREIGN_CHANNEL => BSS_CHANNEL
2026-03-05 11:10:59,325 {2ab0 e502} [ 1175.407623] HSM: scan: transition BSS_CHANNEL => FOREIGN_CHANNEL
2026-03-05 11:10:59,339 <4>Jan 29 06:48:35 BZ2,002722b6662b,v4.3.28.11361: kernel: [ 1175.407623] HSM: scan: transition BSS_CHANNEL => FOREIGN_CHANNEL
2026-03-05 11:10:59,455 {2ab0 e502} [ 1175.537627] HSM: scan: transition FOREIGN_CHANNEL => BSS_CHANNEL
2026-03-05 11:10:59,466 <4>Jan 29 06:48:35 BZ2,002722b6662b,v4.3.28.11361: kernel: [ 1175.537627] HSM: scan: transition FOREIGN_CHANNEL => BSS_CHANNEL
2026-03-05 11:11:01,075 {2ab0 e502} [ 1177.157625] HSM: scan: transition BSS_CHANNEL => FOREIGN_CHANNEL
2026-03-05 11:11:01,089 <4>Jan 29 06:48:36 BZ2,002722b6662b,v4.3.28.11361: kernel: [ 1177.157625] HSM: scan: transition BSS_CHANNEL => FOREIGN_CHANNEL
2026-03-05 11:11:01,205 {2ab0 e502} [ 1177.287632] HSM: scan: transition FOREIGN_CHANNEL => BSS_CHANNEL
2026-03-05 11:11:01,216 <4>Jan 29 06:48:36 BZ2,002722b6662b,v4.3.28.11361: kernel: [ 1177.287632] HSM: scan: transition FOREIGN_CHANNEL => BSS_CHANNEL
2026-03-05 11:11:02,825 {2ab0 e502} [ 1178.907647] HSM: scan: transition BSS_CHANNEL => FOREIGN_CHANNEL
2026-03-05 11:11:02,839 <4>Jan 29 06:48:38 BZ2,002722b6662b,v4.3.28.11361: kernel: [ 1178.907647] HSM: scan: transition BSS_CHANNEL => FOREIGN_CHANNEL
2026-03-05 11:11:02,955 {2ab0 e502} [ 1179.037657] HSM: scan: transition FOREIGN_CHANNEL => BSS_CHANNEL
2026-03-05 11:11:02,966 <4>Jan 29 06:48:38 BZ2,002722b6662b,v4.3.28.11361: kernel: [ 1179.037657] HSM: scan: transition FOREIGN_CHANNEL => BSS_CHANNEL
2026-03-05 11:11:04,575 {2ab0 e502} [ 1180.657618] HSM: scan: transition BSS_CHANNEL => FOREIGN_CHANNEL
2026-03-05 11:11:04,589 <4>Jan 29 06:48:40 BZ2,002722b6662b,v4.3.28.11361: kernel: [ 1180.657618] HSM: scan: transition BSS_CHANNEL => FOREIGN_CHANNEL
2026-03-05 11:11:04,705 {2ab0 e502} [ 1180.787629] HSM: scan: transition FOREIGN_CHANNEL => BSS_CHANNEL
2026-03-05 11:11:04,717 <4>Jan 29 06:48:40 BZ2,002722b6662b,v4.3.28.11361: kernel: [ 1180.787629] HSM: scan: transition FOREIGN_CHANNEL => BSS_CHANNEL
2026-03-05 11:11:06,325 {2ab0 e502} [ 1182.407618] HSM: scan: transition BSS_CHANNEL => FOREIGN_CHANNEL
2026-03-05 11:11:06,339 <4>Jan 29 06:48:42 BZ2,002722b6662b,v4.3.28.11361: kernel: [ 1182.407618] HSM: scan: transition BSS_CHANNEL => FOREIGN_CHANNEL
2026-03-05 11:11:06,455 {2ab0 e502} [ 1182.537636] HSM: scan: transition FOREIGN_CHANNEL => BSS_CHANNEL
2026-03-05 11:11:06,466 <4>Jan 29 06:48:42 BZ2,002722b6662b,v4.3.28.11361: kernel: [ 1182.537636] HSM: scan: transition FOREIGN_CHANNEL => BSS_CHANNEL
2026-03-05 11:11:08,075 {2ab0 e502} [ 1184.157646] HSM: scan: transition BSS_CHANNEL => FOREIGN_CHANNEL
2026-03-05 11:11:08,089 <4>Jan 29 06:48:43 BZ2,002722b6662b,v4.3.28.11361: kernel: [ 1184.157646] HSM: scan: transition BSS_CHANNEL => FOREIGN_CHANNEL
2026-03-05 11:11:08,205 {2ab0 e502} [ 1184.287681] HSM: scan: transition FOREIGN_CHANNEL => BSS_CHANNEL
2026-03-05 11:11:08,216 <4>Jan 29 06:48:43 BZ2,002722b6662b,v4.3.28.11361: kernel: [ 1184.287681] HSM: scan: transition FOREIGN_CHANNEL => BSS_CHANNEL
2026-03-05 11:11:09,064 <11>Jan 29 06:48:44 BZ2,002722b6662b,v4.3.28.11361: : uplink-monitor[4697]: uplink-monitor.get_link_info(): uplink addr is null
2026-03-05 11:11:09,826 {2ab0 e502} [ 1185.907620] HSM: scan: transition BSS_CHANNEL => FOREIGN_CHANNEL
2026-03-05 11:11:09,839 <4>Jan 29 06:48:45 BZ2,002722b6662b,v4.3.28.11361: kernel: [ 1185.907620] HSM: scan: transition BSS_CHANNEL => FOREIGN_CHANNEL
2026-03-05 11:11:09,955 {2ab0 e502} [ 1186.037675] HSM: scan: transition FOREIGN_CHANNEL => BSS_CHANNEL
2026-03-05 11:11:09,966 <4>Jan 29 06:48:45 BZ2,002722b6662b,v4.3.28.11361: kernel: [ 1186.037675] HSM: scan: transition FOREIGN_CHANNEL => BSS_CHANNEL
2026-03-05 11:11:11,576 {2ab0 e502} [ 1187.657611] HSM: scan: transition BSS_CHANNEL => FOREIGN_CHANNEL
2026-03-05 11:11:11,589 <4>Jan 29 06:48:47 BZ2,002722b6662b,v4.3.28.11361: kernel: [ 1187.657611] HSM: scan: transition BSS_CHANNEL => FOREIGN_CHANNEL
2026-03-05 11:11:11,711 {2ab0 e502} [ 1187.792469] HSM: scan: transition FOREIGN_CHANNEL => IDLE
2026-03-05 11:11:11,718 <27>Jan 29 06:48:47 BZ2,002722b6662b,v4.3.28.11361: wpa_supplicant[5322]: driver_atheros_event_wireless: scan result event - SIOCGIWSCAN
2026-03-05 11:11:11,719 <4>Jan 29 06:48:47 BZ2,002722b6662b,v4.3.28.11361: kernel: [ 1187.792469] HSM: scan: transition FOREIGN_CHANNEL => IDLE
2026-03-05 11:11:12,739 {2ab0 e502} [ 1188.821613] HSM: scan: transition IDLE => BSS_CHANNEL
2026-03-05 11:11:12,746 <4>Jan 29 06:48:48 BZ2,002722b6662b,v4.3.28.11361: kernel: [ 1188.821613] HSM: scan: transition IDLE => BSS_CHANNEL
2026-03-05 11:11:13,215 {2ab0 e502} [ 1189.297635] HSM: scan: transition BSS_CHANNEL => FOREIGN_CHANNEL
2026-03-05 11:11:13,229 <4>Jan 29 06:48:48 BZ2,002722b6662b,v4.3.28.11361: kernel: [ 1189.297635] HSM: scan: transition BSS_CHANNEL => FOREIGN_CHANNEL
2026-03-05 11:11:13,346 {2ab0 e502} [ 1189.427690] HSM: scan: transition FOREIGN_CHANNEL => BSS_CHANNEL
2026-03-05 11:11:13,359 <4>Jan 29 06:48:49 BZ2,002722b6662b,v4.3.28.11361: kernel: [ 1189.427690] HSM: scan: transition FOREIGN_CHANNEL => BSS_CHANNEL
2026-03-05 11:11:14,976 {2ab0 e502} [ 1191.057932] HSM: scan: transition BSS_CHANNEL => FOREIGN_CHANNEL
2026-03-05 11:11:14,990 <4>Jan 29 06:48:50 BZ2,002722b6662b,v4.3.28.11361: kernel: [ 1191.057932] HSM: scan: transition BSS_CHANNEL => FOREIGN_CHANNEL
2026-03-05 11:11:15,105 {2ab0 e502} [ 1191.187631] HSM: scan: transition FOREIGN_CHANNEL => BSS_CHANNEL
2026-03-05 11:11:15,116 <4>Jan 29 06:48:50 BZ2,002722b6662b,v4.3.28.11361: kernel: [ 1191.187631] HSM: scan: transition FOREIGN_CHANNEL => BSS_CHANNEL
2026-03-05 11:11:16,725 {2ab0 e502} [ 1192.807640] HSM: scan: transition BSS_CHANNEL => FOREIGN_CHANNEL
2026-03-05 11:11:16,739 <4>Jan 29 06:48:52 BZ2,002722b6662b,v4.3.28.11361: kernel: [ 1192.807640] HSM: scan: transition BSS_CHANNEL => FOREIGN_CHANNEL
2026-03-05 11:11:16,855 {2ab0 e502} [ 1192.937646] HSM: scan: transition FOREIGN_CHANNEL => BSS_CHANNEL
2026-03-05 11:11:16,866 <4>Jan 29 06:48:52 BZ2,002722b6662b,v4.3.28.11361: kernel: [ 1192.937646] HSM: scan: transition FOREIGN_CHANNEL => BSS_CHANNEL
2026-03-05 11:11:18,476 {2ab0 e502} [ 1194.557634] HSM: scan: transition BSS_CHANNEL => FOREIGN_CHANNEL
2026-03-05 11:11:18,490 <4>Jan 29 06:48:54 BZ2,002722b6662b,v4.3.28.11361: kernel: [ 1194.557634] HSM: scan: transition BSS_CHANNEL => FOREIGN_CHANNEL
2026-03-05 11:11:18,606 {2ab0 e502} [ 1194.687651] HSM: scan: transition FOREIGN_CHANNEL => BSS_CHANNEL
2026-03-05 11:11:18,617 <4>Jan 29 06:48:54 BZ2,002722b6662b,v4.3.28.11361: kernel: [ 1194.687651] HSM: scan: transition FOREIGN_CHANNEL => BSS_CHANNEL
2026-03-05 11:11:20,226 {2ab0 e502} [ 1196.307626] HSM: scan: transition BSS_CHANNEL => FOREIGN_CHANNEL
2026-03-05 11:11:20,239 <4>Jan 29 06:48:55 BZ2,002722b6662b,v4.3.28.11361: kernel: [ 1196.307626] HSM: scan: transition BSS_CHANNEL => FOREIGN_CHANNEL
2026-03-05 11:11:20,356 {2ab0 e502} [ 1196.437638] HSM: scan: transition FOREIGN_CHANNEL => BSS_CHANNEL
2026-03-05 11:11:20,367 <4>Jan 29 06:48:56 BZ2,002722b6662b,v4.3.28.11361: kernel: [ 1196.437638] HSM: scan: transition FOREIGN_CHANNEL => BSS_CHANNEL
2026-03-05 11:11:21,976 {2ab0 e502} [ 1198.057620] HSM: scan: transition BSS_CHANNEL => FOREIGN_CHANNEL
2026-03-05 11:11:21,989 <4>Jan 29 06:48:57 BZ2,002722b6662b,v4.3.28.11361: kernel: [ 1198.057620] HSM: scan: transition BSS_CHANNEL => FOREIGN_CHANNEL
2026-03-05 11:11:22,106 {2ab0 e502} [ 1198.187630] HSM: scan: transition FOREIGN_CHANNEL => BSS_CHANNEL
2026-03-05 11:11:22,117 <4>Jan 29 06:48:57 BZ2,002722b6662b,v4.3.28.11361: kernel: [ 1198.187630] HSM: scan: transition FOREIGN_CHANNEL => BSS_CHANNEL
2026-03-05 11:11:23,726 {2ab0 e502} [ 1199.807677] HSM: scan: transition BSS_CHANNEL => FOREIGN_CHANNEL
2026-03-05 11:11:23,740 <4>Jan 29 06:48:59 BZ2,002722b6662b,v4.3.28.11361: kernel: [ 1199.807677] HSM: scan: transition BSS_CHANNEL => FOREIGN_CHANNEL
2026-03-05 11:11:23,856 {2ab0 e502} [ 1199.937638] HSM: scan: transition FOREIGN_CHANNEL => BSS_CHANNEL
2026-03-05 11:11:23,866 <4>Jan 29 06:48:59 BZ2,002722b6662b,v4.3.28.11361: kernel: [ 1199.937638] HSM: scan: transition FOREIGN_CHANNEL => BSS_CHANNEL
2026-03-05 11:11:24,492 <11>Jan 29 06:49:00 BZ2,002722b6662b,v4.3.28.11361: : uplink-monitor[4697]: uplink-monitor.get_link_info(): uplink addr is null
2026-03-05 11:11:25,476 {2ab0 e502} [ 1201.557627] HSM: scan: transition BSS_CHANNEL => FOREIGN_CHANNEL
2026-03-05 11:11:25,489 <4>Jan 29 06:49:01 BZ2,002722b6662b,v4.3.28.11361: kernel: [ 1201.557627] HSM: scan: transition BSS_CHANNEL => FOREIGN_CHANNEL
2026-03-05 11:11:25,606 {2ab0 e502} [ 1201.687633] HSM: scan: transition FOREIGN_CHANNEL => BSS_CHANNEL
2026-03-05 11:11:25,617 <4>Jan 29 06:49:01 BZ2,002722b6662b,v4.3.28.11361: kernel: [ 1201.687633] HSM: scan: transition FOREIGN_CHANNEL => BSS_CHANNEL
2026-03-05 11:11:27,226 {2ab0 e502} [ 1203.307613] HSM: scan: transition BSS_CHANNEL => FOREIGN_CHANNEL
2026-03-05 11:11:27,239 <4>Jan 29 06:49:02 BZ2,002722b6662b,v4.3.28.11361: kernel: [ 1203.307613] HSM: scan: transition BSS_CHANNEL => FOREIGN_CHANNEL
2026-03-05 11:11:27,356 {2ab0 e502} [ 1203.437634] HSM: scan: transition FOREIGN_CHANNEL => BSS_CHANNEL
2026-03-05 11:11:27,367 <4>Jan 29 06:49:03 BZ2,002722b6662b,v4.3.28.11361: kernel: [ 1203.437634] HSM: scan: transition FOREIGN_CHANNEL => BSS_CHANNEL
2026-03-05 11:11:28,976 {2ab0 e502} [ 1205.057654] HSM: scan: transition BSS_CHANNEL => FOREIGN_CHANNEL
2026-03-05 11:11:28,989 <4>Jan 29 06:49:04 BZ2,002722b6662b,v4.3.28.11361: kernel: [ 1205.057654] HSM: scan: transition BSS_CHANNEL => FOREIGN_CHANNEL
2026-03-05 11:11:29,106 {2ab0 e502} [ 1205.187662] HSM: scan: transition FOREIGN_CHANNEL => BSS_CHANNEL
2026-03-05 11:11:29,117 <4>Jan 29 06:49:04 BZ2,002722b6662b,v4.3.28.11361: kernel: [ 1205.187662] HSM: scan: transition FOREIGN_CHANNEL => BSS_CHANNEL
2026-03-05 11:11:30,726 {2ab0 e502} [ 1206.807619] HSM: scan: transition BSS_CHANNEL => FOREIGN_CHANNEL
2026-03-05 11:11:30,739 <4>Jan 29 06:49:06 BZ2,002722b6662b,v4.3.28.11361: kernel: [ 1206.807619] HSM: scan: transition BSS_CHANNEL => FOREIGN_CHANNEL
2026-03-05 11:11:30,856 {2ab0 e502} [ 1206.937637] HSM: scan: transition FOREIGN_CHANNEL => BSS_CHANNEL
2026-03-05 11:11:30,867 <4>Jan 29 06:49:06 BZ2,002722b6662b,v4.3.28.11361: kernel: [ 1206.937637] HSM: scan: transition FOREIGN_CHANNEL => BSS_CHANNEL
2026-03-05 11:11:32,476 {2ab0 e502} [ 1208.557618] HSM: scan: transition BSS_CHANNEL => FOREIGN_CHANNEL
2026-03-05 11:11:32,489 <4>Jan 29 06:49:08 BZ2,002722b6662b,v4.3.28.11361: kernel: [ 1208.557618] HSM: scan: transition BSS_CHANNEL => FOREIGN_CHANNEL
2026-03-05 11:11:32,606 {2ab0 e502} [ 1208.687639] HSM: scan: transition FOREIGN_CHANNEL => BSS_CHANNEL
2026-03-05 11:11:32,617 <4>Jan 29 06:49:08 BZ2,002722b6662b,v4.3.28.11361: kernel: [ 1208.687639] HSM: scan: transition FOREIGN_CHANNEL => BSS_CHANNEL
2026-03-05 11:11:34,226 {2ab0 e502} [ 1210.307683] HSM: scan: transition BSS_CHANNEL => FOREIGN_CHANNEL
2026-03-05 11:11:34,240 <4>Jan 29 06:49:09 BZ2,002722b6662b,v4.3.28.11361: kernel: [ 1210.307683] HSM: scan: transition BSS_CHANNEL => FOREIGN_CHANNEL
2026-03-05 11:11:34,361 {2ab0 e502} [ 1210.442531] HSM: scan: transition FOREIGN_CHANNEL => IDLE
2026-03-05 11:11:34,368 <27>Jan 29 06:49:10 BZ2,002722b6662b,v4.3.28.11361: wpa_supplicant[5322]: driver_atheros_event_wireless: scan result event - SIOCGIWSCAN
2026-03-05 11:11:34,368 <4>Jan 29 06:49:10 BZ2,002722b6662b,v4.3.28.11361: kernel: [ 1210.442531] HSM: scan: transition FOREIGN_CHANNEL => IDLE
2026-03-05 11:11:35,390 {2ab0 e502} [ 1211.471631] HSM: scan: transition IDLE => BSS_CHANNEL
2026-03-05 11:11:35,397 <4>Jan 29 06:49:11 BZ2,002722b6662b,v4.3.28.11361: kernel: [ 1211.471631] HSM: scan: transition IDLE => BSS_CHANNEL
2026-03-05 11:11:35,866 {2ab0 e502} [ 1211.947624] HSM: scan: transition BSS_CHANNEL => FOREIGN_CHANNEL
2026-03-05 11:11:35,880 <4>Jan 29 06:49:11 BZ2,002722b6662b,v4.3.28.11361: kernel: [ 1211.947624] HSM: scan: transition BSS_CHANNEL => FOREIGN_CHANNEL
2026-03-05 11:11:35,996 {2ab0 e502} [ 1212.077627] HSM: scan: transition FOREIGN_CHANNEL => BSS_CHANNEL
2026-03-05 11:11:36,010 <4>Jan 29 06:49:11 BZ2,002722b6662b,v4.3.28.11361: kernel: [ 1212.077627] HSM: scan: transition FOREIGN_CHANNEL => BSS_CHANNEL
2026-03-05 11:11:37,626 {2ab0 e502} [ 1213.707621] HSM: scan: transition BSS_CHANNEL => FOREIGN_CHANNEL
2026-03-05 11:11:37,639 <4>Jan 29 06:49:13 BZ2,002722b6662b,v4.3.28.11361: kernel: [ 1213.707621] HSM: scan: transition BSS_CHANNEL => FOREIGN_CHANNEL
2026-03-05 11:11:37,756 {2ab0 e502} [ 1213.837651] HSM: scan: transition FOREIGN_CHANNEL => BSS_CHANNEL
2026-03-05 11:11:37,767 <4>Jan 29 06:49:13 BZ2,002722b6662b,v4.3.28.11361: kernel: [ 1213.837651] HSM: scan: transition FOREIGN_CHANNEL => BSS_CHANNEL
2026-03-05 11:11:39,376 {2ab0 e502} [ 1215.457635] HSM: scan: transition BSS_CHANNEL => FOREIGN_CHANNEL
2026-03-05 11:11:39,389 <4>Jan 29 06:49:15 BZ2,002722b6662b,v4.3.28.11361: kernel: [ 1215.457635] HSM: scan: transition BSS_CHANNEL => FOREIGN_CHANNEL
2026-03-05 11:11:39,506 {2ab0 e502} [ 1215.587639] HSM: scan: transition FOREIGN_CHANNEL => BSS_CHANNEL
2026-03-05 11:11:39,517 <4>Jan 29 06:49:15 BZ2,002722b6662b,v4.3.28.11361: kernel: [ 1215.587639] HSM: scan: transition FOREIGN_CHANNEL => BSS_CHANNEL
2026-03-05 11:11:39,928 <11>Jan 29 06:49:15 BZ2,002722b6662b,v4.3.28.11361: : uplink-monitor[4697]: uplink-monitor.get_link_info(): uplink addr is null
2026-03-05 11:11:41,126 {2ab0 e502} [ 1217.207632] HSM: scan: transition BSS_CHANNEL => FOREIGN_CHANNEL
2026-03-05 11:11:41,139 <4>Jan 29 06:49:16 BZ2,002722b6662b,v4.3.28.11361: kernel: [ 1217.207632] HSM: scan: transition BSS_CHANNEL => FOREIGN_CHANNEL
2026-03-05 11:11:41,256 {2ab0 e502} [ 1217.337634] HSM: scan: transition FOREIGN_CHANNEL => BSS_CHANNEL
2026-03-05 11:11:41,267 <4>Jan 29 06:49:17 BZ2,002722b6662b,v4.3.28.11361: kernel: [ 1217.337634] HSM: scan: transition FOREIGN_CHANNEL => BSS_CHANNEL
2026-03-05 11:11:42,876 {2ab0 e502} [ 1218.957618] HSM: scan: transition BSS_CHANNEL => FOREIGN_CHANNEL
2026-03-05 11:11:42,889 <4>Jan 29 06:49:18 BZ2,002722b6662b,v4.3.28.11361: kernel: [ 1218.957618] HSM: scan: transition BSS_CHANNEL => FOREIGN_CHANNEL
2026-03-05 11:11:43,006 {2ab0 e502} [ 1219.087634] HSM: scan: transition FOREIGN_CHANNEL => BSS_CHANNEL
2026-03-05 11:11:43,017 <4>Jan 29 06:49:18 BZ2,002722b6662b,v4.3.28.11361: kernel: [ 1219.087634] HSM: scan: transition FOREIGN_CHANNEL => BSS_CHANNEL
2026-03-05 11:11:44,626 {2ab0 e502} [ 1220.707646] HSM: scan: transition BSS_CHANNEL => FOREIGN_CHANNEL
2026-03-05 11:11:44,640 <4>Jan 29 06:49:20 BZ2,002722b6662b,v4.3.28.11361: kernel: [ 1220.707646] HSM: scan: transition BSS_CHANNEL => FOREIGN_CHANNEL
2026-03-05 11:11:44,756 {2ab0 e502} [ 1220.837631] HSM: scan: transition FOREIGN_CHANNEL => BSS_CHANNEL
2026-03-05 11:11:44,767 <4>Jan 29 06:49:20 BZ2,002722b6662b,v4.3.28.11361: kernel: [ 1220.837631] HSM: scan: transition FOREIGN_CHANNEL => BSS_CHANNEL
2026-03-05 11:11:46,376 {2ab0 e502} [ 1222.457630] HSM: scan: transition BSS_CHANNEL => FOREIGN_CHANNEL
2026-03-05 11:11:46,389 <4>Jan 29 06:49:22 BZ2,002722b6662b,v4.3.28.11361: kernel: [ 1222.457630] HSM: scan: transition BSS_CHANNEL => FOREIGN_CHANNEL
2026-03-05 11:11:46,506 {2ab0 e502} [ 1222.587628] HSM: scan: transition FOREIGN_CHANNEL => BSS_CHANNEL
2026-03-05 11:11:46,517 <4>Jan 29 06:49:22 BZ2,002722b6662b,v4.3.28.11361: kernel: [ 1222.587628] HSM: scan: transition FOREIGN_CHANNEL => BSS_CHANNEL
2026-03-05 11:11:48,126 {2ab0 e502} [ 1224.207624] HSM: scan: transition BSS_CHANNEL => FOREIGN_CHANNEL
2026-03-05 11:11:48,139 <4>Jan 29 06:49:23 BZ2,002722b6662b,v4.3.28.11361: kernel: [ 1224.207624] HSM: scan: transition BSS_CHANNEL => FOREIGN_CHANNEL
2026-03-05 11:11:48,256 {2ab0 e502} [ 1224.337628] HSM: scan: transition FOREIGN_CHANNEL => BSS_CHANNEL
2026-03-05 11:11:48,267 <4>Jan 29 06:49:24 BZ2,002722b6662b,v4.3.28.11361: kernel: [ 1224.337628] HSM: scan: transition FOREIGN_CHANNEL => BSS_CHANNEL
2026-03-05 11:11:49,876 {2ab0 e502} [ 1225.957618] HSM: scan: transition BSS_CHANNEL => FOREIGN_CHANNEL
2026-03-05 11:11:49,890 <4>Jan 29 06:49:25 BZ2,002722b6662b,v4.3.28.11361: kernel: [ 1225.957618] HSM: scan: transition BSS_CHANNEL => FOREIGN_CHANNEL
2026-03-05 11:11:50,006 {2ab0 e502} [ 1226.087633] HSM: scan: transition FOREIGN_CHANNEL => BSS_CHANNEL
2026-03-05 11:11:50,017 <4>Jan 29 06:49:25 BZ2,002722b6662b,v4.3.28.11361: kernel: [ 1226.087633] HSM: scan: transition FOREIGN_CHANNEL => BSS_CHANNEL
2026-03-05 11:11:51,626 {2ab0 e502} [ 1227.707625] HSM: scan: transition BSS_CHANNEL => FOREIGN_CHANNEL
2026-03-05 11:11:51,640 <4>Jan 29 06:49:27 BZ2,002722b6662b,v4.3.28.11361: kernel: [ 1227.707625] HSM: scan: transition BSS_CHANNEL => FOREIGN_CHANNEL
2026-03-05 11:11:51,758 {2ab0 e502} [ 1227.837638] HSM: scan: transition FOREIGN_CHANNEL => BSS_CHANNEL
2026-03-05 11:11:51,767 <4>Jan 29 06:49:27 BZ2,002722b6662b,v4.3.28.11361: kernel: [ 1227.837638] HSM: scan: transition FOREIGN_CHANNEL => BSS_CHANNEL
2026-03-05 11:11:53,376 {2ab0 e502} [ 1229.457619] HSM: scan: transition BSS_CHANNEL => FOREIGN_CHANNEL
2026-03-05 11:11:53,390 <4>Jan 29 06:49:29 BZ2,002722b6662b,v4.3.28.11361: kernel: [ 1229.457619] HSM: scan: transition BSS_CHANNEL => FOREIGN_CHANNEL
2026-03-05 11:11:53,506 {2ab0 e502} [ 1229.587638] HSM: scan: transition FOREIGN_CHANNEL => BSS_CHANNEL
2026-03-05 11:11:53,517 <4>Jan 29 06:49:29 BZ2,002722b6662b,v4.3.28.11361: kernel: [ 1229.587638] HSM: scan: transition FOREIGN_CHANNEL => BSS_CHANNEL
2026-03-05 11:11:55,126 {2ab0 e502} [ 1231.207660] HSM: scan: transition BSS_CHANNEL => FOREIGN_CHANNEL
2026-03-05 11:11:55,140 <4>Jan 29 06:49:30 BZ2,002722b6662b,v4.3.28.11361: kernel: [ 1231.207660] HSM: scan: transition BSS_CHANNEL => FOREIGN_CHANNEL
2026-03-05 11:11:55,256 {2ab0 e502} [ 1231.337736] HSM: scan: transition FOREIGN_CHANNEL => BSS_CHANNEL
2026-03-05 11:11:55,267 <4>Jan 29 06:49:31 BZ2,002722b6662b,v4.3.28.11361: kernel: [ 1231.337736] HSM: scan: transition FOREIGN_CHANNEL => BSS_CHANNEL
2026-03-05 11:11:55,359 <11>Jan 29 06:49:31 BZ2,002722b6662b,v4.3.28.11361: : uplink-monitor[4697]: uplink-monitor.get_link_info(): uplink addr is null
2026-03-05 11:11:56,876 {2ab0 e502} [ 1232.957629] HSM: scan: transition BSS_CHANNEL => FOREIGN_CHANNEL
2026-03-05 11:11:56,890 <4>Jan 29 06:49:32 BZ2,002722b6662b,v4.3.28.11361: kernel: [ 1232.957629] HSM: scan: transition BSS_CHANNEL => FOREIGN_CHANNEL
2026-03-05 11:11:57,011 {2ab0 e502} [ 1233.092521] HSM: scan: transition FOREIGN_CHANNEL => IDLE
2026-03-05 11:11:57,019 <4>Jan 29 06:49:32 BZ2,002722b6662b,v4.3.28.11361: kernel: [ 1233.092521] HSM: scan: transition FOREIGN_CHANNEL => IDLE
2026-03-05 11:11:57,022 <27>Jan 29 06:49:32 BZ2,002722b6662b,v4.3.28.11361: wpa_supplicant[5322]: driver_atheros_event_wireless: scan result event - SIOCGIWSCAN
2026-03-05 11:11:58,040 {2ab0 e502} [ 1234.121631] HSM: scan: transition IDLE => BSS_CHANNEL
2026-03-05 11:11:58,047 <4>Jan 29 06:49:33 BZ2,002722b6662b,v4.3.28.11361: kernel: [ 1234.121631] HSM: scan: transition IDLE => BSS_CHANNEL
2026-03-05 11:11:58,516 {2ab0 e502} [ 1234.597624] HSM: scan: transition BSS_CHANNEL => FOREIGN_CHANNEL
2026-03-05 11:11:58,530 <4>Jan 29 06:49:34 BZ2,002722b6662b,v4.3.28.11361: kernel: [ 1234.597624] HSM: scan: transition BSS_CHANNEL => FOREIGN_CHANNEL
2026-03-05 11:11:58,646 {2ab0 e502} [ 1234.727649] HSM: scan: transition FOREIGN_CHANNEL => BSS_CHANNEL
2026-03-05 11:11:58,660 <4>Jan 29 06:49:34 BZ2,002722b6662b,v4.3.28.11361: kernel: [ 1234.727649] HSM: scan: transition FOREIGN_CHANNEL => BSS_CHANNEL
2026-03-05 11:12:00,276 {2ab0 e502} [ 1236.357624] HSM: scan: transition BSS_CHANNEL => FOREIGN_CHANNEL
2026-03-05 11:12:00,290 <4>Jan 29 06:49:36 BZ2,002722b6662b,v4.3.28.11361: kernel: [ 1236.357624] HSM: scan: transition BSS_CHANNEL => FOREIGN_CHANNEL
2026-03-05 11:12:00,406 {2ab0 e502} [ 1236.487646] HSM: scan: transition FOREIGN_CHANNEL => BSS_CHANNEL
2026-03-05 11:12:00,417 <4>Jan 29 06:49:36 BZ2,002722b6662b,v4.3.28.11361: kernel: [ 1236.487646] HSM: scan: transition FOREIGN_CHANNEL => BSS_CHANNEL
2026-03-05 11:12:02,026 {2ab0 e502} [ 1238.107620] HSM: scan: transition BSS_CHANNEL => FOREIGN_CHANNEL
2026-03-05 11:12:02,040 <4>Jan 29 06:49:37 BZ2,002722b6662b,v4.3.28.11361: kernel: [ 1238.107620] HSM: scan: transition BSS_CHANNEL => FOREIGN_CHANNEL
2026-03-05 11:12:02,156 {2ab0 e502} [ 1238.237675] HSM: scan: transition FOREIGN_CHANNEL => BSS_CHANNEL
2026-03-05 11:12:02,167 <4>Jan 29 06:49:37 BZ2,002722b6662b,v4.3.28.11361: kernel: [ 1238.237675] HSM: scan: transition FOREIGN_CHANNEL => BSS_CHANNEL
2026-03-05 11:12:03,776 {2ab0 e502} [ 1239.857620] HSM: scan: transition BSS_CHANNEL => FOREIGN_CHANNEL
2026-03-05 11:12:03,790 <4>Jan 29 06:49:39 BZ2,002722b6662b,v4.3.28.11361: kernel: [ 1239.857620] HSM: scan: transition BSS_CHANNEL => FOREIGN_CHANNEL
2026-03-05 11:12:03,907 {2ab0 e502} [ 1239.987636] HSM: scan: transition FOREIGN_CHANNEL => BSS_CHANNEL
2026-03-05 11:12:03,917 <4>Jan 29 06:49:39 BZ2,002722b6662b,v4.3.28.11361: kernel: [ 1239.987636] HSM: scan: transition FOREIGN_CHANNEL => BSS_CHANNEL
2026-03-05 11:12:05,526 {2ab0 e502} [ 1241.607620] HSM: scan: transition BSS_CHANNEL => FOREIGN_CHANNEL
2026-03-05 11:12:05,545 <4>Jan 29 06:49:41 BZ2,002722b6662b,v4.3.28.11361: kernel: [ 1241.607620] HSM: scan: transition BSS_CHANNEL => FOREIGN_CHANNEL
2026-03-05 11:12:05,656 {2ab0 e502} [ 1241.737633] HSM: scan: transition FOREIGN_CHANNEL => BSS_CHANNEL
2026-03-05 11:12:05,668 <4>Jan 29 06:49:41 BZ2,002722b6662b,v4.3.28.11361: kernel: [ 1241.737633] HSM: scan: transition FOREIGN_CHANNEL => BSS_CHANNEL
2026-03-05 11:12:07,276 {2ab0 e502} [ 1243.357624] HSM: scan: transition BSS_CHANNEL => FOREIGN_CHANNEL
2026-03-05 11:12:07,290 <4>Jan 29 06:49:43 BZ2,002722b6662b,v4.3.28.11361: kernel: [ 1243.357624] HSM: scan: transition BSS_CHANNEL => FOREIGN_CHANNEL
2026-03-05 11:12:07,406 {2ab0 e502} [ 1243.487628] HSM: scan: transition FOREIGN_CHANNEL => BSS_CHANNEL
2026-03-05 11:12:07,417 <4>Jan 29 06:49:43 BZ2,002722b6662b,v4.3.28.11361: kernel: [ 1243.487628] HSM: scan: transition FOREIGN_CHANNEL => BSS_CHANNEL
2026-03-05 11:12:09,026 {2ab0 e502} [ 1245.107619] HSM: scan: transition BSS_CHANNEL => FOREIGN_CHANNEL
2026-03-05 11:12:09,040 <4>Jan 29 06:49:44 BZ2,002722b6662b,v4.3.28.11361: kernel: [ 1245.107619] HSM: scan: transition BSS_CHANNEL => FOREIGN_CHANNEL
2026-03-05 11:12:09,156 {2ab0 e502} [ 1245.237657] HSM: scan: transition FOREIGN_CHANNEL => BSS_CHANNEL
2026-03-05 11:12:09,167 <4>Jan 29 06:49:44 BZ2,002722b6662b,v4.3.28.11361: kernel: [ 1245.237657] HSM: scan: transition FOREIGN_CHANNEL => BSS_CHANNEL
2026-03-05 11:12:10,776 {2ab0 e502} [ 1246.857619] HSM: scan: transition BSS_CHANNEL => FOREIGN_CHANNEL
2026-03-05 11:12:10,798 <4>Jan 29 06:49:46 BZ2,002722b6662b,v4.3.28.11361: kernel: [ 1246.857619] HSM: scan: transition BSS_CHANNEL => FOREIGN_CHANNEL
2026-03-05 11:12:10,798 <11>Jan 29 06:49:46 BZ2,002722b6662b,v4.3.28.11361: : uplink-monitor[4697]: uplink-monitor.get_link_info(): uplink addr is null
2026-03-05 11:12:10,906 {2ab0 e502} [ 1246.987671] HSM: scan: transition FOREIGN_CHANNEL => BSS_CHANNEL
2026-03-05 11:12:10,917 <4>Jan 29 06:49:46 BZ2,002722b6662b,v4.3.28.11361: kernel: [ 1246.987671] HSM: scan: transition FOREIGN_CHANNEL => BSS_CHANNEL
2026-03-05 11:12:12,527 {2ab0 e502} [ 1248.607624] HSM: scan: transition BSS_CHANNEL => FOREIGN_CHANNEL
2026-03-05 11:12:12,540 <4>Jan 29 06:49:48 BZ2,002722b6662b,v4.3.28.11361: kernel: [ 1248.607624] HSM: scan: transition BSS_CHANNEL => FOREIGN_CHANNEL
2026-03-05 11:12:12,656 {2ab0 e502} [ 1248.737636] HSM: scan: transition FOREIGN_CHANNEL => BSS_CHANNEL
2026-03-05 11:12:12,667 <4>Jan 29 06:49:48 BZ2,002722b6662b,v4.3.28.11361: kernel: [ 1248.737636] HSM: scan: transition FOREIGN_CHANNEL => BSS_CHANNEL
2026-03-05 11:12:14,276 {2ab0 e502} [ 1250.357631] HSM: scan: transition BSS_CHANNEL => FOREIGN_CHANNEL
2026-03-05 11:12:14,290 <4>Jan 29 06:49:50 BZ2,002722b6662b,v4.3.28.11361: kernel: [ 1250.357631] HSM: scan: transition BSS_CHANNEL => FOREIGN_CHANNEL
2026-03-05 11:12:14,406 {2ab0 e502} [ 1250.487639] HSM: scan: transition FOREIGN_CHANNEL => BSS_CHANNEL
2026-03-05 11:12:14,417 <4>Jan 29 06:49:50 BZ2,002722b6662b,v4.3.28.11361: kernel: [ 1250.487639] HSM: scan: transition FOREIGN_CHANNEL => BSS_CHANNEL
2026-03-05 11:12:16,026 {2ab0 e502} [ 1252.107620] HSM: scan: transition BSS_CHANNEL => FOREIGN_CHANNEL
2026-03-05 11:12:16,040 <4>Jan 29 06:49:51 BZ2,002722b6662b,v4.3.28.11361: kernel: [ 1252.107620] HSM: scan: transition BSS_CHANNEL => FOREIGN_CHANNEL
2026-03-05 11:12:16,156 {2ab0 e502} [ 1252.237639] HSM: scan: transition FOREIGN_CHANNEL => BSS_CHANNEL
2026-03-05 11:12:16,167 <4>Jan 29 06:49:51 BZ2,002722b6662b,v4.3.28.11361: kernel: [ 1252.237639] HSM: scan: transition FOREIGN_CHANNEL => BSS_CHANNEL
2026-03-05 11:12:17,776 {2ab0 e502} [ 1253.857619] HSM: scan: transition BSS_CHANNEL => FOREIGN_CHANNEL
2026-03-05 11:12:17,790 <4>Jan 29 06:49:53 BZ2,002722b6662b,v4.3.28.11361: kernel: [ 1253.857619] HSM: scan: transition BSS_CHANNEL => FOREIGN_CHANNEL
2026-03-05 11:12:17,907 {2ab0 e502} [ 1253.987641] HSM: scan: transition FOREIGN_CHANNEL => BSS_CHANNEL
2026-03-05 11:12:17,918 <4>Jan 29 06:49:53 BZ2,002722b6662b,v4.3.28.11361: kernel: [ 1253.987641] HSM: scan: transition FOREIGN_CHANNEL => BSS_CHANNEL
2026-03-05 11:12:19,527 {2ab0 e502} [ 1255.607625] HSM: scan: transition BSS_CHANNEL => FOREIGN_CHANNEL
2026-03-05 11:12:19,540 <4>Jan 29 06:49:55 BZ2,002722b6662b,v4.3.28.11361: kernel: [ 1255.607625] HSM: scan: transition BSS_CHANNEL => FOREIGN_CHANNEL
2026-03-05 11:12:19,661 {2ab0 e502} [ 1255.742465] HSM: scan: transition FOREIGN_CHANNEL => IDLE
2026-03-05 11:12:19,669 <27>Jan 29 06:49:55 BZ2,002722b6662b,v4.3.28.11361: wpa_supplicant[5322]: driver_atheros_event_wireless: scan result event - SIOCGIWSCAN
2026-03-05 11:12:19,669 <4>Jan 29 06:49:55 BZ2,002722b6662b,v4.3.28.11361: kernel: [ 1255.742465] HSM: scan: transition FOREIGN_CHANNEL => IDLE
2026-03-05 11:12:20,690 {2ab0 e502} [ 1256.771648] HSM: scan: transition IDLE => BSS_CHANNEL
2026-03-05 11:12:20,698 <4>Jan 29 06:49:56 BZ2,002722b6662b,v4.3.28.11361: kernel: [ 1256.771648] HSM: scan: transition IDLE => BSS_CHANNEL
2026-03-05 11:12:21,166 {2ab0 e502} [ 1257.247620] HSM: scan: transition BSS_CHANNEL => FOREIGN_CHANNEL
2026-03-05 11:12:21,182 <4>Jan 29 06:49:56 BZ2,002722b6662b,v4.3.28.11361: kernel: [ 1257.247620] HSM: scan: transition BSS_CHANNEL => FOREIGN_CHANNEL
2026-03-05 11:12:21,296 {2ab0 e502} [ 1257.377632] HSM: scan: transition FOREIGN_CHANNEL => BSS_CHANNEL
2026-03-05 11:12:21,310 <4>Jan 29 06:49:57 BZ2,002722b6662b,v4.3.28.11361: kernel: [ 1257.377632] HSM: scan: transition FOREIGN_CHANNEL => BSS_CHANNEL
2026-03-05 11:12:22,926 {2ab0 e502} [ 1259.007620] HSM: scan: transition BSS_CHANNEL => FOREIGN_CHANNEL
2026-03-05 11:12:22,940 <4>Jan 29 06:49:58 BZ2,002722b6662b,v4.3.28.11361: kernel: [ 1259.007620] HSM: scan: transition BSS_CHANNEL => FOREIGN_CHANNEL
2026-03-05 11:12:23,056 {2ab0 e502} [ 1259.137630] HSM: scan: transition FOREIGN_CHANNEL => BSS_CHANNEL
2026-03-05 11:12:23,068 <4>Jan 29 06:49:58 BZ2,002722b6662b,v4.3.28.11361: kernel: [ 1259.137630] HSM: scan: transition FOREIGN_CHANNEL => BSS_CHANNEL
2026-03-05 11:12:24,676 {2ab0 e502} [ 1260.757624] HSM: scan: transition BSS_CHANNEL => FOREIGN_CHANNEL
2026-03-05 11:12:24,691 <4>Jan 29 06:50:00 BZ2,002722b6662b,v4.3.28.11361: kernel: [ 1260.757624] HSM: scan: transition BSS_CHANNEL => FOREIGN_CHANNEL
2026-03-05 11:12:24,806 {2ab0 e502} [ 1260.887646] HSM: scan: transition FOREIGN_CHANNEL => BSS_CHANNEL
2026-03-05 11:12:24,818 <4>Jan 29 06:50:00 BZ2,002722b6662b,v4.3.28.11361: kernel: [ 1260.887646] HSM: scan: transition FOREIGN_CHANNEL => BSS_CHANNEL
2026-03-05 11:12:26,239 <11>Jan 29 06:50:01 BZ2,002722b6662b,v4.3.28.11361: : uplink-monitor[4697]: uplink-monitor.get_link_info(): uplink addr is null
2026-03-05 11:12:26,426 {2ab0 e502} [ 1262.507683] HSM: scan: transition BSS_CHANNEL => FOREIGN_CHANNEL
2026-03-05 11:12:26,440 <4>Jan 29 06:50:02 BZ2,002722b6662b,v4.3.28.11361: kernel: [ 1262.507683] HSM: scan: transition BSS_CHANNEL => FOREIGN_CHANNEL
2026-03-05 11:12:26,557 {2ab0 e502} [ 1262.638456] HSM: scan: transition FOREIGN_CHANNEL => BSS_CHANNEL
2026-03-05 11:12:26,567 <4>Jan 29 06:50:02 BZ2,002722b6662b,v4.3.28.11361: kernel: [ 1262.638456] HSM: scan: transition FOREIGN_CHANNEL => BSS_CHANNEL
2026-03-05 11:12:28,176 {2ab0 e502} [ 1264.257618] HSM: scan: transition BSS_CHANNEL => FOREIGN_CHANNEL
2026-03-05 11:12:28,190 <4>Jan 29 06:50:03 BZ2,002722b6662b,v4.3.28.11361: kernel: [ 1264.257618] HSM: scan: transition BSS_CHANNEL => FOREIGN_CHANNEL
2026-03-05 11:12:28,306 {2ab0 e502} [ 1264.387627] HSM: scan: transition FOREIGN_CHANNEL => BSS_CHANNEL
2026-03-05 11:12:28,318 <4>Jan 29 06:50:04 BZ2,002722b6662b,v4.3.28.11361: kernel: [ 1264.387627] HSM: scan: transition FOREIGN_CHANNEL => BSS_CHANNEL
2026-03-05 11:12:29,927 {2ab0 e502} [ 1266.007627] HSM: scan: transition BSS_CHANNEL => FOREIGN_CHANNEL
2026-03-05 11:12:29,940 <4>Jan 29 06:50:05 BZ2,002722b6662b,v4.3.28.11361: kernel: [ 1266.007627] HSM: scan: transition BSS_CHANNEL => FOREIGN_CHANNEL
2026-03-05 11:12:30,056 {2ab0 e502} [ 1266.137633] HSM: scan: transition FOREIGN_CHANNEL => BSS_CHANNEL
2026-03-05 11:12:30,069 <4>Jan 29 06:50:05 BZ2,002722b6662b,v4.3.28.11361: kernel: [ 1266.137633] HSM: scan: transition FOREIGN_CHANNEL => BSS_CHANNEL
2026-03-05 11:12:31,677 {2ab0 e502} [ 1267.757627] HSM: scan: transition BSS_CHANNEL => FOREIGN_CHANNEL
2026-03-05 11:12:31,690 <4>Jan 29 06:50:07 BZ2,002722b6662b,v4.3.28.11361: kernel: [ 1267.757627] HSM: scan: transition BSS_CHANNEL => FOREIGN_CHANNEL
2026-03-05 11:12:31,807 {2ab0 e502} [ 1267.887628] HSM: scan: transition FOREIGN_CHANNEL => BSS_CHANNEL
2026-03-05 11:12:31,818 <4>Jan 29 06:50:07 BZ2,002722b6662b,v4.3.28.11361: kernel: [ 1267.887628] HSM: scan: transition FOREIGN_CHANNEL => BSS_CHANNEL
2026-03-05 11:12:33,426 {2ab0 e502} [ 1269.507629] HSM: scan: transition BSS_CHANNEL => FOREIGN_CHANNEL
2026-03-05 11:12:33,440 <4>Jan 29 06:50:09 BZ2,002722b6662b,v4.3.28.11361: kernel: [ 1269.507629] HSM: scan: transition BSS_CHANNEL => FOREIGN_CHANNEL
2026-03-05 11:12:33,557 {2ab0 e502} [ 1269.637631] HSM: scan: transition FOREIGN_CHANNEL => BSS_CHANNEL
2026-03-05 11:12:33,568 <4>Jan 29 06:50:09 BZ2,002722b6662b,v4.3.28.11361: kernel: [ 1269.637631] HSM: scan: transition FOREIGN_CHANNEL => BSS_CHANNEL
2026-03-05 11:12:35,177 {2ab0 e502} [ 1271.257619] HSM: scan: transition BSS_CHANNEL => FOREIGN_CHANNEL
2026-03-05 11:12:35,191 <4>Jan 29 06:50:10 BZ2,002722b6662b,v4.3.28.11361: kernel: [ 1271.257619] HSM: scan: transition BSS_CHANNEL => FOREIGN_CHANNEL
2026-03-05 11:12:35,306 {2ab0 e502} [ 1271.387629] HSM: scan: transition FOREIGN_CHANNEL => BSS_CHANNEL
2026-03-05 11:12:35,318 <4>Jan 29 06:50:11 BZ2,002722b6662b,v4.3.28.11361: kernel: [ 1271.387629] HSM: scan: transition FOREIGN_CHANNEL => BSS_CHANNEL
2026-03-05 11:12:36,927 {2ab0 e502} [ 1273.007625] HSM: scan: transition BSS_CHANNEL => FOREIGN_CHANNEL
2026-03-05 11:12:36,940 <4>Jan 29 06:50:12 BZ2,002722b6662b,v4.3.28.11361: kernel: [ 1273.007625] HSM: scan: transition BSS_CHANNEL => FOREIGN_CHANNEL
2026-03-05 11:12:37,057 {2ab0 e502} [ 1273.137637] HSM: scan: transition FOREIGN_CHANNEL => BSS_CHANNEL
2026-03-05 11:12:37,068 <4>Jan 29 06:50:12 BZ2,002722b6662b,v4.3.28.11361: kernel: [ 1273.137637] HSM: scan: transition FOREIGN_CHANNEL => BSS_CHANNEL
2026-03-05 11:12:38,677 {2ab0 e502} [ 1274.757639] HSM: scan: transition BSS_CHANNEL => FOREIGN_CHANNEL
2026-03-05 11:12:38,690 <4>Jan 29 06:50:14 BZ2,002722b6662b,v4.3.28.11361: kernel: [ 1274.757639] HSM: scan: transition BSS_CHANNEL => FOREIGN_CHANNEL
2026-03-05 11:12:38,806 {2ab0 e502} [ 1274.887637] HSM: scan: transition FOREIGN_CHANNEL => BSS_CHANNEL
2026-03-05 11:12:38,818 <4>Jan 29 06:50:14 BZ2,002722b6662b,v4.3.28.11361: kernel: [ 1274.887637] HSM: scan: transition FOREIGN_CHANNEL => BSS_CHANNEL
2026-03-05 11:12:40,427 {2ab0 e502} [ 1276.507627] HSM: scan: transition BSS_CHANNEL => FOREIGN_CHANNEL
2026-03-05 11:12:40,440 <4>Jan 29 06:50:16 BZ2,002722b6662b,v4.3.28.11361: kernel: [ 1276.507627] HSM: scan: transition BSS_CHANNEL => FOREIGN_CHANNEL
2026-03-05 11:12:40,557 {2ab0 e502} [ 1276.637668] HSM: scan: transition FOREIGN_CHANNEL => BSS_CHANNEL
2026-03-05 11:12:40,568 <4>Jan 29 06:50:16 BZ2,002722b6662b,v4.3.28.11361: kernel: [ 1276.637668] HSM: scan: transition FOREIGN_CHANNEL => BSS_CHANNEL
2026-03-05 11:12:41,699 <11>Jan 29 06:50:17 BZ2,002722b6662b,v4.3.28.11361: : uplink-monitor[4697]: uplink-monitor.get_link_info(): uplink addr is null
2026-03-05 11:12:42,177 {2ab0 e502} [ 1278.257627] HSM: scan: transition BSS_CHANNEL => FOREIGN_CHANNEL
2026-03-05 11:12:42,190 <4>Jan 29 06:50:17 BZ2,002722b6662b,v4.3.28.11361: kernel: [ 1278.257627] HSM: scan: transition BSS_CHANNEL => FOREIGN_CHANNEL
2026-03-05 11:12:42,311 {2ab0 e502} [ 1278.392513] HSM: scan: transition FOREIGN_CHANNEL => IDLE
2026-03-05 11:12:42,320 <4>Jan 29 06:50:18 BZ2,002722b6662b,v4.3.28.11361: kernel: [ 1278.392513] HSM: scan: transition FOREIGN_CHANNEL => IDLE
2026-03-05 11:12:42,323 <27>Jan 29 06:50:18 BZ2,002722b6662b,v4.3.28.11361: wpa_supplicant[5322]: driver_atheros_event_wireless: scan result event - SIOCGIWSCAN
2026-03-05 11:12:43,341 {2ab0 e502} [ 1279.421611] HSM: scan: transition IDLE => BSS_CHANNEL
2026-03-05 11:12:43,348 <4>Jan 29 06:50:19 BZ2,002722b6662b,v4.3.28.11361: kernel: [ 1279.421611] HSM: scan: transition IDLE => BSS_CHANNEL
2026-03-05 11:12:43,817 {2ab0 e502} [ 1279.897621] HSM: scan: transition BSS_CHANNEL => FOREIGN_CHANNEL
2026-03-05 11:12:43,831 <4>Jan 29 06:50:19 BZ2,002722b6662b,v4.3.28.11361: kernel: [ 1279.897621] HSM: scan: transition BSS_CHANNEL => FOREIGN_CHANNEL
2026-03-05 11:12:43,947 {2ab0 e502} [ 1280.027627] HSM: scan: transition FOREIGN_CHANNEL => BSS_CHANNEL
2026-03-05 11:12:43,961 <4>Jan 29 06:50:19 BZ2,002722b6662b,v4.3.28.11361: kernel: [ 1280.027627] HSM: scan: transition FOREIGN_CHANNEL => BSS_CHANNEL
2026-03-05 11:12:45,577 {2ab0 e502} [ 1281.657618] HSM: scan: transition BSS_CHANNEL => FOREIGN_CHANNEL
2026-03-05 11:12:45,591 <4>Jan 29 06:50:21 BZ2,002722b6662b,v4.3.28.11361: kernel: [ 1281.657618] HSM: scan: transition BSS_CHANNEL => FOREIGN_CHANNEL
2026-03-05 11:12:45,707 {2ab0 e502} [ 1281.787635] HSM: scan: transition FOREIGN_CHANNEL => BSS_CHANNEL
2026-03-05 11:12:45,718 <4>Jan 29 06:50:21 BZ2,002722b6662b,v4.3.28.11361: kernel: [ 1281.787635] HSM: scan: transition FOREIGN_CHANNEL => BSS_CHANNEL
2026-03-05 11:12:47,327 {2ab0 e502} [ 1283.407619] HSM: scan: transition BSS_CHANNEL => FOREIGN_CHANNEL
2026-03-05 11:12:47,340 <4>Jan 29 06:50:23 BZ2,002722b6662b,v4.3.28.11361: kernel: [ 1283.407619] HSM: scan: transition BSS_CHANNEL => FOREIGN_CHANNEL
2026-03-05 11:12:47,457 {2ab0 e502} [ 1283.537643] HSM: scan: transition FOREIGN_CHANNEL => BSS_CHANNEL
2026-03-05 11:12:47,469 <4>Jan 29 06:50:23 BZ2,002722b6662b,v4.3.28.11361: kernel: [ 1283.537643] HSM: scan: transition FOREIGN_CHANNEL => BSS_CHANNEL
2026-03-05 11:12:49,077 {2ab0 e502} [ 1285.157628] HSM: scan: transition BSS_CHANNEL => FOREIGN_CHANNEL
2026-03-05 11:12:49,090 <4>Jan 29 06:50:24 BZ2,002722b6662b,v4.3.28.11361: kernel: [ 1285.157628] HSM: scan: transition BSS_CHANNEL => FOREIGN_CHANNEL
2026-03-05 11:12:49,208 {2ab0 e502} [ 1285.287634] HSM: scan: transition FOREIGN_CHANNEL => BSS_CHANNEL
2026-03-05 11:12:49,218 <4>Jan 29 06:50:24 BZ2,002722b6662b,v4.3.28.11361: kernel: [ 1285.287634] HSM: scan: transition FOREIGN_CHANNEL => BSS_CHANNEL
2026-03-05 11:12:50,827 {2ab0 e502} [ 1286.907617] HSM: scan: transition BSS_CHANNEL => FOREIGN_CHANNEL
2026-03-05 11:12:50,840 <4>Jan 29 06:50:26 BZ2,002722b6662b,v4.3.28.11361: kernel: [ 1286.907617] HSM: scan: transition BSS_CHANNEL => FOREIGN_CHANNEL
2026-03-05 11:12:50,957 {2ab0 e502} [ 1287.037633] HSM: scan: transition FOREIGN_CHANNEL => BSS_CHANNEL
2026-03-05 11:12:50,968 <4>Jan 29 06:50:26 BZ2,002722b6662b,v4.3.28.11361: kernel: [ 1287.037633] HSM: scan: transition FOREIGN_CHANNEL => BSS_CHANNEL
2026-03-05 11:12:52,577 {2ab0 e502} [ 1288.657628] HSM: scan: transition BSS_CHANNEL => FOREIGN_CHANNEL
2026-03-05 11:12:52,591 <4>Jan 29 06:50:28 BZ2,002722b6662b,v4.3.28.11361: kernel: [ 1288.657628] HSM: scan: transition BSS_CHANNEL => FOREIGN_CHANNEL
2026-03-05 11:12:52,707 {2ab0 e502} [ 1288.787627] HSM: scan: transition FOREIGN_CHANNEL => BSS_CHANNEL
2026-03-05 11:12:52,718 <4>Jan 29 06:50:28 BZ2,002722b6662b,v4.3.28.11361: kernel: [ 1288.787627] HSM: scan: transition FOREIGN_CHANNEL => BSS_CHANNEL
2026-03-05 11:12:54,327 {2ab0 e502} [ 1290.407620] HSM: scan: transition BSS_CHANNEL => FOREIGN_CHANNEL
2026-03-05 11:12:54,341 <4>Jan 29 06:50:30 BZ2,002722b6662b,v4.3.28.11361: kernel: [ 1290.407620] HSM: scan: transition BSS_CHANNEL => FOREIGN_CHANNEL
2026-03-05 11:12:54,457 {2ab0 e502} [ 1290.537634] HSM: scan: transition FOREIGN_CHANNEL => BSS_CHANNEL
2026-03-05 11:12:54,468 <4>Jan 29 06:50:30 BZ2,002722b6662b,v4.3.28.11361: kernel: [ 1290.537634] HSM: scan: transition FOREIGN_CHANNEL => BSS_CHANNEL
2026-03-05 11:12:56,077 {2ab0 e502} [ 1292.157620] HSM: scan: transition BSS_CHANNEL => FOREIGN_CHANNEL
2026-03-05 11:12:56,090 <4>Jan 29 06:50:31 BZ2,002722b6662b,v4.3.28.11361: kernel: [ 1292.157620] HSM: scan: transition BSS_CHANNEL => FOREIGN_CHANNEL
2026-03-05 11:12:56,207 {2ab0 e502} [ 1292.287633] HSM: scan: transition FOREIGN_CHANNEL => BSS_CHANNEL
2026-03-05 11:12:56,218 <4>Jan 29 06:50:31 BZ2,002722b6662b,v4.3.28.11361: kernel: [ 1292.287633] HSM: scan: transition FOREIGN_CHANNEL => BSS_CHANNEL
2026-03-05 11:12:57,123 <11>Jan 29 06:50:32 BZ2,002722b6662b,v4.3.28.11361: : uplink-monitor[4697]: uplink-monitor.get_link_info(): uplink addr is null
2026-03-05 11:12:57,827 {2ab0 e502} [ 1293.907624] HSM: scan: transition BSS_CHANNEL => FOREIGN_CHANNEL
2026-03-05 11:12:57,846 <4>Jan 29 06:50:33 BZ2,002722b6662b,v4.3.28.11361: kernel: [ 1293.907624] HSM: scan: transition BSS_CHANNEL => FOREIGN_CHANNEL
2026-03-05 11:12:57,957 {2ab0 e502} [ 1294.037633] HSM: scan: transition FOREIGN_CHANNEL => BSS_CHANNEL
2026-03-05 11:12:57,968 <4>Jan 29 06:50:33 BZ2,002722b6662b,v4.3.28.11361: kernel: [ 1294.037633] HSM: scan: transition FOREIGN_CHANNEL => BSS_CHANNEL
2026-03-05 11:12:59,577 {2ab0 e502} [ 1295.657619] HSM: scan: transition BSS_CHANNEL => FOREIGN_CHANNEL
2026-03-05 11:12:59,591 <4>Jan 29 06:50:35 BZ2,002722b6662b,v4.3.28.11361: kernel: [ 1295.657619] HSM: scan: transition BSS_CHANNEL => FOREIGN_CHANNEL
2026-03-05 11:12:59,707 {2ab0 e502} [ 1295.787637] HSM: scan: transition FOREIGN_CHANNEL => BSS_CHANNEL
2026-03-05 11:12:59,719 <4>Jan 29 06:50:35 BZ2,002722b6662b,v4.3.28.11361: kernel: [ 1295.787637] HSM: scan: transition FOREIGN_CHANNEL => BSS_CHANNEL
2026-03-05 11:13:01,327 {2ab0 e502} [ 1297.407618] HSM: scan: transition BSS_CHANNEL => FOREIGN_CHANNEL
2026-03-05 11:13:01,342 <4>Jan 29 06:50:37 BZ2,002722b6662b,v4.3.28.11361: kernel: [ 1297.407618] HSM: scan: transition BSS_CHANNEL => FOREIGN_CHANNEL
2026-03-05 11:13:01,458 {2ab0 e502} [ 1297.537638] HSM: scan: transition FOREIGN_CHANNEL => BSS_CHANNEL
2026-03-05 11:13:01,468 <4>Jan 29 06:50:37 BZ2,002722b6662b,v4.3.28.11361: kernel: [ 1297.537638] HSM: scan: transition FOREIGN_CHANNEL => BSS_CHANNEL
2026-03-05 11:13:03,077 {2ab0 e502} [ 1299.157619] HSM: scan: transition BSS_CHANNEL => FOREIGN_CHANNEL
2026-03-05 11:13:03,091 <4>Jan 29 06:50:38 BZ2,002722b6662b,v4.3.28.11361: kernel: [ 1299.157619] HSM: scan: transition BSS_CHANNEL => FOREIGN_CHANNEL
2026-03-05 11:13:03,207 {2ab0 e502} [ 1299.287711] HSM: scan: transition FOREIGN_CHANNEL => BSS_CHANNEL
2026-03-05 11:13:03,218 <4>Jan 29 06:50:38 BZ2,002722b6662b,v4.3.28.11361: kernel: [ 1299.287711] HSM: scan: transition FOREIGN_CHANNEL => BSS_CHANNEL
2026-03-05 11:13:04,827 {2ab0 e502} [ 1300.907622] HSM: scan: transition BSS_CHANNEL => FOREIGN_CHANNEL
2026-03-05 11:13:04,841 <4>Jan 29 06:50:40 BZ2,002722b6662b,v4.3.28.11361: kernel: [ 1300.907622] HSM: scan: transition BSS_CHANNEL => FOREIGN_CHANNEL
2026-03-05 11:13:04,962 {2ab0 e502} [ 1301.042481] HSM: scan: transition FOREIGN_CHANNEL => IDLE
2026-03-05 11:13:04,969 <27>Jan 29 06:50:40 BZ2,002722b6662b,v4.3.28.11361: wpa_supplicant[5322]: driver_atheros_event_wireless: scan result event - SIOCGIWSCAN
2026-03-05 11:13:04,970 <4>Jan 29 06:50:40 BZ2,002722b6662b,v4.3.28.11361: kernel: [ 1301.042481] HSM: scan: transition FOREIGN_CHANNEL => IDLE
2026-03-05 11:13:05,991 {2ab0 e502} [ 1302.071625] HSM: scan: transition IDLE => BSS_CHANNEL
2026-03-05 11:13:05,998 <4>Jan 29 06:50:41 BZ2,002722b6662b,v4.3.28.11361: kernel: [ 1302.071625] HSM: scan: transition IDLE => BSS_CHANNEL
2026-03-05 11:13:06,467 {2ab0 e502} [ 1302.547617] HSM: scan: transition BSS_CHANNEL => FOREIGN_CHANNEL
2026-03-05 11:13:06,481 <4>Jan 29 06:50:42 BZ2,002722b6662b,v4.3.28.11361: kernel: [ 1302.547617] HSM: scan: transition BSS_CHANNEL => FOREIGN_CHANNEL
2026-03-05 11:13:06,597 {2ab0 e502} [ 1302.677633] HSM: scan: transition FOREIGN_CHANNEL => BSS_CHANNEL
2026-03-05 11:13:06,611 <4>Jan 29 06:50:42 BZ2,002722b6662b,v4.3.28.11361: kernel: [ 1302.677633] HSM: scan: transition FOREIGN_CHANNEL => BSS_CHANNEL
2026-03-05 11:13:08,227 {2ab0 e502} [ 1304.307620] HSM: scan: transition BSS_CHANNEL => FOREIGN_CHANNEL
2026-03-05 11:13:08,241 <4>Jan 29 06:50:43 BZ2,002722b6662b,v4.3.28.11361: kernel: [ 1304.307620] HSM: scan: transition BSS_CHANNEL => FOREIGN_CHANNEL
2026-03-05 11:13:08,357 {2ab0 e502} [ 1304.437688] HSM: scan: transition FOREIGN_CHANNEL => BSS_CHANNEL
2026-03-05 11:13:08,368 <4>Jan 29 06:50:44 BZ2,002722b6662b,v4.3.28.11361: kernel: [ 1304.437688] HSM: scan: transition FOREIGN_CHANNEL => BSS_CHANNEL
2026-03-05 11:13:09,977 {2ab0 e502} [ 1306.057620] HSM: scan: transition BSS_CHANNEL => FOREIGN_CHANNEL
2026-03-05 11:13:09,991 <4>Jan 29 06:50:45 BZ2,002722b6662b,v4.3.28.11361: kernel: [ 1306.057620] HSM: scan: transition BSS_CHANNEL => FOREIGN_CHANNEL
2026-03-05 11:13:10,107 {2ab0 e502} [ 1306.187656] HSM: scan: transition FOREIGN_CHANNEL => BSS_CHANNEL
2026-03-05 11:13:10,118 <4>Jan 29 06:50:45 BZ2,002722b6662b,v4.3.28.11361: kernel: [ 1306.187656] HSM: scan: transition FOREIGN_CHANNEL => BSS_CHANNEL
2026-03-05 11:13:11,727 {2ab0 e502} [ 1307.807623] HSM: scan: transition BSS_CHANNEL => FOREIGN_CHANNEL
2026-03-05 11:13:11,741 <4>Jan 29 06:50:47 BZ2,002722b6662b,v4.3.28.11361: kernel: [ 1307.807623] HSM: scan: transition BSS_CHANNEL => FOREIGN_CHANNEL
2026-03-05 11:13:11,857 {2ab0 e502} [ 1307.937642] HSM: scan: transition FOREIGN_CHANNEL => BSS_CHANNEL
2026-03-05 11:13:11,868 <4>Jan 29 06:50:47 BZ2,002722b6662b,v4.3.28.11361: kernel: [ 1307.937642] HSM: scan: transition FOREIGN_CHANNEL => BSS_CHANNEL
2026-03-05 11:13:12,544 <11>Jan 29 06:50:48 BZ2,002722b6662b,v4.3.28.11361: : uplink-monitor[4697]: uplink-monitor.get_link_info(): uplink addr is null
2026-03-05 11:13:13,477 {2ab0 e502} [ 1309.557627] HSM: scan: transition BSS_CHANNEL => FOREIGN_CHANNEL
2026-03-05 11:13:13,491 <4>Jan 29 06:50:49 BZ2,002722b6662b,v4.3.28.11361: kernel: [ 1309.557627] HSM: scan: transition BSS_CHANNEL => FOREIGN_CHANNEL
2026-03-05 11:13:13,607 {2ab0 e502} [ 1309.687737] HSM: scan: transition FOREIGN_CHANNEL => BSS_CHANNEL
2026-03-05 11:13:13,618 <4>Jan 29 06:50:49 BZ2,002722b6662b,v4.3.28.11361: kernel: [ 1309.687737] HSM: scan: transition FOREIGN_CHANNEL => BSS_CHANNEL
2026-03-05 11:13:15,227 {2ab0 e502} [ 1311.307619] HSM: scan: transition BSS_CHANNEL => FOREIGN_CHANNEL
2026-03-05 11:13:15,241 <4>Jan 29 06:50:50 BZ2,002722b6662b,v4.3.28.11361: kernel: [ 1311.307619] HSM: scan: transition BSS_CHANNEL => FOREIGN_CHANNEL
2026-03-05 11:13:15,357 {2ab0 e502} [ 1311.437633] HSM: scan: transition FOREIGN_CHANNEL => BSS_CHANNEL
2026-03-05 11:13:15,368 <4>Jan 29 06:50:51 BZ2,002722b6662b,v4.3.28.11361: kernel: [ 1311.437633] HSM: scan: transition FOREIGN_CHANNEL => BSS_CHANNEL
2026-03-05 11:13:16,977 {2ab0 e502} [ 1313.057630] HSM: scan: transition BSS_CHANNEL => FOREIGN_CHANNEL
2026-03-05 11:13:16,991 <4>Jan 29 06:50:52 BZ2,002722b6662b,v4.3.28.11361: kernel: [ 1313.057630] HSM: scan: transition BSS_CHANNEL => FOREIGN_CHANNEL
2026-03-05 11:13:17,107 {2ab0 e502} [ 1313.187633] HSM: scan: transition FOREIGN_CHANNEL => BSS_CHANNEL
2026-03-05 11:13:17,118 <4>Jan 29 06:50:52 BZ2,002722b6662b,v4.3.28.11361: kernel: [ 1313.187633] HSM: scan: transition FOREIGN_CHANNEL => BSS_CHANNEL
2026-03-05 11:13:18,727 {2ab0 e502} [ 1314.807627] HSM: scan: transition BSS_CHANNEL => FOREIGN_CHANNEL
2026-03-05 11:13:18,741 <4>Jan 29 06:50:54 BZ2,002722b6662b,v4.3.28.11361: kernel: [ 1314.807627] HSM: scan: transition BSS_CHANNEL => FOREIGN_CHANNEL
2026-03-05 11:13:18,857 {2ab0 e502} [ 1314.937637] HSM: scan: transition FOREIGN_CHANNEL => BSS_CHANNEL
2026-03-05 11:13:18,868 <4>Jan 29 06:50:54 BZ2,002722b6662b,v4.3.28.11361: kernel: [ 1314.937637] HSM: scan: transition FOREIGN_CHANNEL => BSS_CHANNEL
2026-03-05 11:13:20,477 {2ab0 e502} [ 1316.557618] HSM: scan: transition BSS_CHANNEL => FOREIGN_CHANNEL
2026-03-05 11:13:20,491 <4>Jan 29 06:50:56 BZ2,002722b6662b,v4.3.28.11361: kernel: [ 1316.557618] HSM: scan: transition BSS_CHANNEL => FOREIGN_CHANNEL
2026-03-05 11:13:20,607 {2ab0 e502} [ 1316.687633] HSM: scan: transition FOREIGN_CHANNEL => BSS_CHANNEL
2026-03-05 11:13:20,618 <4>Jan 29 06:50:56 BZ2,002722b6662b,v4.3.28.11361: kernel: [ 1316.687633] HSM: scan: transition FOREIGN_CHANNEL => BSS_CHANNEL
2026-03-05 11:13:22,227 {2ab0 e502} [ 1318.307620] HSM: scan: transition BSS_CHANNEL => FOREIGN_CHANNEL
2026-03-05 11:13:22,241 <4>Jan 29 06:50:57 BZ2,002722b6662b,v4.3.28.11361: kernel: [ 1318.307620] HSM: scan: transition BSS_CHANNEL => FOREIGN_CHANNEL
2026-03-05 11:13:22,357 {2ab0 e502} [ 1318.437676] HSM: scan: transition FOREIGN_CHANNEL => BSS_CHANNEL
2026-03-05 11:13:22,368 <4>Jan 29 06:50:58 BZ2,002722b6662b,v4.3.28.11361: kernel: [ 1318.437676] HSM: scan: transition FOREIGN_CHANNEL => BSS_CHANNEL
2026-03-05 11:13:23,977 {2ab0 e502} [ 1320.057619] HSM: scan: transition BSS_CHANNEL => FOREIGN_CHANNEL
2026-03-05 11:13:23,991 <4>Jan 29 06:50:59 BZ2,002722b6662b,v4.3.28.11361: kernel: [ 1320.057619] HSM: scan: transition BSS_CHANNEL => FOREIGN_CHANNEL
2026-03-05 11:13:24,107 {2ab0 e502} [ 1320.187639] HSM: scan: transition FOREIGN_CHANNEL => BSS_CHANNEL
2026-03-05 11:13:24,118 <4>Jan 29 06:50:59 BZ2,002722b6662b,v4.3.28.11361: kernel: [ 1320.187639] HSM: scan: transition FOREIGN_CHANNEL => BSS_CHANNEL
2026-03-05 11:13:25,727 {2ab0 e502} [ 1321.807627] HSM: scan: transition BSS_CHANNEL => FOREIGN_CHANNEL
2026-03-05 11:13:25,741 <4>Jan 29 06:51:01 BZ2,002722b6662b,v4.3.28.11361: kernel: [ 1321.807627] HSM: scan: transition BSS_CHANNEL => FOREIGN_CHANNEL
2026-03-05 11:13:25,857 {2ab0 e502} [ 1321.937647] HSM: scan: transition FOREIGN_CHANNEL => BSS_CHANNEL
2026-03-05 11:13:25,869 <4>Jan 29 06:51:01 BZ2,002722b6662b,v4.3.28.11361: kernel: [ 1321.937647] HSM: scan: transition FOREIGN_CHANNEL => BSS_CHANNEL
2026-03-05 11:13:27,477 {2ab0 e502} [ 1323.557611] HSM: scan: transition BSS_CHANNEL => FOREIGN_CHANNEL
2026-03-05 11:13:27,491 <4>Jan 29 06:51:03 BZ2,002722b6662b,v4.3.28.11361: kernel: [ 1323.557611] HSM: scan: transition BSS_CHANNEL => FOREIGN_CHANNEL
2026-03-05 11:13:27,612 {2ab0 e502} [ 1323.692482] HSM: scan: transition FOREIGN_CHANNEL => IDLE
2026-03-05 11:13:27,620 <27>Jan 29 06:51:03 BZ2,002722b6662b,v4.3.28.11361: wpa_supplicant[5322]: driver_atheros_event_wireless: scan result event - SIOCGIWSCAN
2026-03-05 11:13:27,620 <4>Jan 29 06:51:03 BZ2,002722b6662b,v4.3.28.11361: kernel: [ 1323.692482] HSM: scan: transition FOREIGN_CHANNEL => IDLE
2026-03-05 11:13:27,971 <11>Jan 29 06:51:03 BZ2,002722b6662b,v4.3.28.11361: : uplink-monitor[4697]: uplink-monitor.get_link_info(): uplink addr is null
2026-03-05 11:13:28,641 {2ab0 e502} [ 1324.721630] HSM: scan: transition IDLE => BSS_CHANNEL
2026-03-05 11:13:28,648 <4>Jan 29 06:51:04 BZ2,002722b6662b,v4.3.28.11361: kernel: [ 1324.721630] HSM: scan: transition IDLE => BSS_CHANNEL
2026-03-05 11:13:29,118 {2ab0 e502} [ 1325.197619] HSM: scan: transition BSS_CHANNEL => FOREIGN_CHANNEL
2026-03-05 11:13:29,131 <4>Jan 29 06:51:04 BZ2,002722b6662b,v4.3.28.11361: kernel: [ 1325.197619] HSM: scan: transition BSS_CHANNEL => FOREIGN_CHANNEL
2026-03-05 11:13:29,247 {2ab0 e502} [ 1325.327643] HSM: scan: transition FOREIGN_CHANNEL => BSS_CHANNEL
2026-03-05 11:13:29,261 <4>Jan 29 06:51:05 BZ2,002722b6662b,v4.3.28.11361: kernel: [ 1325.327643] HSM: scan: transition FOREIGN_CHANNEL => BSS_CHANNEL
2026-03-05 11:13:30,877 {2ab0 e502} [ 1326.957931] HSM: scan: transition BSS_CHANNEL => FOREIGN_CHANNEL
2026-03-05 11:13:30,892 <4>Jan 29 06:51:06 BZ2,002722b6662b,v4.3.28.11361: kernel: [ 1326.957931] HSM: scan: transition BSS_CHANNEL => FOREIGN_CHANNEL
2026-03-05 11:13:31,007 {2ab0 e502} [ 1327.087716] HSM: scan: transition FOREIGN_CHANNEL => BSS_CHANNEL
2026-03-05 11:13:31,018 <4>Jan 29 06:51:06 BZ2,002722b6662b,v4.3.28.11361: kernel: [ 1327.087716] HSM: scan: transition FOREIGN_CHANNEL => BSS_CHANNEL
2026-03-05 11:13:32,627 {2ab0 e502} [ 1328.707618] HSM: scan: transition BSS_CHANNEL => FOREIGN_CHANNEL
2026-03-05 11:13:32,641 <4>Jan 29 06:51:08 BZ2,002722b6662b,v4.3.28.11361: kernel: [ 1328.707618] HSM: scan: transition BSS_CHANNEL => FOREIGN_CHANNEL
2026-03-05 11:13:32,757 {2ab0 e502} [ 1328.837631] HSM: scan: transition FOREIGN_CHANNEL => BSS_CHANNEL
2026-03-05 11:13:32,768 <4>Jan 29 06:51:08 BZ2,002722b6662b,v4.3.28.11361: kernel: [ 1328.837631] HSM: scan: transition FOREIGN_CHANNEL => BSS_CHANNEL
2026-03-05 11:13:34,377 {2ab0 e502} [ 1330.457619] HSM: scan: transition BSS_CHANNEL => FOREIGN_CHANNEL
2026-03-05 11:13:34,391 <4>Jan 29 06:51:10 BZ2,002722b6662b,v4.3.28.11361: kernel: [ 1330.457619] HSM: scan: transition BSS_CHANNEL => FOREIGN_CHANNEL
2026-03-05 11:13:34,507 {2ab0 e502} [ 1330.587636] HSM: scan: transition FOREIGN_CHANNEL => BSS_CHANNEL
2026-03-05 11:13:34,519 <4>Jan 29 06:51:10 BZ2,002722b6662b,v4.3.28.11361: kernel: [ 1330.587636] HSM: scan: transition FOREIGN_CHANNEL => BSS_CHANNEL
2026-03-05 11:13:36,128 {2ab0 e502} [ 1332.207619] HSM: scan: transition BSS_CHANNEL => FOREIGN_CHANNEL
2026-03-05 11:13:36,141 <4>Jan 29 06:51:11 BZ2,002722b6662b,v4.3.28.11361: kernel: [ 1332.207619] HSM: scan: transition BSS_CHANNEL => FOREIGN_CHANNEL
2026-03-05 11:13:36,257 {2ab0 e502} [ 1332.337629] HSM: scan: transition FOREIGN_CHANNEL => BSS_CHANNEL
2026-03-05 11:13:36,269 <4>Jan 29 06:51:12 BZ2,002722b6662b,v4.3.28.11361: kernel: [ 1332.337629] HSM: scan: transition FOREIGN_CHANNEL => BSS_CHANNEL
2026-03-05 11:13:37,878 {2ab0 e502} [ 1333.957611] HSM: scan: transition BSS_CHANNEL => FOREIGN_CHANNEL
2026-03-05 11:13:37,891 <4>Jan 29 06:51:13 BZ2,002722b6662b,v4.3.28.11361: kernel: [ 1333.957611] HSM: scan: transition BSS_CHANNEL => FOREIGN_CHANNEL
2026-03-05 11:13:38,008 {2ab0 e502} [ 1334.087632] HSM: scan: transition FOREIGN_CHANNEL => BSS_CHANNEL
2026-03-05 11:13:38,019 <4>Jan 29 06:51:13 BZ2,002722b6662b,v4.3.28.11361: kernel: [ 1334.087632] HSM: scan: transition FOREIGN_CHANNEL => BSS_CHANNEL
2026-03-05 11:13:39,627 {2ab0 e502} [ 1335.707626] HSM: scan: transition BSS_CHANNEL => FOREIGN_CHANNEL
2026-03-05 11:13:39,641 <4>Jan 29 06:51:15 BZ2,002722b6662b,v4.3.28.11361: kernel: [ 1335.707626] HSM: scan: transition BSS_CHANNEL => FOREIGN_CHANNEL
2026-03-05 11:13:39,757 {2ab0 e502} [ 1335.837628] HSM: scan: transition FOREIGN_CHANNEL => BSS_CHANNEL
2026-03-05 11:13:39,769 <4>Jan 29 06:51:15 BZ2,002722b6662b,v4.3.28.11361: kernel: [ 1335.837628] HSM: scan: transition FOREIGN_CHANNEL => BSS_CHANNEL
2026-03-05 11:13:41,377 {2ab0 e502} [ 1337.457632] HSM: scan: transition BSS_CHANNEL => FOREIGN_CHANNEL
2026-03-05 11:13:41,391 <4>Jan 29 06:51:17 BZ2,002722b6662b,v4.3.28.11361: kernel: [ 1337.457632] HSM: scan: transition BSS_CHANNEL => FOREIGN_CHANNEL
2026-03-05 11:13:41,507 {2ab0 e502} [ 1337.587632] HSM: scan: transition FOREIGN_CHANNEL => BSS_CHANNEL
2026-03-05 11:13:41,519 <4>Jan 29 06:51:17 BZ2,002722b6662b,v4.3.28.11361: kernel: [ 1337.587632] HSM: scan: transition FOREIGN_CHANNEL => BSS_CHANNEL
2026-03-05 11:13:43,127 {2ab0 e502} [ 1339.207623] HSM: scan: transition BSS_CHANNEL => FOREIGN_CHANNEL
2026-03-05 11:13:43,141 <4>Jan 29 06:51:18 BZ2,002722b6662b,v4.3.28.11361: kernel: [ 1339.207623] HSM: scan: transition BSS_CHANNEL => FOREIGN_CHANNEL
2026-03-05 11:13:43,258 {2ab0 e502} [ 1339.337634] HSM: scan: transition FOREIGN_CHANNEL => BSS_CHANNEL
2026-03-05 11:13:43,269 <4>Jan 29 06:51:19 BZ2,002722b6662b,v4.3.28.11361: kernel: [ 1339.337634] HSM: scan: transition FOREIGN_CHANNEL => BSS_CHANNEL
2026-03-05 11:13:43,633 <11>Jan 29 06:51:19 BZ2,002722b6662b,v4.3.28.11361: : uplink-monitor[4697]: uplink-monitor.get_link_info(): uplink addr is null
2026-03-05 11:13:44,878 {2ab0 e502} [ 1340.957637] HSM: scan: transition BSS_CHANNEL => FOREIGN_CHANNEL
2026-03-05 11:13:44,891 <4>Jan 29 06:51:20 BZ2,002722b6662b,v4.3.28.11361: kernel: [ 1340.957637] HSM: scan: transition BSS_CHANNEL => FOREIGN_CHANNEL
2026-03-05 11:13:45,007 {2ab0 e502} [ 1341.087637] HSM: scan: transition FOREIGN_CHANNEL => BSS_CHANNEL
2026-03-05 11:13:45,019 <4>Jan 29 06:51:20 BZ2,002722b6662b,v4.3.28.11361: kernel: [ 1341.087637] HSM: scan: transition FOREIGN_CHANNEL => BSS_CHANNEL
2026-03-05 11:13:46,627 {2ab0 e502} [ 1342.707620] HSM: scan: transition BSS_CHANNEL => FOREIGN_CHANNEL
2026-03-05 11:13:46,641 <4>Jan 29 06:51:22 BZ2,002722b6662b,v4.3.28.11361: kernel: [ 1342.707620] HSM: scan: transition BSS_CHANNEL => FOREIGN_CHANNEL
2026-03-05 11:13:46,757 {2ab0 e502} [ 1342.837690] HSM: scan: transition FOREIGN_CHANNEL => BSS_CHANNEL
2026-03-05 11:13:46,768 <4>Jan 29 06:51:22 BZ2,002722b6662b,v4.3.28.11361: kernel: [ 1342.837690] HSM: scan: transition FOREIGN_CHANNEL => BSS_CHANNEL
2026-03-05 11:13:48,378 {2ab0 e502} [ 1344.457634] HSM: scan: transition BSS_CHANNEL => FOREIGN_CHANNEL
2026-03-05 11:13:48,391 <4>Jan 29 06:51:24 BZ2,002722b6662b,v4.3.28.11361: kernel: [ 1344.457634] HSM: scan: transition BSS_CHANNEL => FOREIGN_CHANNEL
2026-03-05 11:13:48,508 {2ab0 e502} [ 1344.587683] HSM: scan: transition FOREIGN_CHANNEL => BSS_CHANNEL
2026-03-05 11:13:48,519 <4>Jan 29 06:51:24 BZ2,002722b6662b,v4.3.28.11361: kernel: [ 1344.587683] HSM: scan: transition FOREIGN_CHANNEL => BSS_CHANNEL
2026-03-05 11:13:50,128 {2ab0 e502} [ 1346.207619] HSM: scan: transition BSS_CHANNEL => FOREIGN_CHANNEL
2026-03-05 11:13:50,141 <4>Jan 29 06:51:25 BZ2,002722b6662b,v4.3.28.11361: kernel: [ 1346.207619] HSM: scan: transition BSS_CHANNEL => FOREIGN_CHANNEL
2026-03-05 11:13:50,263 {2ab0 e502} [ 1346.342480] HSM: scan: transition FOREIGN_CHANNEL => IDLE
2026-03-05 11:13:50,270 <27>Jan 29 06:51:26 BZ2,002722b6662b,v4.3.28.11361: wpa_supplicant[5322]: driver_atheros_event_wireless: scan result event - SIOCGIWSCAN
2026-03-05 11:13:50,271 <4>Jan 29 06:51:26 BZ2,002722b6662b,v4.3.28.11361: kernel: [ 1346.342480] HSM: scan: transition FOREIGN_CHANNEL => IDLE
2026-03-05 11:13:51,292 {2ab0 e502} [ 1347.371615] HSM: scan: transition IDLE => BSS_CHANNEL
2026-03-05 11:13:51,298 <4>Jan 29 06:51:27 BZ2,002722b6662b,v4.3.28.11361: kernel: [ 1347.371615] HSM: scan: transition IDLE => BSS_CHANNEL
2026-03-05 11:13:51,768 {2ab0 e502} [ 1347.847647] HSM: scan: transition BSS_CHANNEL => FOREIGN_CHANNEL
2026-03-05 11:13:51,781 <4>Jan 29 06:51:27 BZ2,002722b6662b,v4.3.28.11361: kernel: [ 1347.847647] HSM: scan: transition BSS_CHANNEL => FOREIGN_CHANNEL
2026-03-05 11:13:51,898 {2ab0 e502} [ 1347.977628] HSM: scan: transition FOREIGN_CHANNEL => BSS_CHANNEL
2026-03-05 11:13:51,912 <4>Jan 29 06:51:27 BZ2,002722b6662b,v4.3.28.11361: kernel: [ 1347.977628] HSM: scan: transition FOREIGN_CHANNEL => BSS_CHANNEL
2026-03-05 11:13:53,528 {2ab0 e502} [ 1349.607619] HSM: scan: transition BSS_CHANNEL => FOREIGN_CHANNEL
2026-03-05 11:13:53,542 <4>Jan 29 06:51:29 BZ2,002722b6662b,v4.3.28.11361: kernel: [ 1349.607619] HSM: scan: transition BSS_CHANNEL => FOREIGN_CHANNEL
2026-03-05 11:13:53,658 {2ab0 e502} [ 1349.737635] HSM: scan: transition FOREIGN_CHANNEL => BSS_CHANNEL
2026-03-05 11:13:53,669 <4>Jan 29 06:51:29 BZ2,002722b6662b,v4.3.28.11361: kernel: [ 1349.737635] HSM: scan: transition FOREIGN_CHANNEL => BSS_CHANNEL
2026-03-05 11:13:55,278 {2ab0 e502} [ 1351.357619] HSM: scan: transition BSS_CHANNEL => FOREIGN_CHANNEL
2026-03-05 11:13:55,291 <4>Jan 29 06:51:31 BZ2,002722b6662b,v4.3.28.11361: kernel: [ 1351.357619] HSM: scan: transition BSS_CHANNEL => FOREIGN_CHANNEL
2026-03-05 11:13:55,408 {2ab0 e502} [ 1351.487631] HSM: scan: transition FOREIGN_CHANNEL => BSS_CHANNEL
2026-03-05 11:13:55,419 <4>Jan 29 06:51:31 BZ2,002722b6662b,v4.3.28.11361: kernel: [ 1351.487631] HSM: scan: transition FOREIGN_CHANNEL => BSS_CHANNEL
2026-03-05 11:13:57,029 {2ab0 e502} [ 1353.107625] HSM: scan: transition BSS_CHANNEL => FOREIGN_CHANNEL
2026-03-05 11:13:57,041 <4>Jan 29 06:51:32 BZ2,002722b6662b,v4.3.28.11361: kernel: [ 1353.107625] HSM: scan: transition BSS_CHANNEL => FOREIGN_CHANNEL
2026-03-05 11:13:57,158 {2ab0 e502} [ 1353.237634] HSM: scan: transition FOREIGN_CHANNEL => BSS_CHANNEL
2026-03-05 11:13:57,169 <4>Jan 29 06:51:32 BZ2,002722b6662b,v4.3.28.11361: kernel: [ 1353.237634] HSM: scan: transition FOREIGN_CHANNEL => BSS_CHANNEL
2026-03-05 11:13:58,778 {2ab0 e502} [ 1354.857620] HSM: scan: transition BSS_CHANNEL => FOREIGN_CHANNEL
2026-03-05 11:13:58,791 <4>Jan 29 06:51:34 BZ2,002722b6662b,v4.3.28.11361: kernel: [ 1354.857620] HSM: scan: transition BSS_CHANNEL => FOREIGN_CHANNEL
2026-03-05 11:13:58,908 {2ab0 e502} [ 1354.987633] HSM: scan: transition FOREIGN_CHANNEL => BSS_CHANNEL
2026-03-05 11:13:58,919 <4>Jan 29 06:51:34 BZ2,002722b6662b,v4.3.28.11361: kernel: [ 1354.987633] HSM: scan: transition FOREIGN_CHANNEL => BSS_CHANNEL
2026-03-05 11:13:59,060 <11>Jan 29 06:51:34 BZ2,002722b6662b,v4.3.28.11361: : uplink-monitor[4697]: uplink-monitor.get_link_info(): uplink addr is null
2026-03-05 11:14:00,528 {2ab0 e502} [ 1356.607619] HSM: scan: transition BSS_CHANNEL => FOREIGN_CHANNEL
2026-03-05 11:14:00,541 <4>Jan 29 06:51:36 BZ2,002722b6662b,v4.3.28.11361: kernel: [ 1356.607619] HSM: scan: transition BSS_CHANNEL => FOREIGN_CHANNEL
2026-03-05 11:14:00,658 {2ab0 e502} [ 1356.737625] HSM: scan: transition FOREIGN_CHANNEL => BSS_CHANNEL
2026-03-05 11:14:00,669 <4>Jan 29 06:51:36 BZ2,002722b6662b,v4.3.28.11361: kernel: [ 1356.737625] HSM: scan: transition FOREIGN_CHANNEL => BSS_CHANNEL
2026-03-05 11:14:02,278 {2ab0 e502} [ 1358.357619] HSM: scan: transition BSS_CHANNEL => FOREIGN_CHANNEL
2026-03-05 11:14:02,291 <4>Jan 29 06:51:38 BZ2,002722b6662b,v4.3.28.11361: kernel: [ 1358.357619] HSM: scan: transition BSS_CHANNEL => FOREIGN_CHANNEL
2026-03-05 11:14:02,408 {2ab0 e502} [ 1358.487630] HSM: scan: transition FOREIGN_CHANNEL => BSS_CHANNEL
2026-03-05 11:14:02,419 <4>Jan 29 06:51:38 BZ2,002722b6662b,v4.3.28.11361: kernel: [ 1358.487630] HSM: scan: transition FOREIGN_CHANNEL => BSS_CHANNEL
2026-03-05 11:14:04,028 {2ab0 e502} [ 1360.107611] HSM: scan: transition BSS_CHANNEL => FOREIGN_CHANNEL
2026-03-05 11:14:04,042 <4>Jan 29 06:51:39 BZ2,002722b6662b,v4.3.28.11361: kernel: [ 1360.107611] HSM: scan: transition BSS_CHANNEL => FOREIGN_CHANNEL
2026-03-05 11:14:04,158 {2ab0 e502} [ 1360.237635] HSM: scan: transition FOREIGN_CHANNEL => BSS_CHANNEL
2026-03-05 11:14:04,169 <4>Jan 29 06:51:39 BZ2,002722b6662b,v4.3.28.11361: kernel: [ 1360.237635] HSM: scan: transition FOREIGN_CHANNEL => BSS_CHANNEL
2026-03-05 11:14:05,778 {2ab0 e502} [ 1361.857679] HSM: scan: transition BSS_CHANNEL => FOREIGN_CHANNEL
2026-03-05 11:14:05,792 <4>Jan 29 06:51:41 BZ2,002722b6662b,v4.3.28.11361: kernel: [ 1361.857679] HSM: scan: transition BSS_CHANNEL => FOREIGN_CHANNEL
2026-03-05 11:14:05,908 {2ab0 e502} [ 1361.987674] HSM: scan: transition FOREIGN_CHANNEL => BSS_CHANNEL
2026-03-05 11:14:05,918 <4>Jan 29 06:51:41 BZ2,002722b6662b,v4.3.28.11361: kernel: [ 1361.987674] HSM: scan: transition FOREIGN_CHANNEL => BSS_CHANNEL
2026-03-05 11:14:07,530 {2ab0 e502} [ 1363.607619] HSM: scan: transition BSS_CHANNEL => FOREIGN_CHANNEL
2026-03-05 11:14:07,542 <4>Jan 29 06:51:43 BZ2,002722b6662b,v4.3.28.11361: kernel: [ 1363.607619] HSM: scan: transition BSS_CHANNEL => FOREIGN_CHANNEL
2026-03-05 11:14:07,658 {2ab0 e502} [ 1363.737662] HSM: scan: transition FOREIGN_CHANNEL => BSS_CHANNEL
2026-03-05 11:14:07,670 <4>Jan 29 06:51:43 BZ2,002722b6662b,v4.3.28.11361: kernel: [ 1363.737662] HSM: scan: transition FOREIGN_CHANNEL => BSS_CHANNEL
2026-03-05 11:14:09,278 {2ab0 e502} [ 1365.357617] HSM: scan: transition BSS_CHANNEL => FOREIGN_CHANNEL
2026-03-05 11:14:09,292 <4>Jan 29 06:51:45 BZ2,002722b6662b,v4.3.28.11361: kernel: [ 1365.357617] HSM: scan: transition BSS_CHANNEL => FOREIGN_CHANNEL
